state,city,date,aqi,pm2.5,pm10,no2,so2,o3
Delhi,New Delhi,02-01-2015,231,273.52,42.48,179.12,66.03,188.79
Delhi,New Delhi,07-01-2015,337,285.68,165.14,94.14,4.89,13.75
Delhi,New Delhi,11-01-2015,221,172.27,100.36,47.35,1.06,86.43
Delhi,New Delhi,18-01-2015,218,149.78,346.05,30.35,97.46,59
Delhi,New Delhi,20-01-2015,301,155.13,389.7,19.27,15.85,168.83
Delhi,New Delhi,21-01-2015,417,258.58,178.07,176.73,12.29,189.7
Delhi,New Delhi,23-01-2015,281,69.7,131.965,147.945,41.195,49.83
Delhi,New Delhi,29-01-2015,144,143.08,297.54,115.47,41.37,81.92
Delhi,New Delhi,31-01-2015,236.5,100.45,218.395,120.925,24.44,102.035
Delhi,New Delhi,01-02-2015,102,188.45,371.75,90.87,86.49,194.82
Delhi,New Delhi,02-02-2015,391,236.55,78.73,35.48,24.62,119.71
Delhi,New Delhi,04-02-2015,269,107.21,14.2,82.15,44.94,134.69
Delhi,New Delhi,08-02-2015,253,126.33,114.3,144.96,51.46,59.49
Delhi,New Delhi,13-02-2015,62,246.92,134.38,187.95,42.37,107.3
Delhi,New Delhi,16-02-2015,90,231.86,48.11,32.95,90.45,21.39
Delhi,New Delhi,17-02-2015,136,186.6,107.505,96.71,42.115,108.295
Delhi,New Delhi,20-02-2015,139,115.73,385.03,55.62,49.64,27.88
Delhi,New Delhi,24-02-2015,446,210.39,348.52,98.08,37.71,44.89
Delhi,New Delhi,25-02-2015,281,296.95,130.37,152.85,8.38,58.14
Delhi,New Delhi,26-02-2015,341,249.34,160.97,16.36,87.48,154.84
Delhi,New Delhi,27-02-2015,385,225.56,245.85,137.37,62.67,183.42
Delhi,New Delhi,04-03-2015,286,199.105,329.94,92.22,36.965,73.96
Delhi,New Delhi,08-03-2015,169,251.25,184.54,89.55,94.02,20.13
Delhi,New Delhi,10-03-2015,257.5,87.035,217.585,114.8,58.845,110.71
Delhi,New Delhi,17-03-2015,105,260.25,337.05,0.02,82.1,36.21
Delhi,New Delhi,20-03-2015,475,62.36,102.71,33.5,93.7,35.51
Delhi,New Delhi,27-03-2015,38,31.9,339.33,172.67,50.35,75.14
Delhi,New Delhi,29-03-2015,107,152.16,251.82,115.11,13.5,164.96
Delhi,New Delhi,30-03-2015,470,261.47,275.96,88.73,26.42,0.08
Delhi,New Delhi,31-03-2015,158,104.48,378.3,97.67,43.02,158.22
Delhi,New Delhi,04-04-2015,486,123.77,364.68,66.78,9.95,145.46
Delhi,New Delhi,06-04-2015,134,112.12,235.54,63.03,6.24,193.99
Delhi,New Delhi,08-04-2015,133,113.02,315.2,160.815,64.015,104.2
Delhi,New Delhi,09-04-2015,161,44.65,301.74,138.62,26.86,96.32
Delhi,New Delhi,10-04-2015,108,65.7,4.25,197.4,51.7,110.42
Delhi,New Delhi,19-04-2015,428,256.95,153.65,37.72,55.57,80.45
Delhi,New Delhi,29-04-2015,298,101.64,297.88,95.74,53.15,197.18
Delhi,New Delhi,01-05-2015,409.5,209.655,77.24,151.435,74.78,137.675
Delhi,New Delhi,02-05-2015,461,219.43,16.6,101.27,47.6,74.33
Delhi,New Delhi,03-05-2015,423,15.5,321.46,154.28,98.53,24.04
Delhi,New Delhi,06-05-2015,115,30.84,243.59,2.47,78.9,174.5
Delhi,New Delhi,08-05-2015,41,122.48,304.49,130.28,77.09,50.23
Delhi,New Delhi,13-05-2015,298.5,39.36,279.55,57.325,17.625,96.075
Delhi,New Delhi,14-05-2015,273,217.49,281.53,14.79,75.69,66.54
Delhi,New Delhi,16-05-2015,304,121.53,348.25,124.73,86.49,76.75
Delhi,New Delhi,17-05-2015,219,260.57,242.24,15.04,66.57,111.84
Delhi,New Delhi,18-05-2015,108,92.99,354.57,109.185,75.495,113.27
Delhi,New Delhi,24-05-2015,4,22.61,276.28,85.67,9.8,73.3
Delhi,New Delhi,25-05-2015,209,198.12,311.6,129.91,26.25,115.73
Delhi,New Delhi,30-05-2015,81.5,139.385,210.97,73.67,20.57,63.545
Delhi,New Delhi,09-06-2015,233,76.92,55.47,75.07,87.25,160.93
Delhi,New Delhi,13-06-2015,479,85.42,339.28,149.2,89.53,108.46
Delhi,New Delhi,17-06-2015,393,162.36,101.85,182.52,61.9,144.92
Delhi,New Delhi,18-06-2015,229,127.88,183.75,133.36,29.47,172.18
Delhi,New Delhi,19-06-2015,383.5,90.57,193.605,139.735,51.11,114.81
Delhi,New Delhi,23-06-2015,333,182.53,99.86,134.87,81.16,137.47
Delhi,New Delhi,24-06-2015,420.5,148.96,230.84,58.6,47.655,103.26
Delhi,New Delhi,25-06-2015,189,229.02,310.29,149.835,59.5,78.84
Delhi,New Delhi,03-07-2015,287,82.9,36.68,107.87,94.75,178.48
Delhi,New Delhi,04-07-2015,186,115.42,328.13,148.41,99.78,111.24
Delhi,New Delhi,06-07-2015,372,249.23,379.47,22.92,53.87,19.9
Delhi,New Delhi,10-07-2015,216,69.94,52.75,150.62,60.9,193.09
Delhi,New Delhi,12-07-2015,199,59.39,102.06,78.37,55.07,39.05
Delhi,New Delhi,13-07-2015,57,131.21,355.8,121.94,16.24,188.18
Delhi,New Delhi,15-07-2015,201,185.14,278.3,95.31,33.36,60.07
Delhi,New Delhi,20-07-2015,154,57.02,361.85,147.05,41.18,12.11
Delhi,New Delhi,23-07-2015,157,27.91,114.63,168.6,65.01,13.39
Delhi,New Delhi,26-07-2015,80,235.52,196.32,44.82,50.93,6.6
Delhi,New Delhi,31-07-2015,478,103.33,113.33,14.88,44.82,132.88
Delhi,New Delhi,03-08-2015,289,33.87,347.45,196.72,69.71,178.47
Delhi,New Delhi,04-08-2015,6,195.81,59.38,71.37,63.09,133.95
Delhi,New Delhi,08-08-2015,33,207.17,230.36,175.28,62.21,188.66
Delhi,New Delhi,14-08-2015,67,133.74,94.73,54.58,48.98,161.1
Delhi,New Delhi,17-08-2015,157,146.95,35.05,164.43,39.59,158.72
Delhi,New Delhi,18-08-2015,114,156.47,141.48,101.76,91.91,79.6
Delhi,New Delhi,23-08-2015,157,16.64,254.54,65.52,12.2,33.41
Delhi,New Delhi,28-08-2015,355,78.33,164.2,153.98,11.46,187.46
Delhi,New Delhi,04-09-2015,327,148.52,204.25,55.17,33.33,147.07
Delhi,New Delhi,08-09-2015,296,67.54,352.26,1.19,85.94,70.89
Delhi,New Delhi,10-09-2015,324,164.71,318.3,20.275,78.435,132.92
Delhi,New Delhi,14-09-2015,365,278.61,273.23,10.34,19.3,48.43
Delhi,New Delhi,15-09-2015,420,162.91,130.16,195.21,44.86,105.6
Delhi,New Delhi,19-09-2015,32,42.88,155.19,136.63,98.67,175.07
Delhi,New Delhi,20-09-2015,279,206.14,31.4,112.38,49.52,5.97
Delhi,New Delhi,23-09-2015,110,122.55,124.385,49.75,9.59,81.64
Delhi,New Delhi,24-09-2015,256,50.79,119.77,101.6,36.93,19.67
Delhi,New Delhi,26-09-2015,466,85.66,132.81,4.26,17.9,128.71
Delhi,New Delhi,30-09-2015,179,276.93,370.7,19.52,5.29,16.42
Delhi,New Delhi,03-10-2015,37,112.78,351.96,14.14,19.32,56.04
Delhi,New Delhi,08-10-2015,312,96.975,256.27,148.03,77.75,70.6
Delhi,New Delhi,10-10-2015,278,279.91,72.06,103.92,69.01,36.95
Delhi,New Delhi,11-10-2015,368,167.29,131.39,149.84,9.58,162.14
Delhi,New Delhi,14-10-2015,331,61.5,108.63,177.42,38.85,83.12
Delhi,New Delhi,16-10-2015,225,279.16,189.63,89.86,24.43,165.83
Delhi,New Delhi,19-10-2015,448,45.54,257.92,51.67,31.13,121.89
Delhi,New Delhi,21-10-2015,143,162.08,13.62,176.31,19.77,119.89
Delhi,New Delhi,24-10-2015,297,235.97,216.62,34.86,33.47,164.34
Delhi,New Delhi,25-10-2015,264,23.86,230.23,120.37,49.73,36.45
Delhi,New Delhi,26-10-2015,218.5,229.255,208.96,102.15,66.715,62.6
Delhi,New Delhi,28-10-2015,7,180.77,22.6,171.42,76.03,112.62
Delhi,New Delhi,05-11-2015,9,291.04,355.61,84.91,58.25,16.89
Delhi,New Delhi,08-11-2015,155,240.22,395.72,74.62,70.91,39.93
Delhi,New Delhi,09-11-2015,258,211.27,139.23,9.24,96.07,179.91
Delhi,New Delhi,17-11-2015,45,210.47,244.15,130.76,87.69,175.08
Delhi,New Delhi,27-11-2015,384,39.4,4.52,33.88,15.1,173.68
Delhi,New Delhi,01-12-2015,262,112.31,129.14,67.72,84.5,51.4
Delhi,New Delhi,02-12-2015,292,21.88,3.33,140.35,59.13,148.23
Delhi,New Delhi,05-12-2015,265.5,141.1,256.815,62.105,23.325,78.575
Delhi,New Delhi,06-12-2015,334,45.51,24.22,143.76,2.68,78.3
Delhi,New Delhi,07-12-2015,241,32.98,59.9,135.9,45.365,103.705
Delhi,New Delhi,08-12-2015,34,71.46,90.96,46.25,85.65,7.81
Delhi,New Delhi,10-12-2015,379,203.1,11.19,8.9,74.4,117.27
Delhi,New Delhi,21-12-2015,97,50.33,226.24,43.89,30.26,162.33
Delhi,New Delhi,23-12-2015,22,217.39,343.07,85.86,93.01,95.77
Delhi,New Delhi,24-12-2015,198,86.42,240.43,30.79,82.4,100.41
Delhi,New Delhi,26-12-2015,316,133.52,252.14,109.81,24.48,35.17
Delhi,New Delhi,02-01-2016,93,2.12,18.3,91.69,60.4,75.97
Delhi,New Delhi,04-01-2016,400,100.56,173.28,95,6.16,13.6
Delhi,New Delhi,05-01-2016,270.5,168.49,240.445,94.545,24.825,120.94
Delhi,New Delhi,09-01-2016,382,203.79,210.95,123.27,9.46,169.02
Delhi,New Delhi,13-01-2016,464,156.36,63.04,36.36,33.2,71.31
Delhi,New Delhi,14-01-2016,340,243.24,159.39,11.62,52.79,154.12
Delhi,New Delhi,15-01-2016,260.5,146.735,186.95,74.645,55.66,69.83
Delhi,New Delhi,21-01-2016,272,172.8625,221.255,81.0025,38.645,131.4775
Delhi,New Delhi,23-01-2016,150,219.27,368.85,57.9,81.65,111.94
Delhi,New Delhi,24-01-2016,109,59.36,349.72,47.25,23.32,79.62
Delhi,New Delhi,31-01-2016,389.5,157.29,211.77,65.1,11.51,151.48
Delhi,New Delhi,02-02-2016,475,267.54,184.23,66.52,88.35,45.38
Delhi,New Delhi,03-02-2016,302,47.145,158.105,105.065,58.545,88.785
Delhi,New Delhi,06-02-2016,430.5,143.515,162.305,141.625,21.79,133.15
Delhi,New Delhi,07-02-2016,284,177.46,188.04,51.51,83.87,148.59
Delhi,New Delhi,09-02-2016,500,58.4,32.57,100.24,0.84,125.82
Delhi,New Delhi,13-02-2016,106.5,91.205,248.83,154.34,52.91,146.1
Delhi,New Delhi,18-02-2016,265,53.76,179.4,155.22,88.93,107.45
Delhi,New Delhi,19-02-2016,310,118.86,134.05,180.44,71.42,154.15
Delhi,New Delhi,25-02-2016,398,257.32,11.1,185.89,76.41,175.53
Delhi,New Delhi,28-02-2016,480,180.74,40.49,96.2,59.12,165.82
Delhi,New Delhi,01-03-2016,208,134.96,37.57,181.27,13.33,23.06
Delhi,New Delhi,08-03-2016,98,92.78,202.69,17.44,25.93,82.16
Delhi,New Delhi,11-03-2016,270,195,90.14,16.56,62.3,63.73
Delhi,New Delhi,14-03-2016,223,43.69,228.87,121.31,91.75,2.69
Delhi,New Delhi,16-03-2016,270,77.43,127.35,190.24,79.82,67
Delhi,New Delhi,25-03-2016,98,219.87,279.22,73.71,58.31,163.71
Delhi,New Delhi,08-04-2016,259,269.08,338.93,152.51,84.79,60.13
Delhi,New Delhi,13-04-2016,33,252.19,219.41,152.92,99.19,37.47
Delhi,New Delhi,14-04-2016,151,209.53,132.75,180,67.96,35.84
Delhi,New Delhi,21-04-2016,252.67,96.57,196.75,99.8,49.06,78.41
Delhi,New Delhi,22-04-2016,368,255.46,178.795,183.875,77.275,67.665
Delhi,New Delhi,24-04-2016,198,123.03,236.93,103.5466667,49.77333333,50.06
Delhi,New Delhi,25-04-2016,276,144.7,352.6,25.19,65.32,64.29
Delhi,New Delhi,26-04-2016,4,169.51,127.33,23.3,84.61,145.42
Delhi,New Delhi,04-05-2016,396,186.67,50.84,11.05,38.59,132.72
Delhi,New Delhi,08-05-2016,280,14.97,299.86,99.31,92.33,33.09
Delhi,New Delhi,21-05-2016,235,87.18,254.61,178.93,20.12,129.28
Delhi,New Delhi,29-05-2016,313,242.665,366.235,34.71,36.505,81.34
Delhi,New Delhi,07-06-2016,227,160.205,175.865,22.815,44.035,9.93
Delhi,New Delhi,08-06-2016,63,111.81,46.63,88.53,61.72,91.92
Delhi,New Delhi,13-06-2016,202,73.33,123.55,38.76,82.13,31.96
Delhi,New Delhi,15-06-2016,295,263.99,207.19,163.49,79.76,158.11
Delhi,New Delhi,16-06-2016,210,274.69,306.92,106.9,76.38,76.49
Delhi,New Delhi,22-06-2016,291,19.43,169.51,189.75,45.97,190.16
Delhi,New Delhi,26-06-2016,96,174.86,57.41,18.11,94.75,92.07
Delhi,New Delhi,29-06-2016,144.5,145.235,228.35,103.06,12.405,91.035
Delhi,New Delhi,08-07-2016,16,147.99,143.63,3.8,77.95,45.6
Delhi,New Delhi,09-07-2016,201,39.75,354.39,152.78,22.03,123.65
Delhi,New Delhi,12-07-2016,334,215.28,299.92,60.43,27.23,121.45
Delhi,New Delhi,15-07-2016,50,204.46,68.27,195.44,29.6,3.48
Delhi,New Delhi,16-07-2016,340,57.31,61.61,63.07,36.94,125.87
Delhi,New Delhi,21-07-2016,316,291.46,298.37,143.29,51.23,45.27
Delhi,New Delhi,26-07-2016,150,213.54,247.32,127.26,6.88,64.8
Delhi,New Delhi,28-07-2016,361,223,72.22,191.92,69.89,45.33
Delhi,New Delhi,30-07-2016,253,25.37,36.95,86.18,14.6,78.29
Delhi,New Delhi,04-08-2016,166,288.21,324.94,89.53,2.12,141.37
Delhi,New Delhi,16-08-2016,340,243.15,128.19,62.35,2.81,102.62
Delhi,New Delhi,18-08-2016,10,225.01,288.95,141.44,22.51,34.78
Delhi,New Delhi,19-08-2016,104,210.81,273.95,37.66,77.04,155.62
Delhi,New Delhi,23-08-2016,66,91.55,195.77,150.69,86.91,167.49
Delhi,New Delhi,27-08-2016,296,251.03,321.59,97.145,64.25,22.865
Delhi,New Delhi,30-08-2016,496,173.9,372.74,68.08,81.01,120.57
Delhi,New Delhi,31-08-2016,66,39.78,58.12,2.06,75.06,52.09
Delhi,New Delhi,01-09-2016,35.33333333,176.6866667,190.66,158.6666667,59.28333333,150.2666667
Delhi,New Delhi,03-09-2016,324,87.08,167,10.53,55.59,121.31
Delhi,New Delhi,13-09-2016,389,288,162.86,81.18,77.3,85.19
Delhi,New Delhi,16-09-2016,290.6666667,176.2566667,102.8966667,94.54333333,46.25,129.62
Delhi,New Delhi,18-09-2016,10,194.31,130.77,2,80.84,153.74
Delhi,New Delhi,19-09-2016,381,120.37,114.92,36.51,75.2,199.13
Delhi,New Delhi,20-09-2016,258.5,135.845,188.185,137.46,23.72,105.285
Delhi,New Delhi,24-09-2016,175,182.045,131.065,150.19,74.245,123.83
Delhi,New Delhi,29-09-2016,8,10.19,43.85,47.55,23.79,40.19
Delhi,New Delhi,02-10-2016,405,202.97,109.68,43.94,73.44,53.97
Delhi,New Delhi,06-10-2016,280,275.84,274.44,158.19,51.56,100.99
Delhi,New Delhi,09-10-2016,26,98.83,152.53,139.91,30.42,181.37
Delhi,New Delhi,13-10-2016,86,172.76,283.31,177.99,34.96,2.05
Delhi,New Delhi,14-10-2016,241,184.73,275.91,16.81,56.56,15.46
Delhi,New Delhi,16-10-2016,305,50.58,211.33,75.84,23.34,35
Delhi,New Delhi,18-10-2016,488,49.45,342.76,97.85,38.57,160.17
Delhi,New Delhi,19-10-2016,290.5,207.875,94.85,74.435,52.69,177.045
Delhi,New Delhi,25-10-2016,496,82.79,87.27,20.27,93.54,79.59
Delhi,New Delhi,28-10-2016,220.5,59,289.965,61.86,85.34,179.705
Delhi,New Delhi,30-10-2016,113,159.92,192.315,66.03,22.53,99.355
Delhi,New Delhi,01-11-2016,193,120.24,56.47,57.05,96.13,135.87
Delhi,New Delhi,03-11-2016,31,277.82,7.2,183.12,58.93,38.6
Delhi,New Delhi,08-11-2016,41,261.38,135.03,19.44,32.6,43.74
Delhi,New Delhi,11-11-2016,296,188.65,73.26,135.62,83.53,21.54
Delhi,New Delhi,12-11-2016,44,275.63,293.56,174.15,79.67,33.66
Delhi,New Delhi,18-11-2016,393,278.86,84.33,4.81,63.04,129.71
Delhi,New Delhi,21-11-2016,223,181.8,312.52,149.8,67.79,78.08
Delhi,New Delhi,25-11-2016,361.5,87.75,215.04,137.22,58.825,27.05
Delhi,New Delhi,30-11-2016,159,42.45,147.55,143.84,34.52,79.67
Delhi,New Delhi,01-12-2016,2,157.95,229.73,144.9,65.04,147.48
Delhi,New Delhi,02-12-2016,276,131.92,373.09,85.25,17.79,96.39
Delhi,New Delhi,04-12-2016,210.3333333,120.4633333,260.55,77.5,60.94333333,110.5333333
Delhi,New Delhi,09-12-2016,327,20.61,309.31,125.76,93.87,17.79
Delhi,New Delhi,12-12-2016,281,56.25,15.25,162.95,10.81,3.27
Delhi,New Delhi,14-12-2016,319,96.31,257.5,52.79,42.85,175.62
Delhi,New Delhi,15-12-2016,467,121.58,105.73,159.62,2.52,54.11
Delhi,New Delhi,21-12-2016,335,104.78,187.015,36.69,40.55,105.895
Delhi,New Delhi,25-12-2016,216,184.59,15.62,35.61,19.67,158.26
Delhi,New Delhi,26-12-2016,382,168.92,73.27,16.87,11.23,140.17
Delhi,New Delhi,30-12-2016,428,111.5,70.08,62.97,34.94,65
Delhi,New Delhi,31-12-2016,361,74.06,326.49,77.58,35.78,62.65
Delhi,New Delhi,03-01-2017,475,228.98,191.28,4.58,0.36,147.05
Delhi,New Delhi,04-01-2017,274,259.35,109.85,149.1,26.43,108.48
Delhi,New Delhi,06-01-2017,214,222.02,98.64,12.54,3.41,83.95
Delhi,New Delhi,07-01-2017,327,142.15,71.84,52.03,40.54,169.83
Delhi,New Delhi,09-01-2017,40,94.27,382.97,18.53,54.3,89.28
Delhi,New Delhi,15-01-2017,78,143.21,345.82,86.63,91.42,5.97
Delhi,New Delhi,17-01-2017,457,194.66,80.29,41.16,60.46,114.89
Delhi,New Delhi,19-01-2017,78,20.82,234.38,127.86,87.18,51.3
Delhi,New Delhi,20-01-2017,472,150.72,216.68,55.82,64.78,63.9
Delhi,New Delhi,25-01-2017,348,20.29,122.64,27.11,84.62,123.04
Delhi,New Delhi,30-01-2017,471,57.53,311.54,131.54,71.14,89.18
Delhi,New Delhi,06-02-2017,272,236.39,234.92,4.23,13.54,65.57
Delhi,New Delhi,10-02-2017,56,29.91,367.18,0.38,56.07,137.47
Delhi,New Delhi,13-02-2017,104,182.33,72.68,53.2,7.99,100.24
Delhi,New Delhi,14-02-2017,435,44.34,106.95,15.18,34.92,139.69
Delhi,New Delhi,15-02-2017,14,285.95,121.94,163.74,35.37,57.96
Delhi,New Delhi,17-02-2017,436,41.52,327.13,161.98,54,100.19
Delhi,New Delhi,19-02-2017,367,28.28,228.98,100.35,29,59.52
Delhi,New Delhi,21-02-2017,395,190.14,363.16,111.07,61.34,88.91
Delhi,New Delhi,26-02-2017,161,250.04,154.62,155.02,88.52,191.94
Delhi,New Delhi,27-02-2017,250,57.3,376.62,116.9,71.91,124.63
Delhi,New Delhi,02-03-2017,170,53.21,238.66,144.67,49.38,71.06
Delhi,New Delhi,10-03-2017,30,144.86,266.02,11.75,54.92,120.52
Delhi,New Delhi,16-03-2017,287,30.73,377.3,154.08,43.01,77.93
Delhi,New Delhi,17-03-2017,265,36.08,161.99,50.47,8.97,137.155
Delhi,New Delhi,25-03-2017,346.5,192.74,204.725,180.66,42.31,110.9
Delhi,New Delhi,26-03-2017,82,262.21,318.78,190.09,92.33,109.94
Delhi,New Delhi,27-03-2017,133,284.83,352.19,140,51.8,48.97
Delhi,New Delhi,29-03-2017,172,157.39,120.68,5.43,50.63,43.83
Delhi,New Delhi,13-04-2017,337.5,152.23,63.56,90.585,44.08,12.8
Delhi,New Delhi,14-04-2017,182,32.02,77.42,16.69,69.59,128.75
Delhi,New Delhi,16-04-2017,266,105.125,123.66,51.12,3.295,93.965
Delhi,New Delhi,21-04-2017,61,201.59,370.74,115.97,29.43,123.04
Delhi,New Delhi,23-04-2017,207.5,24.005,91.31,147.655,59.705,84.795
Delhi,New Delhi,24-04-2017,427.5,192.18,352.645,58.3,39.575,154.13
Delhi,New Delhi,01-05-2017,201,72.575,246.66,142.095,47.24,83.485
Delhi,New Delhi,02-05-2017,108,256.57,68,179.56,13.11,130.56
Delhi,New Delhi,03-05-2017,237,147.375,241.175,49.915,12.19,54.755
Delhi,New Delhi,04-05-2017,368,151.48,393.48,16.26,57.66,103.38
Delhi,New Delhi,17-05-2017,184,201.75,42.88,11.95,86.44,189.16
Delhi,New Delhi,21-05-2017,108,141.27,222.03,56.61,70.36,102.96
Delhi,New Delhi,25-05-2017,407,39.67,339.44,18.26,0.98,142.69
Delhi,New Delhi,26-05-2017,10,83.99,33.87,55.52,6.45,28.5
Delhi,New Delhi,17-06-2017,406,223.11,157.34,43.01,35.35,120.45
Delhi,New Delhi,22-06-2017,199.5,223.945,20.63,99.805,7.045,66.165
Delhi,New Delhi,23-06-2017,23,170.41,249.68,90.64,54.4,72.77
Delhi,New Delhi,26-06-2017,292,93.74,253.58,6.78,36.55,127.91
Delhi,New Delhi,30-06-2017,369,1.44,383.97,167.94,15.97,126.43
Delhi,New Delhi,03-07-2017,241,18.83,260.37,185.65,89.97,176.33
Delhi,New Delhi,08-07-2017,259,211.25,143.9,155.47,34.78,43.26
Delhi,New Delhi,09-07-2017,359,177.98,328.6,129.85,85.61,192.53
Delhi,New Delhi,17-07-2017,10,74.82,158.26,151.3,55.29,57.68
Delhi,New Delhi,18-07-2017,427,101.63,100.52,60.93,89.89,21.66
Delhi,New Delhi,23-07-2017,248,106.02,198.59,191.01,42.42,138.79
Delhi,New Delhi,24-07-2017,110,62.54,215.26,28.43,61.18,5.35
Delhi,New Delhi,26-07-2017,165,230.02,322.03,173.58,49.87,142.3
Delhi,New Delhi,27-07-2017,88,93.805,131.875,65.445,81.9,50.71
Delhi,New Delhi,28-07-2017,483,184.15,53.83,128.96,61.59,111.52
Delhi,New Delhi,29-07-2017,382,41.85,372.69,25.03,5.27,99.69
Delhi,New Delhi,31-07-2017,440,161.81,58.77,7.64,31.19,7.21
Delhi,New Delhi,02-08-2017,260,203.68,125.93,17.67,95.83,9.71
Delhi,New Delhi,08-08-2017,295.5,49.51,288.305,103.04,29.465,123.44
Delhi,New Delhi,14-08-2017,183,109.57,216.26,57.86,14.48,14.31
Delhi,New Delhi,15-08-2017,150,45.9,56.55,12.85,88.27,64.31
Delhi,New Delhi,17-08-2017,201,260.1,374.44,45.57,7.44,91.45
Delhi,New Delhi,24-08-2017,44,102.34,198.75,15.37,64.15,186.72
Delhi,New Delhi,25-08-2017,341,127.96,198.11,104.58,91.24,112.57
Delhi,New Delhi,02-09-2017,185,49.13,54.48,29.53,47.35,86.66
Delhi,New Delhi,06-09-2017,198,27.75,384.7,41.48,76.07,30.04
Delhi,New Delhi,08-09-2017,278,67.29,313.78,195.15,26.48,179.85
Delhi,New Delhi,11-09-2017,459,147.46,96.22,142.62,26.45,134.33
Delhi,New Delhi,12-09-2017,390,178.29,26.79,28.38,91.13,81.04
Delhi,New Delhi,20-09-2017,399,43.89,252.87,67.34,54.97,147.53
Delhi,New Delhi,21-09-2017,284.3333333,142.5866667,194.56,78.72666667,66.23666667,81.09666667
Delhi,New Delhi,23-09-2017,373,182.81,169.62,180.85,45.64,89.99
Delhi,New Delhi,27-09-2017,168,52.44,362.73,199.37,15.74,43.32
Delhi,New Delhi,28-09-2017,41,234.67,226.54,149.42,36.83,91.65
Delhi,New Delhi,04-10-2017,242.5,141.375,183.715,153.61,81.68,167.77
Delhi,New Delhi,08-10-2017,398,140.64,225.03,67.74,59.98,122.93
Delhi,New Delhi,14-10-2017,188.5,202.375,137.965,109.42,22.745,61.235
Delhi,New Delhi,21-10-2017,144,213.65,62.56,68.05,44.94,6.89
Delhi,New Delhi,25-10-2017,266,248.87,338.72,82.7,73.42,50.5
Delhi,New Delhi,31-10-2017,411,19.62,14.47,144.06,79.22,123.73
Delhi,New Delhi,06-11-2017,462,132.48,171.275,107,89.435,80.855
Delhi,New Delhi,09-11-2017,419,133.545,19.635,170.135,57.205,147.59
Delhi,New Delhi,17-11-2017,94,18.48,394.65,174.09,42.55,31.4
Delhi,New Delhi,19-11-2017,324,77.77,203.59,178,28.58,120.18
Delhi,New Delhi,23-11-2017,92,177.54,292.99,178.42,72.13,195.45
Delhi,New Delhi,25-11-2017,267,264.14,219.38,151.57,89.96,129.99
Delhi,New Delhi,27-11-2017,403,129.61,62.66,117.21,55.2,147.99
Delhi,New Delhi,30-11-2017,239,196.6,151.88,7.18,63.83,193.76
Delhi,New Delhi,02-12-2017,310,247.11,279.48,28.69,85.89,104.72
Delhi,New Delhi,08-12-2017,135,7.83,168.47,185.15,63.02,175.8
Delhi,New Delhi,13-12-2017,326,232.34,83.28,47.92,33.89,159.74
Delhi,New Delhi,15-12-2017,28,271.88,82.75,22.88,65.27,17.97
Delhi,New Delhi,18-12-2017,385,95.92,116.46,194.67,46.95,89.57
Delhi,New Delhi,22-12-2017,182,63.07,92.74,91.43,17.41,63.135
Delhi,New Delhi,27-12-2017,197.5,123.65,270.895,106.73,51.22,159.215
Delhi,New Delhi,28-12-2017,149,141.72,238.65,53.07,56.59,141.71
Delhi,New Delhi,31-12-2017,415,253.95,162.08,33.79,2.8,128.83
Delhi,New Delhi,03-01-2018,391,41.61,347.84,62.52,78.08,119.48
Delhi,New Delhi,04-01-2018,473,71.05,53.25,159.14,7.98,1.82
Delhi,New Delhi,09-01-2018,216,104.16,73.33,65.9,67.64,0.26
Delhi,New Delhi,10-01-2018,396,115.01,87.03,54.86,54.52,88.16
Delhi,New Delhi,15-01-2018,341.5,182.585,128.335,119.405,66.625,92.97
Delhi,New Delhi,19-01-2018,486,276.5,123.98,71.81,57.1,178.58
Delhi,New Delhi,23-01-2018,37,132.36,183.5,155.71,62.76,100.44
Delhi,New Delhi,25-01-2018,144,65.19,238.47,25.08,37.9,126.62
Delhi,New Delhi,26-01-2018,147,25.94,91.12,195.45,41.36,54.95
Delhi,New Delhi,28-01-2018,104,279.64,224.41,64.47,94.62,133.96
Delhi,New Delhi,29-01-2018,27,130.06,297.8,112.83,9.36,9.15
Delhi,New Delhi,30-01-2018,135,267.01,87.83,124.29,67.77,99.24
Delhi,New Delhi,03-02-2018,47,239.52,230.64,50.78,13.66,95.63
Delhi,New Delhi,06-02-2018,290,283.37,105.26,0.18,95.13,173.41
Delhi,New Delhi,11-02-2018,60,143.64,316.82,168.45,95.5,128.52
Delhi,New Delhi,15-02-2018,84,152.71,85.88,193.57,79.79,69.54
Delhi,New Delhi,16-02-2018,17,260.95,84.78,129.16,49.66,45.11
Delhi,New Delhi,18-02-2018,181,86.92,1.76,50.93,52.33,22.54
Delhi,New Delhi,04-03-2018,450,236.19,91.56,161.92,10.27,160.95
Delhi,New Delhi,12-03-2018,140,166.07,339.27,133.24,87.34,58.48
Delhi,New Delhi,15-03-2018,156,83.54,377.8,89.13,37.26,61.72
Delhi,New Delhi,17-03-2018,212,21.56,46.57,55.86,64.89,178.77
Delhi,New Delhi,18-03-2018,172,283.77,285.24,45.87,53.1,58.93
Delhi,New Delhi,27-03-2018,229,168.32,127.72,68.96,23.74,137.27
Delhi,New Delhi,10-04-2018,13,225.18,284.46,44.94,72.91,177
Delhi,New Delhi,14-04-2018,21,140.87,380.27,8.21,78.18,112.44
Delhi,New Delhi,17-04-2018,478,268.11,297.41,152.87,22.58,141.76
Delhi,New Delhi,23-04-2018,170,86.07,295.135,97.48,48.275,64.815
Delhi,New Delhi,25-04-2018,17,45.93,16.16,52.44,53.2,184.83
Delhi,New Delhi,27-04-2018,132,271.7,49.93,187.54,25.55,74.1
Delhi,New Delhi,28-04-2018,234,65.89,249.65,88.02,47.48,15.98
Delhi,New Delhi,29-04-2018,338,148.465,264.775,117.05,30.83,174.63
Delhi,New Delhi,11-05-2018,109,117.37,0.4,91.26,13.43,158.03
Delhi,New Delhi,13-05-2018,164,191.59,117.74,68.34,92.29,109.34
Delhi,New Delhi,14-05-2018,452,29.12,218.44,187.75,95.02,195.26
Delhi,New Delhi,21-05-2018,157.5,174.82,318.335,73.05,86.545,58.09
Delhi,New Delhi,08-06-2018,274,18.9,235.52,31.75,44.86,153.47
Delhi,New Delhi,11-06-2018,305,254.07,44.05,84.59,13.73,68.85
Delhi,New Delhi,19-06-2018,455,179.32,31.41,163.58,72.85,106.18
Delhi,New Delhi,20-06-2018,107,140.48,50.97,133.1,88.57,179.61
Delhi,New Delhi,25-06-2018,157,103.74,27.26,115.23,34.63,75.11
Delhi,New Delhi,26-06-2018,77,273.995,33.52,101.9,37.535,150.03
Delhi,New Delhi,28-06-2018,133,70.48,1.3,11.04,23.53,147.22
Delhi,New Delhi,03-07-2018,487,136.25,368.09,185.94,47.46,191.4
Delhi,New Delhi,10-07-2018,84.5,208.14,161.935,84.06,15.9,66.42
Delhi,New Delhi,11-07-2018,393,78.39,272.46,173.09,92.99,78.11
Delhi,New Delhi,17-07-2018,297,129.13,233.59,183.37,70.68,8.77
Delhi,New Delhi,18-07-2018,316,151.03,240.84,71.34,87.32,174.83
Delhi,New Delhi,20-07-2018,185,188.9866667,98.64333333,103.86,63.12,111.3233333
Delhi,New Delhi,22-07-2018,209,177.44,257.93,45.02,96.25,117.52
Delhi,New Delhi,26-07-2018,372,7.67,364.26,194.53,9.87,160.11
Delhi,New Delhi,28-07-2018,304,6.57,191.9,80.34,58.68,68.34
Delhi,New Delhi,29-07-2018,483,42.77,223.47,109.97,0.81,189.96
Delhi,New Delhi,01-08-2018,278.5,92.35,226.665,91.425,67.315,83.155
Delhi,New Delhi,02-08-2018,189.5,256.855,352.44,117.63,35.5,47.975
Delhi,New Delhi,05-08-2018,462,160.8,85.75,95.23,74.24,182.2
Delhi,New Delhi,16-08-2018,208,196.97,19.29,122.99,5.1,84.24
Delhi,New Delhi,18-08-2018,340,238.66,59.73,116.78,3.5,57.3
Delhi,New Delhi,20-08-2018,275,89.33,38.99,114.18,57.17,162
Delhi,New Delhi,26-08-2018,385,73.65,107.29,9.16,51.8,23.16
Delhi,New Delhi,27-08-2018,398,157.28,92.19,56.52,98.56,8.19
Delhi,New Delhi,31-08-2018,35,160.15,313.95,167.6,23.16,94.12
Delhi,New Delhi,04-09-2018,90,10.68,379.34,121.89,85.39,186.6
Delhi,New Delhi,07-09-2018,175,121.32,320.08,91.71,51.61,184.41
Delhi,New Delhi,13-09-2018,108,285.68,86.63,117.95,82.74,109.35
Delhi,New Delhi,17-09-2018,378,121.03,75.87,93.13,83.12,109.32
Delhi,New Delhi,18-09-2018,244,153.54,228.84,184.94,74.74,58.5
Delhi,New Delhi,20-09-2018,185,42.1,137.92,49.25,13.42,126.99
Delhi,New Delhi,21-09-2018,106,176.55,70.25,58.47,68.34,82.43
Delhi,New Delhi,22-09-2018,361.5,141.36,286.685,106.12,38.065,91.08
Delhi,New Delhi,26-09-2018,45,171.27,367.93,11.29,41.26,37.97
Delhi,New Delhi,01-10-2018,466,194.33,368.47,195.89,96.22,10.35
Delhi,New Delhi,02-10-2018,302,205.57,58.36,3.91,12.25,187.73
Delhi,New Delhi,05-10-2018,471,72.36,136.18,8.38,85.3,98.11
Delhi,New Delhi,07-10-2018,28,291.94,115.77,134.98,54.44,198.08
Delhi,New Delhi,08-10-2018,348,61.78,386.35,126.28,21.58,45.2
Delhi,New Delhi,22-10-2018,35,33.84,309.98,112.04,67.91,156.99
Delhi,New Delhi,23-10-2018,206,224.02,347.43,152.95,28.25,180.77
Delhi,New Delhi,24-10-2018,225,14.58,84.99,21.28,11.56,107.08
Delhi,New Delhi,28-10-2018,207,140.82,91.84,28.22,63.45,34.09
Delhi,New Delhi,31-10-2018,80,134.78,230.26,16.31,92.44,43.29
Delhi,New Delhi,09-11-2018,411,298.71,141.22,21.98,8.56,57.6
Delhi,New Delhi,12-11-2018,272,8.77,322.08,170.4,10.56,10.14
Delhi,New Delhi,13-11-2018,306,259.22,367.75,164.64,50.21,113.96
Delhi,New Delhi,16-11-2018,242,168.58,192.09,161.43,92.57,36.99
Delhi,New Delhi,23-11-2018,228,102,12.14,166.37,3.19,196.66
Delhi,New Delhi,25-11-2018,246,165.87,172.29,114.3,87.96,12.03
Delhi,New Delhi,26-11-2018,350,230.24,397.66,94.89,75,97.69
Delhi,New Delhi,28-11-2018,80,276.06,278.65,30.81,62.04,93.72
Delhi,New Delhi,04-12-2018,451,123.74,343.56,27.64,39.07,91.58
Delhi,New Delhi,07-12-2018,403,3.14,355.77,35.44,27.4,33
Delhi,New Delhi,11-12-2018,356,158.25,79.97,69.03,37.59,30.25
Delhi,New Delhi,12-12-2018,183,230.2,203.32,22.38,79.3,54.68
Delhi,New Delhi,13-12-2018,496,133.51,346.84,102.01,45.78,123.32
Delhi,New Delhi,14-12-2018,272,56.05,2.31,135.31,7.18,98.48
Delhi,New Delhi,15-12-2018,266,93.58,388.92,115.9,8.24,66.14
Delhi,New Delhi,20-12-2018,462,24.17,306.78,177.11,38.62,10.85
Delhi,New Delhi,25-12-2018,467.5,84.21,163.55,136.72,16.3,104.37
Delhi,New Delhi,05-01-2019,80,299.83,10,29.31,46.37,137.1
Delhi,New Delhi,06-01-2019,139,109.11,28.6,127.57,4.15,103.61
Delhi,New Delhi,07-01-2019,112,239.24,389.81,172.81,23.11,148.93
Delhi,New Delhi,13-01-2019,422,189.57,161.05,180.53,71.46,137.66
Delhi,New Delhi,17-01-2019,419,120.19,244.41,195.64,86.31,125.66
Delhi,New Delhi,21-01-2019,106,148.42,280.02,40.9,76.53,72.46
Delhi,New Delhi,23-01-2019,425,142.365,173.585,31.465,53.785,103
Delhi,New Delhi,26-01-2019,29,16.94,119.05,24.44,93.24,22.68
Delhi,New Delhi,30-01-2019,336,230.81,6.68,179.84,66.66,94.58
Delhi,New Delhi,02-02-2019,56,222.19,166.58,32.9,21.97,12.24
Delhi,New Delhi,12-02-2019,337,102.19,110.14,92.66,87.03,118.49
Delhi,New Delhi,13-02-2019,499,291.79,381.9,169.36,95.2,47.9
Delhi,New Delhi,23-02-2019,251,21.57,83.51,48.05,41.47,169.8
Delhi,New Delhi,28-02-2019,375,45.39,348.52,156.15,68.45,126.54
Delhi,New Delhi,02-03-2019,36,299.23,118.01,58.72,67.46,104.09
Delhi,New Delhi,05-03-2019,159,41.16,114.65,193.76,90.26,89.64
Delhi,New Delhi,06-03-2019,40,236.32,329.17,124.82,12.11,175.8
Delhi,New Delhi,10-03-2019,134.5,55.265,132.8,45.855,45.22,90.83
Delhi,New Delhi,14-03-2019,305,212.635,183.02,94.165,41.035,86.13
Delhi,New Delhi,15-03-2019,260.5,133.925,185.14,122.005,40.075,31.49
Delhi,New Delhi,20-03-2019,260,7.79,195.23,37.91,68.13,91.6
Delhi,New Delhi,26-03-2019,297,256.54,198.73,90.63,2.1,38.77
Delhi,New Delhi,27-03-2019,234,143.44,64.83,83.28,92.98,85.9
Delhi,New Delhi,03-04-2019,183,131.88,307.51,16.04,6.24,54.78
Delhi,New Delhi,06-04-2019,86,136.08,7.72,129.08,39.59,126.63
Delhi,New Delhi,07-04-2019,316,280.09,325.57,89.86,2.05,79.35
Delhi,New Delhi,08-04-2019,163,216.09,369.53,49.33,84.29,68.17
Delhi,New Delhi,12-04-2019,75,236.85,169.64,166.19,75.38,95.79
Delhi,New Delhi,14-04-2019,92,101.01,269.27,161.91,85.7,12.71
Delhi,New Delhi,17-04-2019,409,244.73,169.85,69.79,66.18,114.83
Delhi,New Delhi,25-04-2019,132,192.9,95.13,4.21,50.6,24.09
Delhi,New Delhi,10-05-2019,407,181.05,211.39,93.19,38.03,196.02
Delhi,New Delhi,16-05-2019,284,221.97,158.61,151.6,64.83,32.57
Delhi,New Delhi,22-05-2019,318.5,185.145,74.835,120.155,68.31,169.685
Delhi,New Delhi,26-05-2019,13,1.55,302.79,180.91,74.38,84.76
Delhi,New Delhi,02-06-2019,24,78.21,100.84,97.74,30.16,26.02
Delhi,New Delhi,03-06-2019,318,128.085,57.32,91.18,61.015,90.22
Delhi,New Delhi,12-06-2019,44,270.7,148.37,3.29,95.67,155.62
Delhi,New Delhi,14-06-2019,24,202.89,362.1,85.92,72.1,51.86
Delhi,New Delhi,19-06-2019,324,192.54,129.42,177.39,11.55,38.11
Delhi,New Delhi,21-06-2019,314,194.85,95.72,69.57,50.42,127.3
Delhi,New Delhi,22-06-2019,115.5,53.7,189.27,173.74,86.97,152.36
Delhi,New Delhi,23-06-2019,248,65.75,211.69,60.36,60.17,20.84
Delhi,New Delhi,24-06-2019,266,200.73,261.27,140.78,68.435,85.74
Delhi,New Delhi,25-06-2019,151,160.18,16.01,122.88,28.09,77.38
Delhi,New Delhi,29-06-2019,475,128.39,357.56,12.77,33.94,40.25
Delhi,New Delhi,30-06-2019,105,75.72,349.95,104.68,90.95,69.72
Delhi,New Delhi,04-07-2019,282,68.37,29.28,165.72,61.57,60.87
Delhi,New Delhi,06-07-2019,56,228.93,130.86,157.67,24.08,97.19
Delhi,New Delhi,11-07-2019,218,132.305,56.47,101.685,48.62,107.575
Delhi,New Delhi,30-07-2019,499,98.33,75.5,198.83,56.41,95.29
Delhi,New Delhi,31-07-2019,128,26.73,213.86,166.46,76.32,123.01
Delhi,New Delhi,16-08-2019,266,256.56,18.77,63.34,67.71,99.69
Delhi,New Delhi,20-08-2019,224,244.31,40.21,95.86,54.69,188.62
Delhi,New Delhi,31-08-2019,253,83.33,296.84,77.68,46.64,104.81
Delhi,New Delhi,03-09-2019,251.5,150.375,80.9,137.435,46.33,168.915
Delhi,New Delhi,05-09-2019,114,150.66,196.94,101.33,97.62,187.49
Delhi,New Delhi,10-09-2019,327,55.17,96.06,84.32,97.2,176.06
Delhi,New Delhi,16-09-2019,121.5,133.685,219.965,163.95,35.73,78.77
Delhi,New Delhi,24-09-2019,374,64.305,244.44,81.745,86,169.215
Delhi,New Delhi,25-09-2019,441.5,181.185,146.22,32.49,54.495,69.59
Delhi,New Delhi,28-09-2019,67,30.14,212.45,5.17,49.4,137.38
Delhi,New Delhi,29-09-2019,398,241.33,62.88,137.27,30.63,167.56
Delhi,New Delhi,07-10-2019,211,44.89,65.63,145.79,10.4,11.58
Delhi,New Delhi,08-10-2019,18,279.74,159.42,78.99,63.51,113.01
Delhi,New Delhi,10-10-2019,353,266.95,190.42,7.82,53.79,31.93
Delhi,New Delhi,12-10-2019,422,223.92,81.12,109.57,16.22,47.65
Delhi,New Delhi,13-10-2019,206,261.68,290.29,172.13,96.47,121.98
Delhi,New Delhi,19-10-2019,208,155.73,340.17,126.08,36.03,97.31
Delhi,New Delhi,20-10-2019,220,233.51,185.46,66.66,71.32,38.15
Delhi,New Delhi,23-10-2019,9,8.36,200.18,132.3,69.11,47.65
Delhi,New Delhi,29-10-2019,143.5,54.535,319.315,174.08,47.285,139.83
Delhi,New Delhi,30-10-2019,183,85.51,351.99,32.4,66.91,78.1
Delhi,New Delhi,31-10-2019,148,291.43,144.19,166.75,18,0.73
Delhi,New Delhi,01-11-2019,55,182.3,371.55,54.73,72.12,20.45
Delhi,New Delhi,03-11-2019,143.5,174.52,231.4,159.975,79.685,151
Delhi,New Delhi,07-11-2019,266.5,186.29,111.77,84.785,74.005,21.795
Delhi,New Delhi,08-11-2019,215,3.85,374.25,57.31,9.16,161.22
Delhi,New Delhi,15-11-2019,338,204.77,150.47,116.51,23.55,76.9
Delhi,New Delhi,22-11-2019,260,57.46,309.46,110.055,44.855,145.33
Delhi,New Delhi,25-11-2019,426,245.21,69.65,124.47,93.38,47
Delhi,New Delhi,27-11-2019,443,20.57,142.97,21.64,98.17,160.6
Delhi,New Delhi,29-11-2019,385,97.275,345.335,170.15,43.9,111.83
Delhi,New Delhi,30-11-2019,458,97.94,195.77,54,80.21,78.76
Delhi,New Delhi,02-12-2019,23,140.82,59.45,94.53,65.52,37.98
Delhi,New Delhi,04-12-2019,252.67,18.67,38.49,129.26,44.63,71.69
Delhi,New Delhi,12-12-2019,492,68.37,57.68,118.72,91.62,177.65
Delhi,New Delhi,24-12-2019,32,48.96,337.53,47.59,71.56,14.9
Delhi,New Delhi,26-12-2019,284,161.49,66.38,62.18,83.32,162.01
Delhi,New Delhi,30-12-2019,171,255,178.73,194.56,37.42,178.83
Delhi,New Delhi,31-12-2019,74,165.12,167.37,135.62,99.87,151.42
Delhi,New Delhi,06-01-2020,426,43.47,275.05,139.93,17.22,154
Delhi,New Delhi,08-01-2020,495,164.36,354.1,24.97,32.53,125.78
Delhi,New Delhi,13-01-2020,466,7.77,42.62,10.74,13.13,29.03
Delhi,New Delhi,14-01-2020,118,173.81,377.22,10.54,50.68,34.94
Delhi,New Delhi,15-01-2020,289,97.37,192.32,183.67,75.6,173.18
Delhi,New Delhi,20-01-2020,69,202.1,258.69,132.55,88.4,113.67
Delhi,New Delhi,21-01-2020,283,153.91,60.83,122.98,20.36,154.73
Delhi,New Delhi,29-01-2020,133,221.87,276.125,114.105,48.99,105.38
Delhi,New Delhi,30-01-2020,380.5,151.955,252.415,84.445,30.905,99.615
Delhi,New Delhi,31-01-2020,320,202.37,168.93,26.45,70.1,86.65
Delhi,New Delhi,03-02-2020,416,236.9,20.77,74.2,61.41,166.72
Delhi,New Delhi,05-02-2020,375,0.6,380.91,23.92,45.14,193.62
Delhi,New Delhi,07-02-2020,493,150.98,66.39,145.84,49.36,70.53
Delhi,New Delhi,10-02-2020,168,64.63,35.32,72.67,27.36,30.82
Delhi,New Delhi,13-02-2020,252.67,175.26,176.73,126.86,90.11,181.35
Delhi,New Delhi,15-02-2020,332,152.1,148.48,189.89,22.47,150.54
Delhi,New Delhi,16-02-2020,439,108.6,208.74,82.06,36.99,191.29
Delhi,New Delhi,29-02-2020,268,59.84,252.41,2.55,3.71,112.49
Delhi,New Delhi,03-03-2020,395,42.18,140.39,41.35,19.6,192.97
Delhi,New Delhi,04-03-2020,148,27.72,289.77,131.11,91.21,1.13
Delhi,New Delhi,05-03-2020,216,132.96,268.54,196.56,83.03,22.36
Delhi,New Delhi,06-03-2020,83,33.48,178.94,89.84,41.66,40.49
Delhi,New Delhi,09-03-2020,247.6666667,96.60333333,202.6066667,105.85,30.69,92.89333333
Delhi,New Delhi,12-03-2020,372,157.74,29.26,80.12,21.7,193.03
Delhi,New Delhi,14-03-2020,104.5,118.965,100.28,91.015,36.72,102.015
Delhi,New Delhi,18-03-2020,443,296.26,327.92,152.89,8.05,96.21
Delhi,New Delhi,04-04-2020,446,31.18,74.64,198.81,52.99,192
Delhi,New Delhi,12-04-2020,335.5,169.2,245.795,116.245,27.275,98.5
Delhi,New Delhi,16-04-2020,474,280.61,380.8,139.04,7.31,59.28
Delhi,New Delhi,20-04-2020,105,204.12,49.53,123.44,10.05,45.53
Delhi,New Delhi,24-04-2020,363,109.49,248.71,42.92,41.75,100.83
Delhi,New Delhi,29-04-2020,140,233.05,251.25,166.62,29.14,93.85
Delhi,New Delhi,03-05-2020,369,148.39,159.05,49.89,71.31,48.06
Delhi,New Delhi,04-05-2020,185,116.91,283.64,170.58,15.09,4.91
Delhi,New Delhi,06-05-2020,42,132.37,236.26,31.94,95.23,122.84
Delhi,New Delhi,07-05-2020,31,246.59,386.57,110.64,63.59,110.33
Delhi,New Delhi,11-05-2020,95,264.53,264,103.05,74.7,65.39
Delhi,New Delhi,16-05-2020,419,20.67,111.53,164.43,39.32,137
Delhi,New Delhi,26-05-2020,114,117.59,163.06,90.27,82.02,198.65
Delhi,New Delhi,30-05-2020,50,241.65,118.56,0.86,15.23,31.47
Delhi,New Delhi,31-05-2020,246,77.09,259.27,52.8,9.35,58.21
Delhi,New Delhi,03-06-2020,212,230.74,285.02,195.46,27.73,24.7
Delhi,New Delhi,11-06-2020,2,232.81,86.98,149.78,88.52,110.97
Delhi,New Delhi,12-06-2020,326,222.33,220.88,76.14,94.14,122.83
Delhi,New Delhi,13-06-2020,26,154.35,344.08,60.01,73.73,26.07
Delhi,New Delhi,15-06-2020,491,256.61,19.26,133.14,40.75,62.15
Delhi,New Delhi,18-06-2020,376,194.03,37.71,64.8,60.82,95.34
Delhi,New Delhi,19-06-2020,350,296.74,326.87,197.02,88.97,125.8
Delhi,New Delhi,20-06-2020,379,226.68,77.11,191.14,84.79,147.21
Delhi,New Delhi,23-06-2020,277.5,120.395,62.68,47.22,10.36,102.59
Delhi,New Delhi,26-06-2020,64,38.05,379.93,43.76,72.95,125.75
Delhi,New Delhi,29-06-2020,227,269.32,29.88,182.86,14.72,170.62
Delhi,New Delhi,06-07-2020,70,1.81,271.13,159.02,3.23,182.02
Delhi,New Delhi,14-07-2020,68,113.99,76.24,94.66,82.19,180.4
Delhi,New Delhi,16-07-2020,164,35.29,385.55,186.4,29.01,71.48
Delhi,New Delhi,20-07-2020,334,28.83,326.78,32.12,41.05,35.04
Delhi,New Delhi,23-07-2020,434,104.53,331.6,165.54,48.17,178.29
Delhi,New Delhi,24-07-2020,75,277.2,385.81,75.16,75.67,5.18
Delhi,New Delhi,26-07-2020,342,13.26,268.68,152.15,75.58,61.57
Delhi,New Delhi,27-07-2020,316.5,195.145,298.01,87.005,70.72,11.115
Delhi,New Delhi,28-07-2020,161,45.325,247.02,118.665,49.27,48.725
Delhi,New Delhi,30-07-2020,116,128.84,148.35,136.67,25.31,193.75
Delhi,New Delhi,04-08-2020,373,84.63,68.36,160.06,4.88,151.79
Delhi,New Delhi,09-08-2020,433,124.7,132.47,90.17,59.65,44.01
Delhi,New Delhi,18-08-2020,261,91.3,102.75,170.32,30.79,49.75
Delhi,New Delhi,20-08-2020,356,295.85,50.79,9.99,59.58,13.43
Delhi,New Delhi,22-08-2020,500,262.93,155.6,8.07,76.34,125.06
Delhi,New Delhi,25-08-2020,180,179.735,375.28,46.8,25.56,16.63
Delhi,New Delhi,28-08-2020,462,55.1,366.17,167.05,57.95,59.63
Delhi,New Delhi,29-08-2020,436,71.76,373.9,160.65,28.5,168.36
Delhi,New Delhi,31-08-2020,290,42.55,42.16,97.88,64.59,133.59
Delhi,New Delhi,01-09-2020,164,250.9,197.29,142.04,3.75,197.33
Delhi,New Delhi,03-09-2020,450,178.88,186.3,46.98,8.5,116.29
Delhi,New Delhi,10-09-2020,345,174.135,363.04,24.32,71.745,104.68
Delhi,New Delhi,11-09-2020,343.5,262.9,159.92,170.325,76.595,14.805
Delhi,New Delhi,12-09-2020,100.5,127.63,215.22,31.265,74.27,86.445
Delhi,New Delhi,20-09-2020,138,149.1,77.84,48.11,81.29,51.88
Delhi,New Delhi,22-09-2020,275,70.68,286.45,171.79,72.13,18.56
Delhi,New Delhi,25-09-2020,243,269.78,235.59,121.13,7.9,15.37
Delhi,New Delhi,26-09-2020,133,202.81,149.77,176.05,42.36,77.39
Delhi,New Delhi,27-09-2020,237,42.9,335.27,197.02,43.28,187.69
Delhi,New Delhi,29-09-2020,70,265.91,98.54,139.83,56.19,78.35
Delhi,New Delhi,30-09-2020,273.5,125.01,200.68,103.715,19.865,75.88
Delhi,New Delhi,03-10-2020,477,46.43,287.6,28.29,10.63,66.53
Delhi,New Delhi,04-10-2020,114,20.41,263.04,139.32,13.55,8.5
Delhi,New Delhi,10-10-2020,331,234.21,22.37,115.38,28.64,181.37
Delhi,New Delhi,12-10-2020,479,117.4,281.92,138.56,23.64,120.24
Delhi,New Delhi,14-10-2020,427,216.21,36.83,180.12,66.14,24.65
Delhi,New Delhi,20-10-2020,348,54.62,242.52,182.85,18.06,102.07
Delhi,New Delhi,22-10-2020,309.5,282.58,288.845,79.815,61.725,74.895
Delhi,New Delhi,27-10-2020,64,264.05,245.22,118.1,48.65,71.82
Delhi,New Delhi,03-11-2020,123,125.485,317.515,143.2,41.505,104.435
Delhi,New Delhi,04-11-2020,196.5,76.355,279.215,74.275,42.205,91.675
Delhi,New Delhi,05-11-2020,340,39.48,151.56,149.96,84.64,161.9
Delhi,New Delhi,07-11-2020,80,281.4,288.89,62.37,95.92,198.49
Delhi,New Delhi,11-11-2020,208,33.08,30.57,37.26,55.98,169.55
Delhi,New Delhi,13-11-2020,444,55.39,387.8,107.48,78.1,184.6
Delhi,New Delhi,20-11-2020,354,59.11,178.9,121.26,66.47,180.6
Delhi,New Delhi,25-11-2020,193,54.09,51.92,88.26,59.58,114.92
Delhi,New Delhi,26-11-2020,67,110.62,398.36,7.94,52.25,193.52
Delhi,New Delhi,28-11-2020,233,15.16,82.41,108.04,51.51,195.56
Delhi,New Delhi,29-11-2020,15,45.37,279.19,181.94,66.99,57.65
Delhi,New Delhi,30-11-2020,23,251.88,351.62,107.08,80.86,79.51
Delhi,New Delhi,02-12-2020,451,89.97,13.44,69.95,91.3,9.63
Delhi,New Delhi,05-12-2020,477,134.69,176.6,132.39,12.6,77.57
Delhi,New Delhi,13-12-2020,23,233.17,116.95,34.39,53.63,121.25
Delhi,New Delhi,14-12-2020,72,266.68,335.6,199.33,62.36,20.05
Delhi,New Delhi,15-12-2020,305,203.43,237.07,191.66,7.24,124.45
Delhi,New Delhi,16-12-2020,131.5,182.495,194.625,78.71,24.765,108.63
Delhi,New Delhi,17-12-2020,478,244.2,87.64,161.1,49.87,184.49
Delhi,New Delhi,28-12-2020,312,295.98,191.28,160.7,7.11,131.4
Delhi,New Delhi,30-12-2020,126,43.16,290.14,98.32,52.94,183.98
Delhi,New Delhi,02-01-2021,408,177.73,194.76,77.83,32.99,100.35
Delhi,New Delhi,07-01-2021,441,83.08,365.94,40.3,85,26.35
Delhi,New Delhi,12-01-2021,342,180.84,292.37,160.63,45.67,18.73
Delhi,New Delhi,19-01-2021,337,252.35,390.2,37.02,36.05,11.22
Delhi,New Delhi,20-01-2021,122,258.7,364.45,126.09,92.94,189.22
Delhi,New Delhi,21-01-2021,374,88.435,257.85,124.175,28.62,26.835
Delhi,New Delhi,25-01-2021,151,38.01,250.8,11.1,38.8,183.79
Delhi,New Delhi,26-01-2021,421,64.99,279.5,28.69,75.49,90.09
Delhi,New Delhi,31-01-2021,446,136.76,333.12,56.11,88.91,149.15
Delhi,New Delhi,01-02-2021,111,275.78,270.42,52.04,0.87,27.07
Delhi,New Delhi,11-02-2021,297,263.06,106.14,89.21,3.05,68.74
Delhi,New Delhi,14-02-2021,22,220.02,284.61,58.85,43.34,158.69
Delhi,New Delhi,17-02-2021,264.5,91.86,302.655,62.22,38.555,137.545
Delhi,New Delhi,18-02-2021,274,288.95,247.36,176.36,79.31,168.83
Delhi,New Delhi,19-02-2021,440,67.66,176.13,54.56,73.1,38.2
Delhi,New Delhi,21-02-2021,8,287.09,75.63,77.53,15.83,60.83
Delhi,New Delhi,23-02-2021,14,247.09,269.03,109.59,29.2,181.49
Delhi,New Delhi,26-02-2021,168,118.2,220.42,71.94,6.54,101.85
Delhi,New Delhi,28-02-2021,49,288,155.94,71.89,31.3,6.95
Delhi,New Delhi,01-03-2021,172,215.36,359.85,108.52,61.65,173.11
Delhi,New Delhi,05-03-2021,386,178.97,74.82,49.42,2.2,161.08
Delhi,New Delhi,08-03-2021,360,289.84,265.44,100.09,52.38,187.06
Delhi,New Delhi,17-03-2021,239,18.27,278.22,112.98,27.54,196.53
Delhi,New Delhi,21-03-2021,493,87.72,70.07,60.7,87.28,139.67
Delhi,New Delhi,22-03-2021,293,126.8,160.27,15.92,59.92,109.51
Delhi,New Delhi,23-03-2021,61,97.42,261.11,107.13,1.23,64.44
Delhi,New Delhi,27-03-2021,219,39.98,193.235,98.61,35.71,115.205
Delhi,New Delhi,30-03-2021,85,168.84,334.06,32.69,3.92,162.19
Delhi,New Delhi,08-04-2021,391,287.49,214.82,72.89,89.26,36.84
Delhi,New Delhi,13-04-2021,31,230.97,262.02,76.93,21.01,103.34
Delhi,New Delhi,15-04-2021,246.5,157.27,343.64,115.765,65.9,64.255
Delhi,New Delhi,17-04-2021,137,50.27,241.98,15.59,5.36,101.02
Delhi,New Delhi,22-04-2021,274,150.03,298.31,137.99,99.64,42.39
Delhi,New Delhi,03-05-2021,404,98.6,375.47,1.4,59.51,137.06
Delhi,New Delhi,04-05-2021,264,134.195,246.09,83.625,19.73,44.06
Delhi,New Delhi,05-05-2021,465,5.08,52.06,153.89,29.49,21.39
Delhi,New Delhi,13-05-2021,323,158.52,395.71,116.94,68.92,146.91
Delhi,New Delhi,14-05-2021,375,259.51,44.08,182.16,37.96,38.25
Delhi,New Delhi,19-05-2021,121.5,185.565,336.93,60.37,49.325,103.66
Delhi,New Delhi,28-05-2021,465,213.27,255.77,101.42,69.34,124.12
Delhi,New Delhi,29-05-2021,171,120.32,125.66,135.84,16.66,25.6
Delhi,New Delhi,04-06-2021,342,55.82,98.09,78.62,40.46,29.71
Delhi,New Delhi,05-06-2021,38,130.57,144.64,79.57,58.85,193.82
Delhi,New Delhi,12-06-2021,38,170.72,191.26,170.34,41.86,144.08
Delhi,New Delhi,13-06-2021,74,176.93,171.06,134.66,21.05,96.2
Delhi,New Delhi,15-06-2021,205,98.21,204.18,179.43,76.69,110.06
Delhi,New Delhi,19-06-2021,125,294.91,293.26,145.27,36.01,85.77
Delhi,New Delhi,21-06-2021,45,272.2,185.88,55.19,97.36,114.62
Delhi,New Delhi,23-06-2021,375,70.56,8.35,63.94,44.23,64.85
Delhi,New Delhi,30-06-2021,315,254.3,58.18,153.85,23.25,149.17
Delhi,New Delhi,04-07-2021,80,204.8,366.05,168.16,55.72,107.15
Delhi,New Delhi,05-07-2021,444,16.8,397.22,87.14,44.17,156.91
Delhi,New Delhi,06-07-2021,491,91.24,131.61,144.41,8.53,117.29
Delhi,New Delhi,10-07-2021,473,38.4,169.89,0.87,45.09,62.79
Delhi,New Delhi,14-07-2021,184,108.82,335.37,75.77,42.54,179.52
Delhi,New Delhi,17-07-2021,244,8.35,49.92,195.39,93.74,197.47
Delhi,New Delhi,18-07-2021,385,251.76,103.68,84.17,6.26,35.85
Delhi,New Delhi,01-08-2021,147,156.76,168.86,75.36,13.73,176.8
Delhi,New Delhi,02-08-2021,229,225.67,73.14,34.65,19.65,138.35
Delhi,New Delhi,04-08-2021,225,191.91,89.49,171.08,11.69,148.58
Delhi,New Delhi,09-08-2021,284.5,245.81,249.105,86.77,51.66,117.115
Delhi,New Delhi,11-08-2021,68,210.29,361.9,86.47,87.51,11.33
Delhi,New Delhi,13-08-2021,282,116.52,211.52,169.58,12,141.08
Delhi,New Delhi,14-08-2021,239.5,171.12,70.4725,122.3775,71.7325,159.0425
Delhi,New Delhi,26-08-2021,316,96.61,161.02,107.09,63.78,12.98
Delhi,New Delhi,28-08-2021,197,66.09,49.34,86.21,92.18,181.68
Delhi,New Delhi,29-08-2021,373,195.155,231.175,153.215,81.575,163.95
Delhi,New Delhi,02-09-2021,81,121.39,268.07,178.51,55.86,175.04
Delhi,New Delhi,04-09-2021,271,198.47,100.44,52.99,15.45,3.73
Delhi,New Delhi,06-09-2021,129,40.27,169.31,164.13,56.32,148.15
Delhi,New Delhi,15-09-2021,362,46.96,44.54,95.66,96.82,198.73
Delhi,New Delhi,16-09-2021,288,248.28,317.24,42.2,20.32,113.11
Delhi,New Delhi,17-09-2021,115,191.59,39.46,7,51.63,8.52
Delhi,New Delhi,19-09-2021,285,236.23,165.13,106.08,96.87,155.78
Delhi,New Delhi,20-09-2021,454.5,138.97,134.185,108.84,31.605,182.84
Delhi,New Delhi,22-09-2021,141,23.49,185.88,128.96,31.65,136.2
Delhi,New Delhi,27-09-2021,389,133,153.1,162.62,18.4,68.61
Delhi,New Delhi,28-09-2021,363,141.02,286.72,130.74,50.785,101.885
Delhi,New Delhi,07-10-2021,417,280.855,178.97,122.985,40.45,92.105
Delhi,New Delhi,10-10-2021,362,44.56,162.7,102.13,27.98,113.8
Delhi,New Delhi,17-10-2021,102,248.35,303.21,17.3,30.58,67.44
Delhi,New Delhi,22-10-2021,83,256.84,119.47,188.87,19.04,160.91
Delhi,New Delhi,23-10-2021,252.67,154.85,284.99,197.54,85.09,97.76
Delhi,New Delhi,24-10-2021,339,200.9,65.14,49.29,40.66,13.81
Delhi,New Delhi,25-10-2021,452,228.23,53.81,174.51,20.26,174.43
Delhi,New Delhi,02-11-2021,193.3333333,176.5866667,209.9133333,166.9766667,51.73,58.5
Delhi,New Delhi,05-11-2021,7,199.47,298.76,102.54,72.8,34.74
Delhi,New Delhi,06-11-2021,129,210.81,367.3,131.42,39.26,8.18
Delhi,New Delhi,09-11-2021,431,189.01,212.28,92.19,52.91,177.72
Delhi,New Delhi,14-11-2021,369,25.07,64.02,129.68,62.34,72.85
Delhi,New Delhi,15-11-2021,302.5,7.195,163.35,64.895,31.425,60.03
Delhi,New Delhi,17-11-2021,18,292.78,381.6,153.93,93.77,133.48
Delhi,New Delhi,18-11-2021,277,196.2,149.27,146.6,9.49,118.31
Delhi,New Delhi,19-11-2021,394,260.49,1.98,63.93,31.52,72.55
Delhi,New Delhi,23-11-2021,483,186.32,253.71,100.05,5.85,3.29
Delhi,New Delhi,24-11-2021,46,165.19,367.74,175.23,82.9,45.73
Delhi,New Delhi,26-11-2021,112,212.44,259.97,31.76,61.81,106.29
Delhi,New Delhi,30-11-2021,119,185.73,56.75,6.46,19.42,122.24
Delhi,New Delhi,01-12-2021,394,252.76,51.48,135.76,82.78,157.72
Delhi,New Delhi,02-12-2021,457,45.43,122.31,42.38,32.7,82.2
Delhi,New Delhi,09-12-2021,22,17.31,210.51,162.21,26.76,61.06
Delhi,New Delhi,12-12-2021,358.5,199.09,158.995,139.41,60.885,113.42
Delhi,New Delhi,16-12-2021,292.5,107.23,228.355,108.75,65.77,53.835
Delhi,New Delhi,21-12-2021,301,288.93,147.78,182.79,22.59,101.25
Delhi,New Delhi,26-12-2021,415,292.39,223.88,16.52,52.86,100.43
Delhi,New Delhi,29-12-2021,89.5,147.975,167.135,66.295,65.57,104.71
Delhi,New Delhi,31-12-2021,355,116.72,311.53,122.53,43.24,10.09
Delhi,New Delhi,03-01-2022,87,20.9,115.62,153.23,59.98,133.28
Delhi,New Delhi,06-01-2022,164,27.69,231.46,8.49,74.43,133.38
Delhi,New Delhi,07-01-2022,284,42.21,209.06,186.06,4.54,147.46
Delhi,New Delhi,09-01-2022,96,45.97,250.84,63.88,77.48,57.25
Delhi,New Delhi,10-01-2022,383,96.21,362.3,199.99,32.04,95.55
Delhi,New Delhi,13-01-2022,164,164.59,199.965,113.325,65.94,104.47
Delhi,New Delhi,15-01-2022,360,50.35,121.03,158.98,21.14,68.23
Delhi,New Delhi,16-01-2022,349,282.09,168.05,45.56,93.57,20.83
Delhi,New Delhi,19-01-2022,301,61.44,258.62,143.43,30.07,68.07
Delhi,New Delhi,20-01-2022,269,203.36,161.22,149.93,27.2,104.11
Delhi,New Delhi,27-01-2022,236,119.415,152.1,105.435,60.77,136.715
Delhi,New Delhi,04-02-2022,219,206.82,117.75,35.2,5.84,128.44
Delhi,New Delhi,07-02-2022,48,131.06,128.67,1.25,10.69,149.2
Delhi,New Delhi,09-02-2022,344,184.81,325.15,9.16,21.26,17.03
Delhi,New Delhi,10-02-2022,170,97.88,367.44,19.72,22.92,154.85
Delhi,New Delhi,11-02-2022,307,142.06,303.27,92.28,10.93,17.37
Delhi,New Delhi,13-02-2022,61,153.16,72.58,59.14,67.08,90.01
Delhi,New Delhi,20-02-2022,125,136.52,158.14,126.32,77.05,156.66
Delhi,New Delhi,27-02-2022,407,178.06,309.215,33.27,56.755,126.615
Delhi,New Delhi,28-02-2022,10,153.14,357.17,72.1,75.23,128.87
Delhi,New Delhi,02-03-2022,406,111.47,125.04,160.75,65.68,73.37
Delhi,New Delhi,07-03-2022,298,53.69,136.01,194.47,56.87,115.03
Delhi,New Delhi,08-03-2022,53,206.31,13.96,82.93,11.01,132.41
Delhi,New Delhi,10-03-2022,211,42.11,263.33,3.83,61.18,128.04
Delhi,New Delhi,14-03-2022,199,116.66,173.23,36.31,39.43,134.76
Delhi,New Delhi,19-03-2022,175,153.43,277.89,135.33,74.69,140.28
Delhi,New Delhi,20-03-2022,73,283.91,108.39,175.73,13.75,61.84
Delhi,New Delhi,21-03-2022,232.5,68.13,192.525,115.175,72.155,93.745
Delhi,New Delhi,30-03-2022,253,25.99,220.43,1.3,5.91,129.62
Delhi,New Delhi,31-03-2022,371,80.02,222.1,183.23,41.18,12.39
Delhi,New Delhi,03-04-2022,458.6666667,188.36,188.72,111.8633333,62.17666667,74.6
Delhi,New Delhi,07-04-2022,184,207.3,234.12,175.76,25.37,13.51
Delhi,New Delhi,10-04-2022,86,62.04,181.89,148.99,42.86,91.14
Delhi,New Delhi,12-04-2022,435,196.48,240.98,199.89,53.43,119.41
Delhi,New Delhi,14-04-2022,66,148.27,28.96,76.36,27.82,174.35
Delhi,New Delhi,16-04-2022,114,202,257.95,32.37,94.54,191.99
Delhi,New Delhi,19-04-2022,240,111.59,167.32,41.72,93.94,193.66
Delhi,New Delhi,20-04-2022,490,191.51,40.88,90.43,35.7,59.56
Delhi,New Delhi,21-04-2022,271,245.42,15.44,73.61,12.08,173.37
Delhi,New Delhi,23-04-2022,76,89.26,138.9,191.21,78.21,43.48
Delhi,New Delhi,27-04-2022,480,66.13,62.22,42.85,57.22,186.94
Delhi,New Delhi,28-04-2022,106,98.63,244.83,149.45,2.92,164.62
Delhi,New Delhi,02-05-2022,147,140.04,253.68,146.12,92.34,62.06
Delhi,New Delhi,05-05-2022,18,271.72,372.5,28.44,27.86,6.91
Delhi,New Delhi,08-05-2022,189,88.37,161.06,52.77,83.48,89.74
Delhi,New Delhi,16-05-2022,354,259.77,204.4,10.26,21.56,12.58
Delhi,New Delhi,19-05-2022,254,220.34,151.5,2.94,15.15,131.49
Delhi,New Delhi,24-05-2022,467,95.87,343.46,171.77,77.87,48.36
Delhi,New Delhi,26-05-2022,445,288.66,169.26,188.15,64.76,78.39
Delhi,New Delhi,30-05-2022,276.5,162.58,173.57,96.7,27.595,137.62
Delhi,New Delhi,31-05-2022,375,106.97,105.78,49.88,91.4,151.08
Delhi,New Delhi,01-06-2022,393,24.28,279.6,27.86,75.33,26.82
Delhi,New Delhi,02-06-2022,177.5,120.72,104.605,68.97,33.51,129.47
Delhi,New Delhi,05-06-2022,113,227.58,138.57,171.72,12.92,68.62
Delhi,New Delhi,13-06-2022,366,204.61,185.54,146.8,94.23,56.77
Delhi,New Delhi,19-06-2022,466,138.6,109.78,132.57,31.1,118.88
Delhi,New Delhi,22-06-2022,84,68.93,24.11,69.33,82.53,53.47
Delhi,New Delhi,24-06-2022,328,150.33,111.56,170.05,40.38,102.28
Delhi,New Delhi,26-06-2022,257,233.52,342.6,23.25,69.91,104.9
Delhi,New Delhi,27-06-2022,131,167.99,25.26,50.78,75.82,104.95
Delhi,New Delhi,28-06-2022,260.5,262.925,94.81,54.415,25.875,117.155
Delhi,New Delhi,06-07-2022,234,232.43,253.07,137.24,27.27,170.22
Delhi,New Delhi,08-07-2022,157,39.73,117.82,24.93,80.43,91.64
Delhi,New Delhi,09-07-2022,234,126.645,116.075,149.61,39.19,115.96
Delhi,New Delhi,11-07-2022,254,277.87,159.775,159.92,56.82,129.06
Delhi,New Delhi,14-07-2022,254,295.25,125.73,198.89,91.55,72.51
Delhi,New Delhi,15-07-2022,120,206.26,377.44,60.59,49.91,144.35
Delhi,New Delhi,16-07-2022,348,245.45,239.91,9.34,36.21,42.03
Delhi,New Delhi,23-07-2022,43,25.43,363.52,134.66,38.43,163.84
Delhi,New Delhi,30-07-2022,56,86.62,291.35,93.68,13.65,146.88
Delhi,New Delhi,04-08-2022,311.5,154.04,265.035,104.9,59.535,93.625
Delhi,New Delhi,14-08-2022,22,24.23,284.16,178.13,69.62,95.27
Delhi,New Delhi,20-08-2022,376,279.49,182.88,101,23.23,186.32
Delhi,New Delhi,21-08-2022,96,224.97,152.49,80.08,30.85,181.17
Delhi,New Delhi,22-08-2022,419,242.94,139.39,155.3,40.69,46.96
Delhi,New Delhi,24-08-2022,289,45.8,332.22,47.29,78.4,43.69
Delhi,New Delhi,25-08-2022,372,228.74,224.89,117.86,94.54,93.89
Delhi,New Delhi,27-08-2022,247,131,201.82,139.19,68.23,50.39
Delhi,New Delhi,29-08-2022,5,137.72,122.56,121.98,39.89,101.42
Delhi,New Delhi,08-09-2022,376.3333333,72.01,225.0733333,59.02,8.69,54.54
Delhi,New Delhi,09-09-2022,411,41.62,249.33,17.53,88.13,122.06
Delhi,New Delhi,12-09-2022,4,51.38,236.1,144.63,51.41,84.12
Delhi,New Delhi,13-09-2022,64,235.03,44.04,59.75,72.7,158.16
Delhi,New Delhi,16-09-2022,381,124.17,146.18,54.35,50.27,18.74
Delhi,New Delhi,20-09-2022,5,45.89,239.99,119.65,43.88,100.93
Delhi,New Delhi,22-09-2022,487,69.68,57.96,19.83,94.32,166.57
Delhi,New Delhi,24-09-2022,128,107.92,273.5,187.05,44.8,6.2
Delhi,New Delhi,30-09-2022,242.5,143.305,186.915,125.875,23.06,142.77
Delhi,New Delhi,05-10-2022,117,289.23,162.47,149.8,72.22,108.12
Delhi,New Delhi,10-10-2022,218,91.73,387.51,174.61,45.52,137.23
Delhi,New Delhi,12-10-2022,225,135.91,169.475,181.735,61.62,129.045
Delhi,New Delhi,13-10-2022,329,46.9,279.8,67.58,78.035,68.715
Delhi,New Delhi,23-10-2022,367,116.7,76.38,35.7,4.19,93.2
Delhi,New Delhi,25-10-2022,405,148.32,390.22,105.32,90.54,125.82
Delhi,New Delhi,27-10-2022,123,11.96,204.49,189.99,69.34,135.97
Delhi,New Delhi,31-10-2022,250,36.49,152.89,174.95,6.48,123.75
Delhi,New Delhi,03-11-2022,365,149.56,154.58,20.09,38.54,0.46
Delhi,New Delhi,07-11-2022,301,88.43,100.96,191.29,88.33,91.42
Delhi,New Delhi,10-11-2022,233,13.63,6.8,107.15,34.54,11.31
Delhi,New Delhi,11-11-2022,10,176.72,151.47,151.76,29.79,155.17
Delhi,New Delhi,14-11-2022,102,201.03,79.97,40.31,63.4,168
Delhi,New Delhi,15-11-2022,7,3.82,369.96,104.99,3.75,77.67
Delhi,New Delhi,18-11-2022,1,211.71,6.68,22.08,11.41,196.45
Delhi,New Delhi,19-11-2022,385,81.27,77.96,158.71,2.95,149.52
Delhi,New Delhi,25-11-2022,226,105.755,332.58,127.985,90.56,54.855
Delhi,New Delhi,28-11-2022,90,143.65,388.04,140.3,70.27,129.01
Delhi,New Delhi,29-11-2022,171,245.82,68.63,145.44,71.36,155.37
Delhi,New Delhi,03-12-2022,198,78.69,291.51,98.79,30.05,113.89
Delhi,New Delhi,04-12-2022,408,285.03,145.01,175.85,89.21,59.08
Delhi,New Delhi,05-12-2022,62,217.35,124.4,2.24,55.04,81.14
Delhi,New Delhi,09-12-2022,448,264.91,67.02,90.88,55.7,14.05
Delhi,New Delhi,10-12-2022,59,102.02,382.13,104.38,59.42,83.56
Delhi,New Delhi,11-12-2022,136,277.2,53.63,24.83,81.22,144.16
Delhi,New Delhi,12-12-2022,441,160.31,93.47,140.91,59.23,74.765
Delhi,New Delhi,14-12-2022,109,246.43,53.48,165.09,64.1,39.97
Delhi,New Delhi,15-12-2022,222,47.32,218.16,23.54,76.15,69.26
Delhi,New Delhi,23-12-2022,437.5,264.99,162.325,161.4,74.43,48.675
Delhi,New Delhi,26-12-2022,489,93.31,337.61,92.97,71.41,73.71
Delhi,New Delhi,30-12-2022,297.5,110.815,265.165,177.495,40.99,159.905
Gujarat,Ahmedabad,01-01-2015,277,31.99,346.97,136.71,74.33,54.86
Gujarat,Ahmedabad,14-01-2015,463,13.46,290.21,188.68,68.02,91.65
Gujarat,Ahmedabad,19-01-2015,466,115.35,37.23,23.44,0.88,121.43
Gujarat,Ahmedabad,31-01-2015,98,200.02,198.28,190.13,82.23,4.37
Gujarat,Ahmedabad,13-02-2015,353,101.46,388.21,85.89,30.11,147.25
Gujarat,Ahmedabad,21-02-2015,291,167.22,49.35,109.15,94.48,178.44
Gujarat,Ahmedabad,25-02-2015,432,143.72,17.44,160.41,0.46,160.69
Gujarat,Ahmedabad,02-03-2015,333,193.91,237.59,77.15,12.65,7
Gujarat,Ahmedabad,10-03-2015,267,278.38,178.62,159.63,86.32,72.79
Gujarat,Ahmedabad,11-03-2015,240,159.38,81.16,137.75,34.22,105.35
Gujarat,Ahmedabad,14-03-2015,140,254.99,131.22,126.06,96.49,123.7
Gujarat,Ahmedabad,15-03-2015,52,123.89,326.63,80.32,81.05,147.76
Gujarat,Ahmedabad,24-03-2015,95,3.49,118.5,3.03,14.24,98.76
Gujarat,Ahmedabad,31-03-2015,114,183.52,120.81,155.96,61.3,182.82
Gujarat,Ahmedabad,03-04-2015,12,16.32,349.31,159.4,5.93,134.95
Gujarat,Ahmedabad,06-04-2015,329,242.52,237.47,112.35,19.98,111.19
Gujarat,Ahmedabad,11-04-2015,426,89.58,265.92,181.11,49.35,15.33
Gujarat,Ahmedabad,18-04-2015,293,220.25,325.91,156.64,12.19,48.96
Gujarat,Ahmedabad,19-04-2015,444,92.23,212.43,7.01,74.81,165.5
Gujarat,Ahmedabad,24-04-2015,371,248.35,345.97,150.21,17.61,133.04
Gujarat,Ahmedabad,30-04-2015,434,252.25,62.53,129.86,26.93,148.99
Gujarat,Ahmedabad,01-05-2015,375,47.97,201.7,13.28,71.5,18.52
Gujarat,Ahmedabad,07-05-2015,36,40.55,205.76,36.93,29.02,83.59
Gujarat,Ahmedabad,08-05-2015,130,204.45,70.99,24.74,94.91,4.24
Gujarat,Ahmedabad,04-06-2015,210,278.86,81.97,106.35,78.43,45.71
Gujarat,Ahmedabad,14-06-2015,417,166.64,208.82,62.08,31.42,123.85
Gujarat,Ahmedabad,23-06-2015,143,197.59,102.65,177.4,61.32,109.35
Gujarat,Ahmedabad,19-07-2015,199,177.47,325.15,45.77,39.4,46.57
Gujarat,Ahmedabad,02-08-2015,262,146.81,203.61,182.07,68.74,70.3
Gujarat,Ahmedabad,08-08-2015,113,276.91,383.69,187.46,21.22,58.25
Gujarat,Ahmedabad,16-08-2015,475,55.15,311.24,123.45,28.39,99.22
Gujarat,Ahmedabad,22-08-2015,327,49.36,354.99,47.38,74.53,70.94
Gujarat,Ahmedabad,26-08-2015,331,225.97,351.81,67.31,94.11,86.52
Gujarat,Ahmedabad,29-08-2015,458,243.18,274.01,150.11,49.01,179.17
Gujarat,Ahmedabad,11-09-2015,86.5,66.345,37.375,100.585,85.665,135.465
Gujarat,Ahmedabad,15-09-2015,30,98.54,343.56,90.83,74.11,197.5
Gujarat,Ahmedabad,18-09-2015,95,33.03,351.01,43.08,84.15,67.74
Gujarat,Ahmedabad,03-10-2015,492,4.42,318.56,136.59,12.39,87.06
Gujarat,Ahmedabad,11-10-2015,499,271.65,284.56,70.51,37.56,82.82
Gujarat,Ahmedabad,25-10-2015,237,285.28,385.79,181.69,18.23,165.43
Gujarat,Ahmedabad,27-10-2015,26,294.86,129.21,98.04,6.64,29.57
Gujarat,Ahmedabad,13-11-2015,226,118.3,125.17,196.79,69.02,83.67
Gujarat,Ahmedabad,14-11-2015,357,30.37,107,54.43,82.9,105.03
Gujarat,Ahmedabad,26-11-2015,16,114.59,264.02,47.86,45.32,10.68
Gujarat,Ahmedabad,27-11-2015,316,1.4,192.59,138.86,40.71,194.9
Gujarat,Ahmedabad,25-12-2015,114,51.22,325.77,38.94,83.47,48.99
Gujarat,Ahmedabad,02-01-2016,415,124.61,102.54,82.76,2.58,96.2
Gujarat,Ahmedabad,20-01-2016,464,53.34,296.61,101.74,34.94,98.85
Gujarat,Ahmedabad,26-01-2016,113,130.31,32.88,130.39,65.14,106.44
Gujarat,Ahmedabad,06-02-2016,189.5,133.51,187.34,17.91,63.3,84.9
Gujarat,Ahmedabad,13-02-2016,155,92.1,360.13,17.97,96.46,7.49
Gujarat,Ahmedabad,19-02-2016,234,176.99,50.38,134.09,80.34,75.97
Gujarat,Ahmedabad,22-02-2016,193,265.37,280.25,155.81,73.68,23.34
Gujarat,Ahmedabad,02-03-2016,399,6.59,300.77,180.23,69.66,11
Gujarat,Ahmedabad,07-03-2016,256,194.79,231.04,45.03,97.68,63.88
Gujarat,Ahmedabad,13-03-2016,249,78.25,221.96,33.26,56.89,107.9
Gujarat,Ahmedabad,14-03-2016,17,94.85,45.89,189.14,93.63,145.54
Gujarat,Ahmedabad,21-03-2016,225,112.05,118.14,36.52,58.4,100.99
Gujarat,Ahmedabad,28-04-2016,40,51.92,186.54,138.16,87.97,97.03
Gujarat,Ahmedabad,05-05-2016,34,50.49,338.89,192.24,34.26,133.78
Gujarat,Ahmedabad,28-05-2016,366,255,247.29,83.84,89.64,194.74
Gujarat,Ahmedabad,29-05-2016,426,42.34,396.21,137.33,73.69,134.88
Gujarat,Ahmedabad,10-06-2016,89,179.69,71.43,138.7,66.12,148.7
Gujarat,Ahmedabad,13-06-2016,226,63.81,50.06,90.99,14.29,150.81
Gujarat,Ahmedabad,17-06-2016,330,284.66,217.19,55.45,10.01,71.36
Gujarat,Ahmedabad,22-06-2016,166,85.03,31.66,66.81,57.76,168.23
Gujarat,Ahmedabad,25-06-2016,219,91.24,360.99,126,2.96,115.28
Gujarat,Ahmedabad,26-06-2016,141,128.65,45.2,168.94,6.48,33.66
Gujarat,Ahmedabad,27-06-2016,477,181.4,103.24,80.6,85.15,158.57
Gujarat,Ahmedabad,28-06-2016,444,265.34,49.7,112.36,83.52,23.19
Gujarat,Ahmedabad,18-07-2016,314,56.02,142.45,26,64.96,90.61
Gujarat,Ahmedabad,23-07-2016,365,269.66,142.17,11.65,74.29,109.84
Gujarat,Ahmedabad,24-07-2016,65,23.8,220.78,140.82,36.2,34.66
Gujarat,Ahmedabad,02-08-2016,171,249.31,394.21,137.53,60.05,115.57
Gujarat,Ahmedabad,08-08-2016,282,73.28,386.5,49.38,47.35,44.93
Gujarat,Ahmedabad,09-08-2016,353,157.5,49.31,138.99,29.04,162.62
Gujarat,Ahmedabad,16-08-2016,209,26.64,22.47,181.46,79.59,198.86
Gujarat,Ahmedabad,26-08-2016,271,221.46,56.62,108.47,87.72,156.84
Gujarat,Ahmedabad,05-09-2016,414.5,140.43,93.8,107.275,61.04,125.73
Gujarat,Ahmedabad,30-09-2016,381,162.7,156.81,195.07,11.07,84.71
Gujarat,Ahmedabad,31-10-2016,37,35.97,30.69,104.8,61.27,67.26
Gujarat,Ahmedabad,26-11-2016,305,154.78,192.57,189.72,41.27,102.05
Gujarat,Ahmedabad,09-12-2016,432,4.16,158.06,45.87,76.12,86.07
Gujarat,Ahmedabad,24-12-2016,310,212.06,96.9,148.09,41.43,159.865
Gujarat,Ahmedabad,01-01-2017,190,85.915,161.275,128.91,41.67,146.77
Gujarat,Ahmedabad,03-01-2017,148,296.8,245.26,71.95,53.09,105.9
Gujarat,Ahmedabad,08-01-2017,486,229.5,254.93,137.54,88.7,49.87
Gujarat,Ahmedabad,10-01-2017,467,128.06,30.39,96.88,72.15,131.76
Gujarat,Ahmedabad,11-01-2017,150,106.32,361.22,146.58,67.75,65.89
Gujarat,Ahmedabad,22-01-2017,488,14.92,399.57,111.3,51.65,110.06
Gujarat,Ahmedabad,25-01-2017,408,147.59,131.3,41.45,59.01,159.26
Gujarat,Ahmedabad,28-01-2017,177,268.66,73.52,86.42,66.98,23.47
Gujarat,Ahmedabad,02-02-2017,159,246.72,320.98,79.36,76.18,189.19
Gujarat,Ahmedabad,03-02-2017,21,76.73,384.45,56.47,30.65,50.4
Gujarat,Ahmedabad,07-02-2017,346,126.89,168.83,153.17,77.56,155.53
Gujarat,Ahmedabad,12-02-2017,361,244.77,321.97,111.99,21.8,23.8
Gujarat,Ahmedabad,17-02-2017,402,297.51,81.45,18.27,33.41,42.44
Gujarat,Ahmedabad,26-02-2017,274,46.35,213.79,48,41.77,119.03
Gujarat,Ahmedabad,27-02-2017,232,141.69,69.82,112.24,70,104.48
Gujarat,Ahmedabad,04-04-2017,249,294.73,74.8,22.03,92.88,7.7
Gujarat,Ahmedabad,08-04-2017,409,0.82,107.38,3.69,80.98,170.59
Gujarat,Ahmedabad,04-05-2017,32,22.39,89.07,173.8,58.67,154.63
Gujarat,Ahmedabad,10-05-2017,313,115.97,138.47,25.07,68.34,119.88
Gujarat,Ahmedabad,25-05-2017,259,261.41,190.14,144.31,13.21,156
Gujarat,Ahmedabad,29-05-2017,84,249.84,246.95,47.8,83.3,10.54
Gujarat,Ahmedabad,14-07-2017,157,279.21,102.2,16.54,84.19,172.29
Gujarat,Ahmedabad,21-07-2017,115,273.39,318.08,52.57,47.21,191.89
Gujarat,Ahmedabad,22-07-2017,476,207.56,22.91,108.55,23.18,8.24
Gujarat,Ahmedabad,28-07-2017,401,270.47,18.12,9.39,65.07,135.49
Gujarat,Ahmedabad,02-08-2017,477,284.2,284.42,119,76.16,7.74
Gujarat,Ahmedabad,08-08-2017,391,31.31,290.15,198.59,45.86,34.3
Gujarat,Ahmedabad,13-08-2017,340,112.89,212.3,43.44,80.46,24
Gujarat,Ahmedabad,02-09-2017,341,222.85,274.74,127.09,53.39,32.62
Gujarat,Ahmedabad,24-09-2017,350,287.31,322.84,92.6,29.61,91.19
Gujarat,Ahmedabad,27-09-2017,24,55.18,87.2,173.65,68.95,136.55
Gujarat,Ahmedabad,28-09-2017,308,149.51,356.49,187.12,30.64,141.12
Gujarat,Ahmedabad,08-10-2017,148,29.75,221.03,106.12,86.41,85.61
Gujarat,Ahmedabad,18-10-2017,110,155.52,151.95,103.04,75.3,30.25
Gujarat,Ahmedabad,20-10-2017,255,131.38,64.01,56.37,95.22,76.99
Gujarat,Ahmedabad,22-10-2017,366,154.36,324.67,121.52,86.86,51.45
Gujarat,Ahmedabad,26-10-2017,181,294.26,311.69,65.77,47.28,34.49
Gujarat,Ahmedabad,07-11-2017,181,240.98,7.79,79.23,29.86,147.92
Gujarat,Ahmedabad,13-11-2017,104,71.78,284.23,56.87,7.07,69.21
Gujarat,Ahmedabad,07-12-2017,311,197.06,138.37,57.52,62.43,147.31
Gujarat,Ahmedabad,25-12-2017,456,121.25,266.09,171.46,68.73,25.46
Gujarat,Ahmedabad,29-12-2017,259,195.02,341.87,44.43,7.63,156.42
Gujarat,Ahmedabad,31-12-2017,122,261.91,382.91,9.74,42.35,181.17
Gujarat,Ahmedabad,11-01-2018,450,168.11,379.15,120.68,57.28,44.97
Gujarat,Ahmedabad,17-01-2018,378,257.98,12.91,106.91,81.71,72.44
Gujarat,Ahmedabad,21-01-2018,203,191.43,63.89,145.93,40.3,176.5
Gujarat,Ahmedabad,03-02-2018,376,87.98,332.25,182.22,43.64,57.54
Gujarat,Ahmedabad,06-02-2018,441,106.32,173.71,90.04,59.24,135.2
Gujarat,Ahmedabad,18-02-2018,420,224.13,214.82,30.6,16.59,119.48
Gujarat,Ahmedabad,23-02-2018,148,161.89,256.9,158.7,96.55,87.61
Gujarat,Ahmedabad,04-03-2018,1,87.64,259.18,30.24,10.33,58.49
Gujarat,Ahmedabad,15-03-2018,268,215.05,246.94,158.89,48.76,75.07
Gujarat,Ahmedabad,19-03-2018,179,20.23,321.29,133.46,26.79,11.26
Gujarat,Ahmedabad,22-03-2018,250,194.17,189.79,11.42,69.38,145.21
Gujarat,Ahmedabad,24-03-2018,403,164.38,310.88,15.73,79.41,101.41
Gujarat,Ahmedabad,07-04-2018,477,257.24,32.46,188.88,0.89,75.78
Gujarat,Ahmedabad,10-04-2018,397,231.03,54.04,90.41,30.29,162.33
Gujarat,Ahmedabad,17-04-2018,252,4.87,62.66,97.78,68.27,172.08
Gujarat,Ahmedabad,19-04-2018,241,251.34,193.89,0.67,92.73,65.56
Gujarat,Ahmedabad,20-04-2018,340,23.21,345.42,14.69,68.18,104.73
Gujarat,Ahmedabad,27-04-2018,312,184.15,47.01,95.34,47.71,176.75
Gujarat,Ahmedabad,10-05-2018,408,75.09,1.95,169.07,59.36,11.88
Gujarat,Ahmedabad,22-05-2018,174,133.07,328.23,97.95,47.64,123.16
Gujarat,Ahmedabad,25-05-2018,414,101.87,191.68,119.24,49.2,55.2
Gujarat,Ahmedabad,03-06-2018,428,219.01,344.69,133.84,55.15,61.32
Gujarat,Ahmedabad,04-06-2018,170,85.83,130.61,85.72,55.39,18.84
Gujarat,Ahmedabad,05-06-2018,166.3333333,104.1666667,90.98,122.73,32.60666667,94.60333333
Gujarat,Ahmedabad,21-06-2018,184,207.64,352.35,157.92,21.96,48.89
Gujarat,Ahmedabad,08-07-2018,424,193.72,35.9,106.66,30.62,24.84
Gujarat,Ahmedabad,12-07-2018,500,49.66,203,176.73,71.78,15.18
Gujarat,Ahmedabad,23-07-2018,257.5,235.845,173.71,99.24,61.53,55.07
Gujarat,Ahmedabad,24-08-2018,83,262.52,11.08,88.27,18.78,156.72
Gujarat,Ahmedabad,29-08-2018,123,110.4,344.55,125.26,22.98,158.78
Gujarat,Ahmedabad,16-09-2018,406,47.41,112.58,66.98,85.94,164.77
Gujarat,Ahmedabad,21-09-2018,62,46.94,63.72,45.16,18.71,107.06
Gujarat,Ahmedabad,27-09-2018,47,220.35,315.7,45.56,42.4,86.15
Gujarat,Ahmedabad,28-09-2018,444,199.74,302.58,32.68,7.51,101.15
Gujarat,Ahmedabad,02-10-2018,211,20,106.02,166.88,38.21,47.6
Gujarat,Ahmedabad,03-10-2018,20,277.81,205.16,55.41,20.89,194.88
Gujarat,Ahmedabad,18-10-2018,311,206.995,73.68,90.645,30.51,57.46
Gujarat,Ahmedabad,07-11-2018,98,63.27,41.17,136.1,27.56,199.12
Gujarat,Ahmedabad,07-12-2018,89,97.85,173.34,144.83,76.99,97.66
Gujarat,Ahmedabad,10-12-2018,371,144.17,268.68,6.68,89.34,55.91
Gujarat,Ahmedabad,14-12-2018,324,74.28,122.6,142.52,86.6,37.69
Gujarat,Ahmedabad,24-12-2018,481,36.27,227.34,37.16,53.47,132
Gujarat,Ahmedabad,28-12-2018,59,2.44,139.81,135.26,78.35,129.2
Gujarat,Ahmedabad,01-01-2019,488,201.91,374.97,147.06,97.38,65.2
Gujarat,Ahmedabad,15-01-2019,426,35.42,278.92,65.25,13.35,147.44
Gujarat,Ahmedabad,01-02-2019,72,140.69,269.73,135.37,69.56,8.31
Gujarat,Ahmedabad,04-02-2019,310,69.98,308.42,199.99,51.25,36.51
Gujarat,Ahmedabad,13-02-2019,372,31.36,124.25,106.28,39.16,181.08
Gujarat,Ahmedabad,16-02-2019,298,277.96,307.92,31.65,57.22,46.17
Gujarat,Ahmedabad,26-02-2019,412,128.98,235.83,27.54,74.2,135.91
Gujarat,Ahmedabad,02-03-2019,345,126.7,331.86,179.38,87.75,93.94
Gujarat,Ahmedabad,06-03-2019,163,186.93,176.68,176.34,63.94,147.45
Gujarat,Ahmedabad,12-03-2019,195,266.08,163.14,198.55,28.96,33.77
Gujarat,Ahmedabad,22-03-2019,52,60.48,337.05,192.4,87.56,22.54
Gujarat,Ahmedabad,23-03-2019,131,142.22,294.8,91.96,92.1,43.29
Gujarat,Ahmedabad,24-03-2019,18,91.8,71.94,46.33,37.95,14.12
Gujarat,Ahmedabad,28-03-2019,76,189.81,350.43,115.18,33.6,102.97
Gujarat,Ahmedabad,03-04-2019,95,251.14,278.52,32.62,41.96,168.12
Gujarat,Ahmedabad,04-04-2019,10,117.64,34.7,54.2,28.87,84.87
Gujarat,Ahmedabad,07-04-2019,487,87.2,64.59,91.34,33.13,141.58
Gujarat,Ahmedabad,14-04-2019,286,228.67,52.87,169.2,9.22,91.25
Gujarat,Ahmedabad,21-04-2019,284,58.2,179.6,154.5,23.49,86.19
Gujarat,Ahmedabad,28-04-2019,147.5,21.295,284.225,111.075,6.42,103.965
Gujarat,Ahmedabad,24-05-2019,266,278.98,370.91,47.56,25.23,152.99
Gujarat,Ahmedabad,28-06-2019,344,149.96,238.97,191.57,82.92,84.27
Gujarat,Ahmedabad,09-07-2019,286,2.97,63.8,44.91,3.41,94.62
Gujarat,Ahmedabad,13-07-2019,302,10.9,328.63,84.78,2.1,131.18
Gujarat,Ahmedabad,20-07-2019,307,240.64,123.1,118.685,45.715,116.71
Gujarat,Ahmedabad,25-07-2019,390,228.23,326.06,77.24,77.83,99.66
Gujarat,Ahmedabad,30-07-2019,495,227.26,278.13,102.78,34.84,15.17
Gujarat,Ahmedabad,02-08-2019,480,122.36,364.36,74.96,91.57,45.18
Gujarat,Ahmedabad,06-08-2019,442,3.07,48.54,171.04,64.64,25.36
Gujarat,Ahmedabad,20-08-2019,197,256.02,219.78,9.66,33.15,156.6
Gujarat,Ahmedabad,02-09-2019,74,239.87,122,114.53,80.35,160.71
Gujarat,Ahmedabad,27-09-2019,175,199.56,394.21,17.62,46.28,159.89
Gujarat,Ahmedabad,13-10-2019,467,269.29,249.97,65.14,83.45,134.74
Gujarat,Ahmedabad,14-10-2019,103,135.08,128.58,96.83,73.59,181.1
Gujarat,Ahmedabad,29-10-2019,446,298.06,215.55,134.45,33.7,151.45
Gujarat,Ahmedabad,13-11-2019,359,255.08,121.85,148.76,70.35,62.94
Gujarat,Ahmedabad,24-11-2019,65,279.81,94.69,124.67,33.43,194.43
Gujarat,Ahmedabad,07-12-2019,423,286.86,305.96,115.48,16.94,188.35
Gujarat,Ahmedabad,13-12-2019,385,133.68,128.77,108.24,6.69,164.38
Gujarat,Ahmedabad,14-12-2019,317,79.83,168.38,189.34,13.38,51.74
Gujarat,Ahmedabad,17-12-2019,255,210.15,190.84,191.23,15.02,67.63
Gujarat,Ahmedabad,18-12-2019,467,249.45,40.12,159.01,46.83,47.96
Gujarat,Ahmedabad,22-12-2019,206,284.15,327.27,119.69,86.84,51.16
Gujarat,Ahmedabad,25-12-2019,344,153.68,131.94,39.12,97.15,82.14
Gujarat,Ahmedabad,29-12-2019,163,211.28,312.53,10.21,24.21,157.54
Gujarat,Ahmedabad,31-12-2019,147,115.86,344.65,147.04,24.7,85.65
Gujarat,Ahmedabad,05-01-2020,195,244.35,42.65,164.66,49.03,147.98
Gujarat,Ahmedabad,09-01-2020,123,92.23,201.22,154.88,6.98,179.11
Gujarat,Ahmedabad,10-01-2020,363,69.98,316.685,180.865,62.41,44.79
Gujarat,Ahmedabad,13-01-2020,67,90.65,353.54,124.04,50.91,57.28
Gujarat,Ahmedabad,15-01-2020,441,279.31,236.2,63.05,36.33,19.22
Gujarat,Ahmedabad,19-01-2020,305,258.46,106.52,26.12,9.62,154.52
Gujarat,Ahmedabad,22-01-2020,360,60.6,88.18,137.4,40.63,183.01
Gujarat,Ahmedabad,06-02-2020,283,27.9,290.08,121.35,94.6,167.78
Gujarat,Ahmedabad,13-02-2020,244,126.42,132.41,48.69,6.47,106.06
Gujarat,Ahmedabad,23-02-2020,427,87.43,356.57,176.05,86.21,113.38
Gujarat,Ahmedabad,27-02-2020,13,200.97,315.24,193.8,79.47,174.74
Gujarat,Ahmedabad,28-02-2020,109,231.28,85.12,110.9,37.2,87.63
Gujarat,Ahmedabad,14-03-2020,103,115.96,106.77,194.64,55.43,26.41
Gujarat,Ahmedabad,18-03-2020,171,16.25,306.38,34.66,58.75,91.24
Gujarat,Ahmedabad,25-03-2020,467,98,140.69,20.19,18.85,125.78
Gujarat,Ahmedabad,06-04-2020,282,1.97,27.64,117.71,15.07,170.34
Gujarat,Ahmedabad,16-04-2020,195,70.75,41.82,64.22,78.78,152.56
Gujarat,Ahmedabad,16-05-2020,208,235.58,198.12,75.11,70.39,135.38
Gujarat,Ahmedabad,20-05-2020,439,14.48,37.68,48.42,47.72,182.9
Gujarat,Ahmedabad,10-06-2020,146,66.67,48.24,119.72,22.23,104.67
Gujarat,Ahmedabad,12-06-2020,220,17.25,97.71,112.85,75.68,32.19
Gujarat,Ahmedabad,16-06-2020,266,274.67,398.01,47.74,89.53,174.17
Gujarat,Ahmedabad,21-06-2020,21,267.28,315,182.44,80.71,184.52
Gujarat,Ahmedabad,22-06-2020,92,16.32,321.93,43.54,93.88,147.45
Gujarat,Ahmedabad,23-06-2020,400,167.7,300.6,9.37,17.51,160.95
Gujarat,Ahmedabad,26-06-2020,130,17.29,236.73,173.27,3.64,173.25
Gujarat,Ahmedabad,27-06-2020,213,255.19,325.275,88.02,64.05,172.77
Gujarat,Ahmedabad,06-07-2020,157,76.63,189.27,114.87,74.38,176.83
Gujarat,Ahmedabad,20-07-2020,75,118.62,303.03,191.7,83.11,121.88
Gujarat,Ahmedabad,21-07-2020,238,39.77,226.1,176.42,7.63,37.24
Gujarat,Ahmedabad,14-08-2020,205,288.18,340.19,181.5,52.46,121.64
Gujarat,Ahmedabad,08-09-2020,377,141.76,173.38,137.1,86.05,158.45
Gujarat,Ahmedabad,02-10-2020,354,129.03,367.75,137.75,69.9,123.51
Gujarat,Ahmedabad,07-10-2020,356,185.33,179.04,155.34,12.8,134.01
Gujarat,Ahmedabad,14-10-2020,162,199.45,77.83,59.64,89.99,113.42
Gujarat,Ahmedabad,08-11-2020,370,20.64,164.2,89.09,74.94,141.45
Gujarat,Ahmedabad,11-11-2020,431,163.79,364.86,190.22,66.15,86.14
Gujarat,Ahmedabad,12-11-2020,401,81.08,249.75,52.08,31.84,124.21
Gujarat,Ahmedabad,20-11-2020,341,281.79,64.64,54.4,57.24,33.81
Gujarat,Ahmedabad,04-12-2020,482,66.84,229.62,48.38,5.39,93.37
Gujarat,Ahmedabad,18-12-2020,248,73.73,39.99,98.07,98.94,122.97
Gujarat,Ahmedabad,31-01-2021,406,227.11,291.8,119.82,52.77,157.11
Gujarat,Ahmedabad,11-02-2021,151,111.88,125.89,165.61,41.84,165.34
Gujarat,Ahmedabad,07-03-2021,9,116.48,383.2,122.65,10.44,178.03
Gujarat,Ahmedabad,23-03-2021,65,195.16,98.22,139.79,33.17,26.25
Gujarat,Ahmedabad,27-03-2021,218,101.51,262.86,153.09,80.41,34.15
Gujarat,Ahmedabad,29-03-2021,391,299.58,79.42,136.5,29.53,133.96
Gujarat,Ahmedabad,07-04-2021,361,19.37,314.07,179.23,87.64,121.22
Gujarat,Ahmedabad,10-04-2021,172,62.1,307.22,140.67,49.14,134.97
Gujarat,Ahmedabad,13-04-2021,466,140.29,2.33,155.28,71.38,74.65
Gujarat,Ahmedabad,26-04-2021,17,37.04,303.08,68.63,93.85,174.07
Gujarat,Ahmedabad,05-05-2021,257,176.07,282.15,173.4,79.94,152.55
Gujarat,Ahmedabad,11-05-2021,23,159.13,185.73,155.97,14.3,35.22
Gujarat,Ahmedabad,19-05-2021,429,208.27,28.24,137.9,70.03,172.85
Gujarat,Ahmedabad,26-05-2021,207,97.68,296.57,181.28,6.28,127.91
Gujarat,Ahmedabad,17-06-2021,179,298.68,19.95,69.5,76.78,163.54
Gujarat,Ahmedabad,20-06-2021,482,278.95,110.93,139.97,49.42,139.99
Gujarat,Ahmedabad,24-06-2021,154,157.37,118.68,190.56,61.95,125.2
Gujarat,Ahmedabad,18-07-2021,222,34.61,7.93,12.08,10.25,38.29
Gujarat,Ahmedabad,19-07-2021,188,64.51,240.51,166.55,80.19,47.89
Gujarat,Ahmedabad,07-08-2021,496,143.94,59.9,165.84,78.38,55.83
Gujarat,Ahmedabad,22-08-2021,240,12.54,100.52,165.98,1.07,24.69
Gujarat,Ahmedabad,28-08-2021,389,175.74,315.97,26.17,38.72,54.62
Gujarat,Ahmedabad,07-09-2021,127,195.22,181.29,178.83,89.44,6.22
Gujarat,Ahmedabad,09-09-2021,336,7.81,304.81,173.7,93.89,126.27
Gujarat,Ahmedabad,10-09-2021,178,97.51,349.16,137.25,39.21,197.94
Gujarat,Ahmedabad,25-09-2021,6,130.99,221.47,55.8,37.61,100.06
Gujarat,Ahmedabad,13-10-2021,246.5,221.825,195.395,88.765,14.07,109.72
Gujarat,Ahmedabad,24-10-2021,334,258.44,279.52,186.82,60.88,108.54
Gujarat,Ahmedabad,12-11-2021,229,193.27,317.11,152.6,37.97,50.82
Gujarat,Ahmedabad,14-11-2021,217,147.13,51.67,89.43,2.6,150.82
Gujarat,Ahmedabad,17-11-2021,204,39.47,322.74,99.91,71.93,66.15
Gujarat,Ahmedabad,25-11-2021,324,207.44,138.93,119.67,58.58,22.91
Gujarat,Ahmedabad,09-12-2021,410,56.76,318.98,182,99.85,104
Gujarat,Ahmedabad,14-12-2021,395,47.45,322.01,32.85,84.8,142.56
Gujarat,Ahmedabad,20-12-2021,480,199.83,111.27,169.83,0.69,96.11
Gujarat,Ahmedabad,26-12-2021,338,214.16,241.72,13.23,86.39,84.59
Gujarat,Ahmedabad,13-01-2022,195,154.52,32.69,199.99,13.75,183.56
Gujarat,Ahmedabad,17-01-2022,468,74.67,56.26,86.2,92.36,28.07
Gujarat,Ahmedabad,21-01-2022,174,69.23,270.07,65.82,38.7,2.21
Gujarat,Ahmedabad,02-02-2022,290,271.45,258.17,95.59,13.92,52.88
Gujarat,Ahmedabad,14-02-2022,497,230.12,306.71,48.24,38.06,29.81
Gujarat,Ahmedabad,05-03-2022,136,229.07,170.84,55.36,52.29,96.96
Gujarat,Ahmedabad,10-03-2022,139,267.16,262.44,22.15,45.75,156.04
Gujarat,Ahmedabad,20-03-2022,96,232.71,328.73,7.69,67.82,156.33
Gujarat,Ahmedabad,10-04-2022,458,261.04,27.07,166.66,40.2,63.83
Gujarat,Ahmedabad,11-04-2022,162,78.4,338.17,121.47,37.71,27.02
Gujarat,Ahmedabad,24-04-2022,330,132.28,301.51,38.68,59.18,172.36
Gujarat,Ahmedabad,02-05-2022,254,82.2,175.94,46.99,85.35,110.89
Gujarat,Ahmedabad,09-05-2022,118,121.21,5.72,22.15,38.77,162.24
Gujarat,Ahmedabad,25-05-2022,11,198.77,62.75,179.76,61.02,97.6
Gujarat,Ahmedabad,04-06-2022,167,112.91,133.22,7.41,22.46,180.34
Gujarat,Ahmedabad,01-07-2022,331,82.63,39.93,180.57,29.45,49.05
Gujarat,Ahmedabad,02-07-2022,301,148.92,168.28,187.27,24.52,63.23
Gujarat,Ahmedabad,12-07-2022,199,257.74,377.5,138.27,97.13,32.18
Gujarat,Ahmedabad,14-07-2022,75,77.81,184.02,5.88,99.04,61.24
Gujarat,Ahmedabad,24-07-2022,231,261.46,387.09,81.52,87.42,70.26
Gujarat,Ahmedabad,27-07-2022,319,26.43,379.22,197.47,27.11,177.48
Gujarat,Ahmedabad,01-08-2022,129,109.6333333,270.3,102.1466667,44.07333333,126.7533333
Gujarat,Ahmedabad,04-08-2022,258,267.56,361.99,100.56,54.29,190.09
Gujarat,Ahmedabad,05-09-2022,82,21.17,341.29,157.23,81.42,110.93
Gujarat,Ahmedabad,06-09-2022,383,284.56,163.98,119.07,82.9,107.89
Gujarat,Ahmedabad,14-09-2022,249.5,124.185,160.455,42.74,23.205,145.155
Gujarat,Ahmedabad,05-10-2022,424,40.4,363.31,87.64,2.45,105.57
Gujarat,Ahmedabad,09-10-2022,234,41.5,244.11,157.7,27.25,157.79
Gujarat,Ahmedabad,13-10-2022,333,14.16,145.97,155.84,2.2,147.07
Gujarat,Ahmedabad,21-10-2022,312,156.28,337.89,162.22,23.38,116.23
Gujarat,Ahmedabad,22-10-2022,367,9.1,351.09,107.65,9.36,188.42
Gujarat,Ahmedabad,25-10-2022,279,88.71,291.37,30.13,10.48,115.74
Gujarat,Ahmedabad,04-11-2022,89,108.08,29.41,92.39,92.14,92.89
Gujarat,Ahmedabad,10-11-2022,281,128.41,322.33,48.99,67.17,70.42
Gujarat,Ahmedabad,26-11-2022,383,165.23,379.86,29.8,58.23,144.12
Gujarat,Ahmedabad,27-11-2022,425,247.95,139.93,22.65,74.27,174.02
Gujarat,Ahmedabad,29-11-2022,134,92.48,357.01,50.11,50.55,38.95
Gujarat,Ahmedabad,11-12-2022,272,2.03,277.58,180.16,88.21,42.57
Gujarat,Ahmedabad,17-12-2022,164,209.29,43.37,81.61,6.99,172.23
Gujarat,Surat,13-01-2015,328,242.96,73.86,113.08,67.03,99.97
Gujarat,Surat,15-01-2015,211,260.6,220.79,116.46,74.37,162.69
Gujarat,Surat,18-01-2015,82,192.24,252.14,44.01,82.18,46.82
Gujarat,Surat,28-01-2015,124,86.7,93.79,7.42,92.42,134.66
Gujarat,Surat,04-02-2015,463,100.82,49.77,88.05,37.07,141.52
Gujarat,Surat,06-02-2015,287.5,107.14,105.92,70.135,26.29,105.98
Gujarat,Surat,14-02-2015,170,296.67,147.17,8.32,63.68,195.11
Gujarat,Surat,18-02-2015,298,194.64,187.9,104.08,76.12,167.44
Gujarat,Surat,10-03-2015,171,101.315,244.225,117.29,29.75,103.475
Gujarat,Surat,23-03-2015,417,214.61,218.91,120.91,66.85,141.11
Gujarat,Surat,27-03-2015,223,90.87,144.7,160.36,14.18,155.28
Gujarat,Surat,14-04-2015,56,150.94,203.66,57.03,32.08,142.51
Gujarat,Surat,27-04-2015,242,176.03,74.64,12.37,67.06,73.94
Gujarat,Surat,01-05-2015,257,177.96,32.37,13.71,24.13,23.2
Gujarat,Surat,06-05-2015,303,19.71,68.24,58.27,96.95,169.93
Gujarat,Surat,13-05-2015,415,87.53,22.87,19.18,11.23,31.9
Gujarat,Surat,20-05-2015,297,72.19,205.17,16.72,65.05,64.23
Gujarat,Surat,06-07-2015,397,9.69,145.52,192.45,97.09,34.79
Gujarat,Surat,17-07-2015,415,281.27,190.63,169.18,55.53,18.07
Gujarat,Surat,18-07-2015,443,96.01,122.87,31.67,83.85,153.56
Gujarat,Surat,23-07-2015,498,18.87,23.85,127.79,66.31,23.69
Gujarat,Surat,01-09-2015,311,29.83,393.5,107.1,4.91,21.16
Gujarat,Surat,06-09-2015,382,246.49,323.74,32.99,80.42,148.11
Gujarat,Surat,20-09-2015,163,147.71,246.37,119.46,21.37,29.62
Gujarat,Surat,01-10-2015,323,142.95,320.98,193.73,13.04,141.65
Gujarat,Surat,13-10-2015,207,88.53,184.92,128.82,47.45,181.54
Gujarat,Surat,15-10-2015,494,92.51,293.19,98.95,67.06,60.38
Gujarat,Surat,16-10-2015,232,270.49,25.39,83.84,85.56,123.95
Gujarat,Surat,28-11-2015,427,69.5,196.42,179.03,97.81,113.6
Gujarat,Surat,04-12-2015,376,184.35,330.97,25.79,44.5,58.87
Gujarat,Surat,11-12-2015,26,132.1,16.48,77.99,33.24,179.29
Gujarat,Surat,16-12-2015,274,160.68,94.28,8.84,56.16,15.19
Gujarat,Surat,18-12-2015,43,254.36,386.97,4.6,6.65,60.72
Gujarat,Surat,27-12-2015,409,82.47,297.7,0.11,33.26,117.53
Gujarat,Surat,29-12-2015,234,266.72,219.31,2.88,56.44,16.27
Gujarat,Surat,10-01-2016,107.5,127.12,277.89,71,49.96,88.54
Gujarat,Surat,20-01-2016,426,23.38,302.37,98.81,81.87,30.41
Gujarat,Surat,14-02-2016,269,92.65,273.76,53.77,59.39,133.86
Gujarat,Surat,01-03-2016,14,29.5,365.46,175.49,13.27,39.68
Gujarat,Surat,05-03-2016,190,29.05,182.37,123.49,89.88,170.06
Gujarat,Surat,08-03-2016,112,227.04,364.27,83.84,2.81,54.65
Gujarat,Surat,16-03-2016,498,210.03,145.34,43.88,83.6,99.25
Gujarat,Surat,22-03-2016,101,104.41,291.43,6.47,52.42,74.59
Gujarat,Surat,27-03-2016,122,249.39,204.48,171.02,66.86,112.41
Gujarat,Surat,03-04-2016,125,16.5,326.16,175.8,0.54,137.76
Gujarat,Surat,18-04-2016,399,223.84,379.78,74.98,99.05,149.57
Gujarat,Surat,23-04-2016,92,87.01,67.35,104.47,35.26,44.17
Gujarat,Surat,07-05-2016,141,7.43,50.85,193.47,15.95,69.02
Gujarat,Surat,12-05-2016,274,295.27,231.32,5.63,29.7,77.47
Gujarat,Surat,15-06-2016,348,91.46,29.48,195.07,17.38,97.52
Gujarat,Surat,16-06-2016,341,48.41,84.98,119.83,68.75,194.39
Gujarat,Surat,17-07-2016,242,189.87,196.675,52.69,53.04,155.075
Gujarat,Surat,19-07-2016,373,136.3,67.89,170.92,69.99,196.5
Gujarat,Surat,25-07-2016,41,292.77,222.55,188.41,68.71,109.99
Gujarat,Surat,27-07-2016,147,7.73,277.49,109.51,98.37,42.08
Gujarat,Surat,15-08-2016,72.5,166.075,193.66,81.76,39.4,72.915
Gujarat,Surat,19-08-2016,270,275.55,141.87,159.43,86.21,7.54
Gujarat,Surat,25-08-2016,168,194.07,292.02,12.07,53.16,100.33
Gujarat,Surat,26-08-2016,135,99.61,294.61,39.46,19.77,93.89
Gujarat,Surat,30-08-2016,14,89.91,234.17,72.39,65.76,130.95
Gujarat,Surat,01-09-2016,270,65.58,129.6,151.64,10.55,132.99
Gujarat,Surat,05-09-2016,47,165.86,125.43,99.54,57.18,0.07
Gujarat,Surat,16-09-2016,7,206.36,294.36,91,78.22,125.62
Gujarat,Surat,25-09-2016,408,141.55,20.55,66.31,93.06,188.92
Gujarat,Surat,16-10-2016,109,105.15,328.59,183.49,92.56,149.13
Gujarat,Surat,05-11-2016,25,71.82,184.06,10.09,26.58,84.32
Gujarat,Surat,08-11-2016,76,70.27,52.31,163.09,63.05,25.89
Gujarat,Surat,10-11-2016,24,226.09,79.66,169.96,36.88,146.12
Gujarat,Surat,15-11-2016,81,30.93,269.36,133.47,90.54,171.31
Gujarat,Surat,16-11-2016,242,212.02,61.18,139.12,50.51,89.64
Gujarat,Surat,17-11-2016,270,223.08,284.27,130.56,11.88,52.9
Gujarat,Surat,20-11-2016,499,241.18,188.3,75.75,92.19,110.65
Gujarat,Surat,25-12-2016,140,194.64,115.29,31.57,63.26,49.57
Gujarat,Surat,03-01-2017,33,190.05,259.94,156.55,22.37,13.68
Gujarat,Surat,21-01-2017,69,186.38,235.56,14.47,66.93,191.57
Gujarat,Surat,29-01-2017,278,118.04,16.09,173.31,57.91,166.1
Gujarat,Surat,06-02-2017,235,10.58,62.31,61.54,61.83,155.51
Gujarat,Surat,15-02-2017,46,26.46,325.76,72.27,98.62,164.88
Gujarat,Surat,25-02-2017,462,114.89,154.3,112.33,15.84,91.33
Gujarat,Surat,02-03-2017,497,127.94,203.87,26.56,17.44,55.28
Gujarat,Surat,08-03-2017,120,55.89,53.03,89.21,32.5,17.73
Gujarat,Surat,13-03-2017,275,172.99,271.17,158.36,36.27,76.64
Gujarat,Surat,19-03-2017,345,232.61,27.42,24.12,97.85,26.69
Gujarat,Surat,25-03-2017,301,225.85,295.68,176,22.12,175.83
Gujarat,Surat,08-04-2017,454,165.32,163.37,60.51,31.64,104.41
Gujarat,Surat,28-04-2017,303,32.09,343.75,60.25,13.64,53.31
Gujarat,Surat,05-05-2017,127,262.83,146.1,55.9,7.99,154.61
Gujarat,Surat,06-05-2017,337,74.1,212.88,66.41,74.57,13.08
Gujarat,Surat,13-05-2017,311,280.46,150.1,180.41,68.55,9.29
Gujarat,Surat,15-05-2017,381,180.44,65.41,30.94,16.72,86.18
Gujarat,Surat,28-05-2017,347,51.14,266.03,74.08,2.25,20.36
Gujarat,Surat,17-06-2017,119,86.18,274.25,74.56,55.91,154.19
Gujarat,Surat,20-06-2017,496,22.9,367.11,156.75,25.52,152.73
Gujarat,Surat,21-06-2017,440,186.61,55.97,162.53,46.19,84.24
Gujarat,Surat,29-06-2017,270,76.39,375.32,17.95,26.53,119.63
Gujarat,Surat,01-07-2017,171,97.6,172.05,113.14,7.69,151.39
Gujarat,Surat,03-08-2017,449,284.6,370.88,126.32,70.22,95.71
Gujarat,Surat,04-08-2017,489,204.03,51.13,178.42,71.88,172.92
Gujarat,Surat,23-08-2017,136,163.34,234.29,19.5,58.31,154.91
Gujarat,Surat,29-08-2017,125,32.37,31.99,171.19,29.27,172.48
Gujarat,Surat,10-09-2017,46,289.34,280.37,124.8,85.69,196.05
Gujarat,Surat,11-09-2017,498,92.62,322.31,5.71,32.89,50.42
Gujarat,Surat,26-09-2017,27,60.45,384.69,143.51,10.98,97.37
Gujarat,Surat,04-10-2017,214,181.77,342.83,131.51,64.58,119.23
Gujarat,Surat,07-10-2017,5,127.86,171.55,176.38,39.41,180.41
Gujarat,Surat,25-10-2017,361,110.3,198.73,112.91,11.1,185.49
Gujarat,Surat,26-10-2017,387,289.22,230.06,40.06,2.31,65.63
Gujarat,Surat,11-11-2017,497,74.36,375.32,43.4,27.76,35.48
Gujarat,Surat,23-11-2017,119,42.06,53.13,111.97,37.16,191.73
Gujarat,Surat,24-11-2017,340,166.78,362.44,16.38,96.33,199.79
Gujarat,Surat,01-12-2017,334,288.88,168.75,7.08,96.39,129.78
Gujarat,Surat,06-12-2017,367,199.44,211.2,68.48,0.44,20.74
Gujarat,Surat,08-12-2017,92,185.61,136.43,86.86,95.81,120.2
Gujarat,Surat,13-12-2017,454,250.59,287.06,136.61,55.8,39.42
Gujarat,Surat,14-12-2017,476,114.1,214.59,189.8,24.37,168.99
Gujarat,Surat,16-12-2017,66,250.93,124.28,26.24,17.75,42.31
Gujarat,Surat,17-12-2017,411,268.21,97.28,73.98,56.45,146.08
Gujarat,Surat,18-12-2017,277,53.54,125.38,140.33,94.97,166.7
Gujarat,Surat,21-12-2017,380,214.93,395.95,93.84,89.63,83.88
Gujarat,Surat,31-12-2017,267.5,21.65,213.61,110.16,77.38,28.035
Gujarat,Surat,03-01-2018,88,56.94,259.84,75.64,19.99,52.59
Gujarat,Surat,26-01-2018,95,135.18,315.51,48.12,58.63,131.61
Gujarat,Surat,04-02-2018,286,39.34,206.29,150.9,31.54,153.97
Gujarat,Surat,07-02-2018,205,38.67,211.6,171.28,18.19,65.68
Gujarat,Surat,28-02-2018,124.5,185.25,223.44,111.105,58.06,124.455
Gujarat,Surat,04-03-2018,62,49.34,90.25,187.74,80.11,188.41
Gujarat,Surat,12-03-2018,17,51.38,170.26,14.56,23.46,29.32
Gujarat,Surat,13-03-2018,103,198.03,167.77,24.06,35.19,187.02
Gujarat,Surat,21-03-2018,242,223.01,329.88,103.66,73.51,56.45
Gujarat,Surat,28-03-2018,179,273.27,35.38,149.36,8.63,158.19
Gujarat,Surat,02-04-2018,279,192.31,302.51,131.17,7.27,181
Gujarat,Surat,14-04-2018,228,257.76,166.33,110.9,21.42,160.02
Gujarat,Surat,19-04-2018,428,243.18,266.26,132.11,22.11,34.04
Gujarat,Surat,08-05-2018,8,0.25,68.09,166.75,7.44,10.77
Gujarat,Surat,13-05-2018,353,277.85,333.32,150.29,12.85,125.06
Gujarat,Surat,19-05-2018,10,109.64,174.27,178.13,4.36,157.6
Gujarat,Surat,02-06-2018,348,105.71,322.46,33.23,95.69,25.55
Gujarat,Surat,12-06-2018,186,132.36,313.57,194.15,33.32,81.9
Gujarat,Surat,20-06-2018,106,286.09,243.11,119.07,56.97,36.71
Gujarat,Surat,24-06-2018,483,91.01,61.58,6.57,99.86,52.61
Gujarat,Surat,27-06-2018,276,248.16,52.15,49.07,50.43,53.54
Gujarat,Surat,25-07-2018,231,174.51,41.44,69.36,64.88,40.78
Gujarat,Surat,30-07-2018,186,147.12,63.78,156.83,6.38,80.7
Gujarat,Surat,31-07-2018,325,165.8,289.72,75.55,98.29,90.18
Gujarat,Surat,04-08-2018,79,5.07,388.46,33.27,9.33,53.02
Gujarat,Surat,13-08-2018,243,163.54,157.06,154.04,31.41,195.72
Gujarat,Surat,16-08-2018,333,163.27,84.28,85.06,46.38,49.04
Gujarat,Surat,20-08-2018,170,292.89,38.11,23.99,87.02,38.05
Gujarat,Surat,31-08-2018,143,294.81,256.41,55.9,78.05,165.46
Gujarat,Surat,13-09-2018,17,95.38,178.68,194.09,32.66,172.02
Gujarat,Surat,27-09-2018,25,20.46,104.88,91.3,33.27,65.43
Gujarat,Surat,03-10-2018,351,41.38,86.04,187.48,0.97,115.69
Gujarat,Surat,11-10-2018,72,212.71,247.72,155.24,44.92,137.67
Gujarat,Surat,14-10-2018,341,169.22,23.35,20.26,59.32,81.43
Gujarat,Surat,25-10-2018,70,250.19,253.5,160.45,62.02,160.46
Gujarat,Surat,03-11-2018,220,117.73,95.53,156.26,2.17,163.84
Gujarat,Surat,04-11-2018,37,217.19,209.74,153.72,84.6,114.8
Gujarat,Surat,09-11-2018,177,237.4,246.69,24.24,57.82,139.04
Gujarat,Surat,27-11-2018,386,95.01,388.73,47.11,35.43,162.83
Gujarat,Surat,04-12-2018,313,40.3,370.47,139,73.38,75.73
Gujarat,Surat,05-12-2018,74,178.72,224.33,179.81,50.28,44.59
Gujarat,Surat,11-12-2018,462,200.565,171.96,68.325,57.405,37.67
Gujarat,Surat,21-12-2018,400,180.22,116.44,83.69,38.13,17.83
Gujarat,Surat,24-12-2018,192,27.52,263.44,41.6,72.11,117.51
Gujarat,Surat,08-01-2019,187,197.17,366.42,109.74,51.32,179.65
Gujarat,Surat,09-01-2019,454,216.19,264.33,31.42,73.32,88.92
Gujarat,Surat,13-01-2019,3,149.17,231.88,85.41,54.23,46.56
Gujarat,Surat,01-02-2019,36,299.26,176.23,135.9,12.09,69.03
Gujarat,Surat,02-02-2019,386,233.87,289.41,128.69,23.35,124.53
Gujarat,Surat,07-02-2019,449,259.85,37.96,135.2,97.51,113.78
Gujarat,Surat,08-02-2019,15,138.51,154,116.15,31.14,77.81
Gujarat,Surat,14-02-2019,290,67.18,151.34,125.16,62.68,87.08
Gujarat,Surat,18-02-2019,291,4.81,82.66,32.55,75.56,124.67
Gujarat,Surat,23-02-2019,189,110.75,200.52,118.72,99.1,131.6
Gujarat,Surat,05-03-2019,242,235.25,281.15,188.43,33.72,110.39
Gujarat,Surat,07-03-2019,95,110.86,104.87,158.95,10.71,148.05
Gujarat,Surat,13-03-2019,307,260.97,209.65,142.2,76.36,70.09
Gujarat,Surat,07-04-2019,69,36.71,159.69,158.71,91.73,139.07
Gujarat,Surat,15-04-2019,46,144.78,61.92,20.08,46.88,76.69
Gujarat,Surat,24-04-2019,161,67.5,390.43,157.46,19.92,149.76
Gujarat,Surat,26-04-2019,128,236.44,137.42,20.85,98.38,72.43
Gujarat,Surat,05-05-2019,189.5,195.535,54,91.37,42.16,112.65
Gujarat,Surat,19-05-2019,192,157.21,399.11,52.89,63.6,124.65
Gujarat,Surat,29-05-2019,470,247.24,245.51,104.84,68.14,198.89
Gujarat,Surat,11-06-2019,352,269.1,25.55,33.61,83.83,20.22
Gujarat,Surat,21-06-2019,365,131.12,171.35,1.43,65.98,184.25
Gujarat,Surat,25-06-2019,352,125.72,372.71,87.2,96.56,142.5
Gujarat,Surat,14-07-2019,87,184.36,95.86,142.65,28.45,159.78
Gujarat,Surat,16-07-2019,156,235.71,243.39,129.815,44.915,109.265
Gujarat,Surat,19-07-2019,492,274.13,88.54,25.71,1.19,94.7
Gujarat,Surat,22-07-2019,24,140.44,199.04,176,36.82,159.02
Gujarat,Surat,03-08-2019,84,290.36,10.17,43.74,67.87,114.88
Gujarat,Surat,08-08-2019,35,214.84,136.99,30.81,15.09,177.52
Gujarat,Surat,12-08-2019,13,135.37,374.56,131.18,96.69,42.99
Gujarat,Surat,16-08-2019,259,45.59,165.69,35.71,24.57,90.56
Gujarat,Surat,26-08-2019,203,183.53,83.15,25.6,29.8,85.84
Gujarat,Surat,28-08-2019,75,130.77,323.43,158.7,24.28,143.67
Gujarat,Surat,24-09-2019,357,60.09,142.35,91.85,56.74,148.37
Gujarat,Surat,27-09-2019,55,2.25,5.05,100.19,40.69,182.71
Gujarat,Surat,29-09-2019,369,44.62,244.37,150.86,10.16,71.32
Gujarat,Surat,03-10-2019,411,185.38,224.58,171.85,70.14,34.79
Gujarat,Surat,04-10-2019,205,76.73,238.29,70.04,8.42,119.81
Gujarat,Surat,08-10-2019,277,109.76,13.55,32.43,62.06,161.56
Gujarat,Surat,09-10-2019,32,86.98,2.21,180.14,50.43,164.53
Gujarat,Surat,16-10-2019,164,121.02,150.1,79.4,54.2,54.53
Gujarat,Surat,17-10-2019,59,39.1,326.56,51.63,59.36,88.43
Gujarat,Surat,18-10-2019,84,293.41,344.19,94.1,82.38,187.18
Gujarat,Surat,26-10-2019,410,43.23,317.53,152.41,30.52,197.57
Gujarat,Surat,03-11-2019,35,99.94,272.21,33.73,61.94,54.44
Gujarat,Surat,07-01-2020,449,278.97,132.21,54.28,13.97,108.45
Gujarat,Surat,08-01-2020,201,294.48,124.83,41.31,20.94,124.83
Gujarat,Surat,16-01-2020,204,236.82,66.81,170.1,56.2,120.35
Gujarat,Surat,22-01-2020,374.5,78.465,311.22,171.49,49.73,49.945
Gujarat,Surat,07-02-2020,476,281.88,321.97,174.43,89.34,44.15
Gujarat,Surat,09-03-2020,250,261.6,43.75,20.84,95.27,70.39
Gujarat,Surat,17-03-2020,270,297.8,116.02,97.28,62.59,92.15
Gujarat,Surat,11-04-2020,98,122.14,108.08,111.74,96.97,156.07
Gujarat,Surat,04-05-2020,457,295.3,372.64,150.39,28.34,7.69
Gujarat,Surat,08-05-2020,147,137.76,67.09,62.94,37.15,60.82
Gujarat,Surat,11-05-2020,135,254.9,138.91,144.68,98.74,35.51
Gujarat,Surat,27-05-2020,229,204.91,84.06,66.24,92.86,197.26
Gujarat,Surat,10-06-2020,454,143.57,270.19,165.79,21.64,155.51
Gujarat,Surat,13-06-2020,477,205.73,1.87,25.79,62.95,8.82
Gujarat,Surat,20-06-2020,244,157.75,0.05,16.71,21.35,105.26
Gujarat,Surat,04-07-2020,128,195.08,315.53,74.98,79.89,77.29
Gujarat,Surat,30-07-2020,297,185.06,339.08,89.4,50.6,116.33
Gujarat,Surat,17-08-2020,316,137.75,322.64,23.92,6.09,63.02
Gujarat,Surat,28-08-2020,217,154.39,314.81,34.4,34.97,162.75
Gujarat,Surat,31-08-2020,42,219.18,220.23,74.22,63.16,11.06
Gujarat,Surat,03-09-2020,223,283.23,25.94,181.54,60.94,140.49
Gujarat,Surat,22-09-2020,291,220.14,366.79,55,88.05,146.88
Gujarat,Surat,26-09-2020,252,290.55,180.35,125.25,86.59,134.72
Gujarat,Surat,09-10-2020,214,255.24,103.22,15.54,55.11,171.52
Gujarat,Surat,12-10-2020,376,261.6,269.9,185.78,48.7,36.97
Gujarat,Surat,01-11-2020,109,27.86,91.79,67.01,7.89,187.21
Gujarat,Surat,18-11-2020,98,175.51,107.83,148.71,55.97,124.89
Gujarat,Surat,17-12-2020,12,155.62,280.42,92.09,74.75,15.41
Gujarat,Surat,21-12-2020,369,157.32,10.43,112.89,97.51,44.79
Gujarat,Surat,01-01-2021,245,259.1,68.77,99.27,91.68,116.97
Gujarat,Surat,11-01-2021,290,8.86,81.74,57.51,29.73,91.65
Gujarat,Surat,18-01-2021,341,32.35,394.6,14.28,60.96,78.12
Gujarat,Surat,21-01-2021,480,102,263,61.3,84.64,99.38
Gujarat,Surat,05-02-2021,240,201.75,35.91,179.62,53.88,16.47
Gujarat,Surat,06-02-2021,420,143.63,399.4,57.27,26.77,175.54
Gujarat,Surat,13-02-2021,376,2.87,46.77,74.62,35.93,68.16
Gujarat,Surat,15-02-2021,52,135.56,85.19,29.55,41.1,56.5
Gujarat,Surat,09-03-2021,377,155.5,326.45,164.37,75.87,26.87
Gujarat,Surat,11-03-2021,82,197.2,244.39,50.52,61.08,157.27
Gujarat,Surat,12-03-2021,95,79.82,2.75,98.41,47.73,0.78
Gujarat,Surat,13-03-2021,69,212.18,6.32,51.6,32.05,55.02
Gujarat,Surat,16-03-2021,293.5,280.06,81.99,59.475,18.005,79.41
Gujarat,Surat,22-03-2021,72,239.36,70.42,196.67,70.52,101.19
Gujarat,Surat,28-03-2021,343,297.9,259.91,181.06,19.78,78.91
Gujarat,Surat,05-04-2021,85,27.94,379.08,167.99,23.53,128.85
Gujarat,Surat,16-04-2021,29,3.39,24.81,178.83,82.11,190.91
Gujarat,Surat,17-04-2021,101,40.35,348.38,127.29,83.53,35.7
Gujarat,Surat,30-04-2021,128,77.88,385.75,29.36,72.19,116.91
Gujarat,Surat,07-05-2021,406,113.33,70.66,50.24,86.84,138.12
Gujarat,Surat,18-06-2021,231,60.72,89.47,84.62,94.96,75.69
Gujarat,Surat,24-06-2021,70,74.52,69.55,40.34,87.52,124.1
Gujarat,Surat,01-07-2021,275,256.45,68.5,62.29,73.78,68.34
Gujarat,Surat,05-07-2021,475,168.56,374.25,58.27,96.5,6.1
Gujarat,Surat,29-07-2021,151,108.43,77,27.29,91.71,126.57
Gujarat,Surat,31-07-2021,60,29.96,329.31,198.16,14,52.73
Gujarat,Surat,22-08-2021,298,112.24,135.91,186.26,85.2,7.19
Gujarat,Surat,25-08-2021,439,250.83,37.93,99.08,59.16,162.13
Gujarat,Surat,30-08-2021,489,264.12,386.97,84.74,31.79,34.07
Gujarat,Surat,31-08-2021,57,206.68,3.37,179.6,42.67,144.03
Gujarat,Surat,11-09-2021,431,92.38,375.71,153.94,3.77,73.91
Gujarat,Surat,20-09-2021,92,214.07,278.98,69.2,54.78,116.73
Gujarat,Surat,21-09-2021,422,241.37,189.7,18.17,70.02,177.01
Gujarat,Surat,29-09-2021,303,131.28,68.64,167.86,73.03,12.88
Gujarat,Surat,04-10-2021,460,230.29,313.52,25.22,86.69,152.28
Gujarat,Surat,05-10-2021,453,210.84,73.88,123.95,78.84,63.77
Gujarat,Surat,12-10-2021,444,171.34,229.33,16.15,38.81,53.84
Gujarat,Surat,15-10-2021,137,69.25,329.16,107.38,65.27,137.42
Gujarat,Surat,16-10-2021,110,89.4,223.36,15.85,58.56,16.24
Gujarat,Surat,29-10-2021,18,249.56,355.51,41.36,88.98,73.7
Gujarat,Surat,03-11-2021,172,93.87,26.71,163.67,19.86,63.02
Gujarat,Surat,21-11-2021,437,288.86,20.33,109.07,76.29,152.18
Gujarat,Surat,24-11-2021,418,10.32,145.74,99.47,6.39,57.93
Gujarat,Surat,03-12-2021,326,171.23,385.17,110.81,81.35,154.41
Gujarat,Surat,13-12-2021,451,199.37,262.41,137.45,71.4,23.12
Gujarat,Surat,16-01-2022,357,122.82,151.24,92.43,80.06,22.28
Gujarat,Surat,22-01-2022,463,133.96,1.37,135.98,4.34,18.92
Gujarat,Surat,28-01-2022,479,245.71,135.43,176.43,60.53,154.69
Gujarat,Surat,05-02-2022,250,286.87,22.35,142.88,58.21,150.01
Gujarat,Surat,06-02-2022,448,221.68,244.39,144.3,32.88,104.56
Gujarat,Surat,12-02-2022,57,29.82,155.33,130.7,79.64,64.68
Gujarat,Surat,27-02-2022,317,139.26,158.75,61.17,19.15,199.93
Gujarat,Surat,21-03-2022,390,165.94,56,151.23,41.56,133.95
Gujarat,Surat,29-03-2022,384,290.79,41.27,104.07,59.52,84.79
Gujarat,Surat,30-03-2022,180,197.825,331.1,124.165,67.69,149.42
Gujarat,Surat,01-04-2022,363,218.61,343.49,130.2,80.06,178.31
Gujarat,Surat,06-04-2022,299.5,200.415,172.575,168.175,80.51,66.955
Gujarat,Surat,09-04-2022,27,122.49,52.7,122.66,81.36,36.48
Gujarat,Surat,20-04-2022,475,168.01,153.21,131.9,68.49,152.26
Gujarat,Surat,23-04-2022,474,243.8,60.44,10.11,21.91,138.16
Gujarat,Surat,01-05-2022,174,61.415,328.045,115.425,43.195,94.11
Gujarat,Surat,16-05-2022,306,253.06,367.5,125.31,14.88,132.31
Gujarat,Surat,17-05-2022,197,268.22,313.19,34.41,2.71,141.19
Gujarat,Surat,01-06-2022,139,151.58,319.53,99.96,55.43,164.84
Gujarat,Surat,05-06-2022,114,95.67,379.52,16.6,42.8,186.49
Gujarat,Surat,25-06-2022,472,124.41,359.22,41.99,34.76,39.8
Gujarat,Surat,18-08-2022,396,19.56,298.78,7.7,26.9,97.57
Gujarat,Surat,23-08-2022,187,29.01,202.59,37.38,73.59,122.09
Gujarat,Surat,04-09-2022,254,284.75,283.93,166.03,33.38,30.05
Gujarat,Surat,17-09-2022,402,12.5,396.13,24.23,45.9,167.99
Gujarat,Surat,25-09-2022,408,62.34,62.42,185.9,17.2,124.46
Gujarat,Surat,28-09-2022,159,283.22,115.58,111.81,30.8,189.59
Gujarat,Surat,14-10-2022,110,7.87,175.87,158.38,55.2,138.84
Gujarat,Surat,17-11-2022,332,5.98,324.43,45.4,18.02,37.45
Gujarat,Surat,27-11-2022,190,24.71,55.02,31.47,1.14,128.07
Gujarat,Surat,01-12-2022,499,146.71,272.21,155.24,88.21,125.66
Gujarat,Surat,05-12-2022,297,66.58,218.76,19.24,87.5,189.29
Gujarat,Surat,12-12-2022,389,177.49,16.02,169.79,64.19,88.34
Gujarat,Surat,26-12-2022,78,299.15,247.73,10.88,68.76,75.51
Gujarat,Vadodara,08-01-2015,364,96.28,182.01,63.65,92.87,167.55
Gujarat,Vadodara,15-01-2015,368,52.08,310.47,196.76,91.32,154.12
Gujarat,Vadodara,04-02-2015,326,230.15,308.86,59.95,4.31,10.91
Gujarat,Vadodara,06-02-2015,103,290.43,83.27,41.15,9.07,161.11
Gujarat,Vadodara,10-02-2015,335,238.56,155.07,137.86,99.21,77.74
Gujarat,Vadodara,05-03-2015,417,170.92,252.87,190.3,98.81,183.99
Gujarat,Vadodara,08-03-2015,88,37,283.95,167.82,1.4,156.59
Gujarat,Vadodara,11-03-2015,495,253.54,275.71,147.05,0.18,131.26
Gujarat,Vadodara,14-03-2015,331,196.08,277.93,6.02,62.45,18.11
Gujarat,Vadodara,18-03-2015,477,242.91,372.04,47.82,55.5,151.13
Gujarat,Vadodara,20-03-2015,346,138.83,304.66,172.85,18.2,156.91
Gujarat,Vadodara,25-03-2015,217,105.23,375.05,140.41,6.73,31.77
Gujarat,Vadodara,31-03-2015,415,52.76,16.5,56.81,38.21,121.44
Gujarat,Vadodara,16-04-2015,209,48.21,42.49,116.88,86.64,23.07
Gujarat,Vadodara,22-04-2015,308,94.62,292.91,0.58,40.85,129.51
Gujarat,Vadodara,29-04-2015,326,47.54,122.96,134.44,68.22,80.51
Gujarat,Vadodara,18-05-2015,330,295.12,245.77,39.58,20.45,51.28
Gujarat,Vadodara,25-05-2015,462,21.27,45.93,130.62,9.67,109.35
Gujarat,Vadodara,02-06-2015,46,230.05,132.23,188.7,96.87,199.46
Gujarat,Vadodara,04-06-2015,415,16.37,215.99,77.77,3.58,17.12
Gujarat,Vadodara,12-06-2015,106,45.77,6.23,65.62,73.66,70.05
Gujarat,Vadodara,21-06-2015,49,60.2,30.15,184.13,54.14,82.12
Gujarat,Vadodara,26-06-2015,433,158.62,298.31,163.29,11.31,147.52
Gujarat,Vadodara,28-06-2015,90,159.01,275.84,41.56,1.06,24.29
Gujarat,Vadodara,02-07-2015,247.5,142.085,114.7,38.875,34.88,59.735
Gujarat,Vadodara,08-08-2015,164.5,10.105,226.365,90.12,44.015,99.035
Gujarat,Vadodara,26-08-2015,450,8.23,336.6,117.1,53.69,83.67
Gujarat,Vadodara,27-08-2015,51,72.99,290.15,55.02,2.16,117.17
Gujarat,Vadodara,01-09-2015,239,107.75,306.55,172.56,98.9,133.87
Gujarat,Vadodara,13-09-2015,7,22.47,313.36,190.12,79.04,31.13
Gujarat,Vadodara,27-09-2015,500,184.99,187.96,144.14,40.92,68.35
Gujarat,Vadodara,17-10-2015,158,213.08,213.18,109.89,2.26,144.7
Gujarat,Vadodara,18-10-2015,346,49.46,115.49,90.43,69.54,176.18
Gujarat,Vadodara,20-10-2015,174,100.6,302.52,175.9,70.49,152.75
Gujarat,Vadodara,23-10-2015,372,281.12,316.44,45.47,56.47,178.83
Gujarat,Vadodara,25-10-2015,465,103.72,381.85,104.14,19.88,73.91
Gujarat,Vadodara,02-11-2015,328,90.64,37.81,151.53,89.33,33.6
Gujarat,Vadodara,11-11-2015,257.5,105.225,288.03,169.3,57.67,91.06
Gujarat,Vadodara,18-11-2015,138,12.84,110.73,32.13,87.62,136.84
Gujarat,Vadodara,24-11-2015,231,186.54,143.36,40.88,81.55,28.45
Gujarat,Vadodara,28-11-2015,412,133.35,126.86,175.79,99.65,196.02
Gujarat,Vadodara,29-11-2015,332.5,156.93,152.565,175.645,38.53,62.795
Gujarat,Vadodara,07-12-2015,132,5.63,307.72,180.35,94.49,108.15
Gujarat,Vadodara,13-12-2015,270,243.01,220.36,193.84,25.85,108.08
Gujarat,Vadodara,21-12-2015,498,80.36,179.6,52.78,23.38,156.04
Gujarat,Vadodara,13-01-2016,495,262.02,325.78,94.19,25.28,172.05
Gujarat,Vadodara,24-01-2016,223,60.4,379.81,2.4,70.64,81.36
Gujarat,Vadodara,25-01-2016,92,265.8,368.3,163.62,14.21,20.37
Gujarat,Vadodara,31-01-2016,120,281.35,196.29,84.49,2.32,109.14
Gujarat,Vadodara,16-02-2016,251,196.03,262.08,93.77,10.42,108.95
Gujarat,Vadodara,19-02-2016,297,195.28,356.92,174.7,37.71,139.89
Gujarat,Vadodara,07-03-2016,118,222.05,145.73,106.12,6.29,107.39
Gujarat,Vadodara,14-03-2016,33,51.35,90.38,158.21,86.36,196.92
Gujarat,Vadodara,04-04-2016,1,99.13,344.99,29.77,94.74,91.56
Gujarat,Vadodara,05-04-2016,359,248.33,187.26,69.87,60.145,65.3
Gujarat,Vadodara,10-04-2016,354,219.47,136.45,162.95,48.37,154.48
Gujarat,Vadodara,12-04-2016,188,175.44,265.12,16.13,35.73,73.45
Gujarat,Vadodara,18-04-2016,240.5,180.465,184.215,173.705,54.87,108.02
Gujarat,Vadodara,22-04-2016,225,117.115,228.665,72.66,84.015,154.62
Gujarat,Vadodara,24-04-2016,201,281.74,35.43,3.7,37.24,109.25
Gujarat,Vadodara,10-05-2016,382,290.43,286.83,143.65,56.88,132.2
Gujarat,Vadodara,13-05-2016,199,115.41,145.775,146.67,2.16,39.895
Gujarat,Vadodara,25-05-2016,401,70.98,170.96,59.3,25.23,112.17
Gujarat,Vadodara,07-06-2016,314,164.33,378.88,80.66,63,51.97
Gujarat,Vadodara,12-06-2016,217,119.17,327.25,168.03,25.6,26.3
Gujarat,Vadodara,14-06-2016,322,272.33,42.76,125.04,82.67,132.42
Gujarat,Vadodara,16-06-2016,141,13.27,210.04,159.21,76.1,72.95
Gujarat,Vadodara,23-06-2016,251,2.8,86.99,144.08,20.93,141.62
Gujarat,Vadodara,24-06-2016,53,78.57,282.31,106.75,1.24,14.74
Gujarat,Vadodara,11-07-2016,401,31.56,125.99,136.7,41.97,49.47
Gujarat,Vadodara,13-07-2016,65,199.19,213.68,61.54,63.42,48.16
Gujarat,Vadodara,14-07-2016,187,81.3,282.84,191.21,38.88,199.38
Gujarat,Vadodara,28-07-2016,292,136.84,330.33,197.98,90.71,86.79
Gujarat,Vadodara,29-07-2016,405,167.3,36.39,150.7,39,115.08
Gujarat,Vadodara,01-08-2016,322,209.45,352.9,126.86,67.47,126.17
Gujarat,Vadodara,11-08-2016,41,260.05,147.36,120.56,39.4,171.57
Gujarat,Vadodara,12-08-2016,22,204.24,272.49,101.37,26.87,197.68
Gujarat,Vadodara,18-08-2016,367,10.1,169.83,155.11,63.43,199.47
Gujarat,Vadodara,20-08-2016,67,177.46,110.87,37.28,93.09,75.69
Gujarat,Vadodara,31-10-2016,458,100.44,278.07,176.22,61.14,5.5
Gujarat,Vadodara,21-11-2016,253,218,210.29,109.175,15.82,164.24
Gujarat,Vadodara,23-11-2016,108,284.35,34.73,182.69,49.13,110.52
Gujarat,Vadodara,26-12-2016,397,265.86,332.81,59.01,41.57,54.25
Gujarat,Vadodara,30-12-2016,6,156.52,266.54,26.24,85.44,167.46
Gujarat,Vadodara,31-12-2016,68,219.96,41.11,45.23,62.12,51.57
Gujarat,Vadodara,01-01-2017,213,90.39,151.37,135.36,50.78,77.78
Gujarat,Vadodara,05-01-2017,53,162.67,181.57,0.63,61.37,142.45
Gujarat,Vadodara,19-01-2017,274,59.98,142.6,159.35,0.87,58.83
Gujarat,Vadodara,27-01-2017,215,271.93,293.48,109.07,97.9,38.96
Gujarat,Vadodara,02-02-2017,120,16.91,248.68,128.44,34.68,32.73
Gujarat,Vadodara,21-02-2017,231,60.96,264.81,4.25,85.15,196.77
Gujarat,Vadodara,25-02-2017,212,129.41,318.05,46.05,29.67,195.63
Gujarat,Vadodara,27-02-2017,389,93.21,217.19,185.02,61.49,72.15
Gujarat,Vadodara,21-03-2017,286,234.05,344.28,150.44,95.01,37.95
Gujarat,Vadodara,23-03-2017,162,54.98,242.2,150.62,63.84,19.35
Gujarat,Vadodara,21-04-2017,132,11.45,156.94,0.79,26.73,81.75
Gujarat,Vadodara,26-04-2017,90,297.18,274.53,7.55,53.16,159.02
Gujarat,Vadodara,30-04-2017,450,158.85,271.71,63.04,92.4,104.41
Gujarat,Vadodara,02-05-2017,54,148.22,318.34,125.01,51.9,32.27
Gujarat,Vadodara,07-05-2017,190,129.43,236.6,127.65,37.21,102.19
Gujarat,Vadodara,13-05-2017,69,288.03,204.12,44.04,8.8,4.02
Gujarat,Vadodara,04-06-2017,168,210.99,290.84,73.47,15.93,21.66
Gujarat,Vadodara,17-06-2017,268,286.95,201.24,115.46,59.06,27.21
Gujarat,Vadodara,21-06-2017,123,13.16,384.8,74.19,15.33,165.55
Gujarat,Vadodara,27-06-2017,225,109.12,19.7,122.68,93.64,104.8
Gujarat,Vadodara,06-07-2017,411,156.34,147.91,9.81,85.41,75.36
Gujarat,Vadodara,07-07-2017,223,74.92,386.59,172.82,3.23,35.06
Gujarat,Vadodara,23-07-2017,145,52.12,209.53,160.98,70.65,105.74
Gujarat,Vadodara,28-07-2017,104,49.79,170.58,34.23,51.32,61.33
Gujarat,Vadodara,16-08-2017,13,142.49,331.37,119.49,57.21,80.74
Gujarat,Vadodara,02-09-2017,437,207.63,331.8,50.37,40.39,13.69
Gujarat,Vadodara,02-10-2017,46,18.57,308.49,92.33,57.28,94.68
Gujarat,Vadodara,09-10-2017,70,170.78,58.04,178.63,61.77,47.49
Gujarat,Vadodara,23-10-2017,18,80.31,127.51,35.94,23.76,169.06
Gujarat,Vadodara,25-10-2017,392,56.91,277.99,153.09,27.83,169.6
Gujarat,Vadodara,01-11-2017,85,165.16,73.65,100.81,52.14,32.98
Gujarat,Vadodara,02-11-2017,394,56.69,229.675,123.535,34.325,127.21
Gujarat,Vadodara,09-11-2017,406,269.45,121.99,150.01,45.33,155.74
Gujarat,Vadodara,11-11-2017,461,33.55,255.33,53.73,57.09,178.55
Gujarat,Vadodara,20-11-2017,220,270.11,373.2,168.83,61.32,156.73
Gujarat,Vadodara,04-12-2017,192.5,91.545,309.91,110.2,78.895,180.415
Gujarat,Vadodara,05-12-2017,89,77.58,154.33,76.68,10.9,45.7
Gujarat,Vadodara,07-12-2017,260,186.165,74.545,126.805,46.14,88.425
Gujarat,Vadodara,17-12-2017,176,137.63,282.665,95.15,55.43,109.545
Gujarat,Vadodara,01-01-2018,22,3.71,253.57,34.82,79.6,60.37
Gujarat,Vadodara,09-01-2018,253,125.78,144.98,87.99,11.52,134.39
Gujarat,Vadodara,10-01-2018,218,197.58,279.55,42.54,11.63,165.62
Gujarat,Vadodara,21-01-2018,5,146.6,335.02,115.29,21.8,135.65
Gujarat,Vadodara,12-02-2018,266,178.8,375.23,87,14.51,53.4
Gujarat,Vadodara,22-02-2018,171,169.61,106.77,122.98,42.82,121.76
Gujarat,Vadodara,23-02-2018,101,33.23,143.83,41.16,31.81,43.8
Gujarat,Vadodara,28-02-2018,132,29.84,392.47,141.84,20.42,117.33
Gujarat,Vadodara,09-03-2018,140,100.9,290.78,182.84,70.63,61.63
Gujarat,Vadodara,12-03-2018,286,188,382.09,136.47,30.44,10.14
Gujarat,Vadodara,09-04-2018,398,71.96,289.58,94.52,47.28,85.69
Gujarat,Vadodara,19-04-2018,271,94.13,71.17,122.65,73.76,125.86
Gujarat,Vadodara,23-04-2018,340,255.85,78.97,109.93,70.99,171.72
Gujarat,Vadodara,05-05-2018,86,155.62,269.43,119.51,65.97,113.34
Gujarat,Vadodara,09-05-2018,451,149.86,307.14,168.29,99.32,98.58
Gujarat,Vadodara,15-05-2018,409,23.09,346.65,176.2,3.81,55.8
Gujarat,Vadodara,21-05-2018,411,69.2,208.19,143.96,57.05,167.97
Gujarat,Vadodara,29-05-2018,300,173.93,304.06,111.17,67.42,132.46
Gujarat,Vadodara,19-06-2018,228,166.39,261.11,17.38,30.33,148.62
Gujarat,Vadodara,06-07-2018,471,161.08,178.94,34.61,28.95,166.6
Gujarat,Vadodara,07-07-2018,258,52.75,66.58,22.62,51.65,86.41
Gujarat,Vadodara,13-07-2018,45,35.87,64.32,176.48,33.41,7.18
Gujarat,Vadodara,24-07-2018,445,48.35,374.18,109.12,27.96,45.82
Gujarat,Vadodara,03-08-2018,334,270.02,331.78,171.49,15.26,97.74
Gujarat,Vadodara,08-09-2018,428,276.21,97.93,169.72,98.84,101.85
Gujarat,Vadodara,13-09-2018,175,19.74,253.42,180.04,79.8,179.4
Gujarat,Vadodara,22-09-2018,74,246.35,351.5,171.07,46.17,75.56
Gujarat,Vadodara,28-09-2018,323,167.29,19.83,51.04,62.09,101.65
Gujarat,Vadodara,10-10-2018,176,8.87,203.21,26.65,75.39,160.83
Gujarat,Vadodara,06-11-2018,389,27.31,37.59,108.85,35.71,15.53
Gujarat,Vadodara,07-11-2018,136.5,130.175,225.17,145.36,27.095,77
Gujarat,Vadodara,29-11-2018,130,144.21,226.12,185.96,85.23,99.79
Gujarat,Vadodara,15-12-2018,412,286.21,159.59,56.8,9.06,197.53
Gujarat,Vadodara,17-01-2019,258,0.66,323.13,8.48,94.88,151.21
Gujarat,Vadodara,03-02-2019,271,121.78,309.45,76,39.81,129.11
Gujarat,Vadodara,22-02-2019,13,2.89,318.03,17.54,46.88,42.05
Gujarat,Vadodara,27-02-2019,106,163.04,240.17,121.38,95.64,4.37
Gujarat,Vadodara,01-03-2019,109,40.45,54.33,158.52,29.56,197.72
Gujarat,Vadodara,12-03-2019,294,177.51,267.72,174.41,6.66,163.17
Gujarat,Vadodara,14-03-2019,100,231.58,363.82,117.25,37.88,44.18
Gujarat,Vadodara,15-03-2019,254,25.26,361.06,44.13,63.02,10.68
Gujarat,Vadodara,23-03-2019,493,163.48,345.42,177.54,94.19,66.48
Gujarat,Vadodara,02-04-2019,257,108.95,274.98,75.61,13.22,118.48
Gujarat,Vadodara,05-04-2019,59,102.03,46.08,61.38,64.43,184.9
Gujarat,Vadodara,12-04-2019,269,86.43,170.18,41.7,36.26,127.31
Gujarat,Vadodara,13-04-2019,188,68.04,89.27,124.73,19.37,23.77
Gujarat,Vadodara,16-04-2019,424,277.27,73.01,22.91,40.34,57.25
Gujarat,Vadodara,26-04-2019,270,123.35,353.16,54.74,53.41,98.36
Gujarat,Vadodara,11-05-2019,391,102.65,343.6,121.08,72.6,30.63
Gujarat,Vadodara,17-05-2019,132,62.71,186.03,48.35,12.75,65.42
Gujarat,Vadodara,30-05-2019,225,119.76,202.77,142.03,5.73,142.25
Gujarat,Vadodara,06-06-2019,310,137.22,188.21,164.77,57.19,26.36
Gujarat,Vadodara,11-06-2019,168,205.9,350.24,129.12,77.94,46.77
Gujarat,Vadodara,19-06-2019,97,109.35,68.1,154.06,90.83,154.22
Gujarat,Vadodara,22-06-2019,418,110.12,28.82,123.69,96.48,26.73
Gujarat,Vadodara,04-07-2019,33,256.12,222.1,67.07,9.77,178.8
Gujarat,Vadodara,15-07-2019,457,25.88,84.13,77.01,11.14,37.22
Gujarat,Vadodara,15-08-2019,172,154.92,111.54,37.45,84.58,19.95
Gujarat,Vadodara,20-08-2019,1,50.56,192.44,73.97,55.99,6.66
Gujarat,Vadodara,25-08-2019,330,17.02,16.9,119.77,3.99,143.56
Gujarat,Vadodara,01-09-2019,244,101.59,109.45,11.8,39.64,17.7
Gujarat,Vadodara,05-09-2019,418,278.59,368.21,129.92,58.63,153.82
Gujarat,Vadodara,14-09-2019,6,217.09,383.62,96.14,56.26,17.38
Gujarat,Vadodara,19-09-2019,346,286.34,180.2,194.85,42.25,103.13
Gujarat,Vadodara,23-09-2019,101,131.93,196.58,132.43,72.2,148.33
Gujarat,Vadodara,25-09-2019,157,85.81,108.5,145.41,3.86,74.14
Gujarat,Vadodara,28-10-2019,449,234.12,130.71,63.63,95.99,178.46
Gujarat,Vadodara,05-11-2019,313,208.93,332.96,88.02,17.7,120.18
Gujarat,Vadodara,16-11-2019,68,46.93,97.86,12.26,8.92,26.56
Gujarat,Vadodara,29-11-2019,44,298.98,384.03,118.31,37.2,29.7
Gujarat,Vadodara,12-12-2019,339.5,165.13,104.78,101.085,89.26,8.965
Gujarat,Vadodara,15-12-2019,310,173.82,290.58,180.03,44.01,27.7
Gujarat,Vadodara,05-01-2020,86,212.4,136.58,82.54,55.15,186.6
Gujarat,Vadodara,08-01-2020,424,108.56,254.66,107.885,48.405,34.415
Gujarat,Vadodara,19-01-2020,358.5,165.57,365.49,114.515,23.09,122.34
Gujarat,Vadodara,20-01-2020,166,298.13,187.58,113.7,15.14,18.23
Gujarat,Vadodara,11-02-2020,250,252.62,41.58,116.94,12.91,19.27
Gujarat,Vadodara,25-02-2020,2,278.57,10.47,18.35,66.28,100.65
Gujarat,Vadodara,04-03-2020,182,195.84,250.68,64.155,76.56,132.035
Gujarat,Vadodara,05-04-2020,124,243.4,261.84,131.96,53.64,47.53
Gujarat,Vadodara,27-04-2020,286,223.25,231.17,164.86,97.81,189.9
Gujarat,Vadodara,02-05-2020,78.5,150.3,254.17,135.625,15.745,75.505
Gujarat,Vadodara,04-05-2020,171,114.11,148.46,60.81,32.12,173.04
Gujarat,Vadodara,14-05-2020,471,239.19,372.81,89.32,39.23,115.46
Gujarat,Vadodara,20-05-2020,269,15.28,329.57,192.54,19.38,192.08
Gujarat,Vadodara,21-05-2020,336,214.41,268.01,133.41,92.11,65.07
Gujarat,Vadodara,18-06-2020,4,135.36,388.7,0.28,65.92,19.65
Gujarat,Vadodara,23-06-2020,413,132.44,198.96,39.66,32.4,127.94
Gujarat,Vadodara,06-07-2020,239,280.33,301.49,183.6,0.5,18.29
Gujarat,Vadodara,14-07-2020,98,206.35,168.75,190.72,61.68,113.63
Gujarat,Vadodara,25-07-2020,476,162.35,44.64,140.1,38.32,33.59
Gujarat,Vadodara,29-07-2020,437,2.39,14.1,8.88,14.36,124.99
Gujarat,Vadodara,13-08-2020,133,78.84,145.83,35.94,98.57,79.81
Gujarat,Vadodara,24-08-2020,468,178.26,294.56,25.2,90.82,197.07
Gujarat,Vadodara,01-09-2020,108,78.1,226.13,98.46,39.01,27.36
Gujarat,Vadodara,05-09-2020,495,252.56,218.17,168.34,62.1,21.13
Gujarat,Vadodara,07-09-2020,37,130.04,169.32,63.3,46.77,75.72
Gujarat,Vadodara,29-09-2020,385,37.6,345.5,87.24,24.95,133.53
Gujarat,Vadodara,01-10-2020,274,260.55,116.4,150.45,65.11,86.16
Gujarat,Vadodara,02-10-2020,410,19.26,242.41,185.12,76.23,137.88
Gujarat,Vadodara,26-10-2020,390,130.58,269.26,187.55,80.77,25.05
Gujarat,Vadodara,30-10-2020,270,278.33,376.96,37.15,20.85,39.74
Gujarat,Vadodara,10-12-2020,443,81.59,387.13,121.81,41.46,85.01
Gujarat,Vadodara,13-12-2020,104,22.87,20.7,169.31,31.58,23.01
Gujarat,Vadodara,22-12-2020,397,198.97,249.66,60.37,45.31,190.55
Gujarat,Vadodara,23-12-2020,171,281.39,140.32,16.53,17.28,54.11
Gujarat,Vadodara,25-12-2020,422,296.75,261.69,61.32,35.53,178.2
Gujarat,Vadodara,03-01-2021,7,4.1,339.37,102.5,24.35,72.53
Gujarat,Vadodara,06-01-2021,166,276.04,21.3,45.86,93.72,125.66
Gujarat,Vadodara,12-01-2021,307,292.47,58.63,134.04,80.15,166.6
Gujarat,Vadodara,15-01-2021,342,169.28,93.69,162.57,43.9,84.96
Gujarat,Vadodara,20-01-2021,31,43.93,361.34,0.13,2.08,43.13
Gujarat,Vadodara,23-01-2021,424,97.17,164.02,149.23,36.95,77.13
Gujarat,Vadodara,06-02-2021,398,256.69,233.37,123.52,92.12,167.07
Gujarat,Vadodara,18-02-2021,260,108.81,58.16,47.95,56.45,169.29
Gujarat,Vadodara,19-02-2021,386,170.01,228.41,49.99,72.27,81.24
Gujarat,Vadodara,19-03-2021,467,65.2,174.71,66.31,72.66,83.11
Gujarat,Vadodara,14-04-2021,309,232.48,183.5,75.73,85.9,123.64
Gujarat,Vadodara,27-04-2021,432,113.21,252.49,188.68,71.79,105.03
Gujarat,Vadodara,29-04-2021,341,256.04,190.72,125.9,16.1,38
Gujarat,Vadodara,02-05-2021,179,221.21,300.31,149.03,94.85,191.13
Gujarat,Vadodara,13-05-2021,442.5,142.03,188.805,73.8,39.05,35.685
Gujarat,Vadodara,12-06-2021,180,235.855,250.61,28.045,42.045,168.92
Gujarat,Vadodara,25-06-2021,192,213.03,312.07,187.26,24.06,104.77
Gujarat,Vadodara,26-06-2021,79,136.36,353.67,132.42,86.08,122.9
Gujarat,Vadodara,14-07-2021,494,237.42,187.99,60.66,86.83,112.06
Gujarat,Vadodara,18-07-2021,138,205.96,285.13,88.89,42.57,86.56
Gujarat,Vadodara,31-07-2021,413,59.09,115.55,134.27,7.44,157.3
Gujarat,Vadodara,05-08-2021,236,153.12,10.55,7.92,23.48,5.5
Gujarat,Vadodara,16-08-2021,344,203.71,111.58,118.78,51.79,140.05
Gujarat,Vadodara,17-08-2021,104,238.08,289.12,180.26,6.4,42.38
Gujarat,Vadodara,21-08-2021,273,198.33,158.12,177.21,33.75,54.61
Gujarat,Vadodara,27-08-2021,9,54.67,273.32,27.58,18.53,144.43
Gujarat,Vadodara,31-08-2021,401,164.73,295.14,187.99,21.31,55.29
Gujarat,Vadodara,03-09-2021,277,81.22,99.98,1.94,71.92,171.98
Gujarat,Vadodara,04-09-2021,72,242.77,174.88,69.46,52.66,96.39
Gujarat,Vadodara,21-09-2021,187,252.72,255.64,64.92,38.09,183.28
Gujarat,Vadodara,01-10-2021,416,81.66,117.63,140.58,12.14,137.3
Gujarat,Vadodara,10-10-2021,163,261.19,49.76,6.85,41.9,198
Gujarat,Vadodara,14-10-2021,40,287.94,324.47,145.9,77.79,87.45
Gujarat,Vadodara,18-10-2021,351,146.7,26.96,0.98,75.31,175.82
Gujarat,Vadodara,22-10-2021,87,247.95,248.1,197.29,97.8,60.92
Gujarat,Vadodara,28-10-2021,6,276.35,128.6,69.6,38.01,167.24
Gujarat,Vadodara,03-11-2021,289,260.78,196.99,79.36,49.18,174.89
Gujarat,Vadodara,04-11-2021,46,246.51,82.98,45.1,20.83,143.97
Gujarat,Vadodara,07-11-2021,299,63.86,291.35,82.74,55.07,68.92
Gujarat,Vadodara,18-11-2021,142,154.99,104.12,128.08,0.91,99.84
Gujarat,Vadodara,30-11-2021,268,28.37,13.61,103.3,19.26,153.27
Gujarat,Vadodara,06-12-2021,41,5.98,36.24,190.2,3.08,164.65
Gujarat,Vadodara,19-12-2021,301,47.72,32.86,60.69,18.52,13.05
Gujarat,Vadodara,28-12-2021,442,127.45,363.92,199.43,86.85,90.23
Gujarat,Vadodara,31-12-2021,268,23.82,6.58,169.67,56.62,46.71
Gujarat,Vadodara,08-01-2022,195,60.06,195.68,91.41,61.03,104.47
Gujarat,Vadodara,14-01-2022,113.5,61.115,305.2,129.935,96.97,79.87
Gujarat,Vadodara,20-01-2022,142,1.92,86.88,48.48,35.53,30.89
Gujarat,Vadodara,22-01-2022,483,279.67,234.26,90.86,60.01,127.36
Gujarat,Vadodara,17-02-2022,37,107.76,92.88,52.49,80.07,0.02
Gujarat,Vadodara,19-02-2022,469,105.06,334.98,3.43,3.25,15.22
Gujarat,Vadodara,01-03-2022,227,243.49,350.7,118.09,46.51,108.95
Gujarat,Vadodara,25-03-2022,352,284.85,397.64,79.09,57.93,147.45
Gujarat,Vadodara,03-04-2022,262,221.17,146.68,35.27,46.65,153.92
Gujarat,Vadodara,10-04-2022,92,242.23,50.73,147.61,6.01,180.59
Gujarat,Vadodara,14-04-2022,424,97.7,356.89,143.34,21.91,182.79
Gujarat,Vadodara,17-04-2022,7,37.06,286.68,61.4,47.3,157.74
Gujarat,Vadodara,26-04-2022,443,108.51,67.99,161.98,63.12,179.31
Gujarat,Vadodara,29-04-2022,112,227.36,183.18,176.62,68.65,174.01
Gujarat,Vadodara,11-05-2022,188,231.42,147.68,69.32,60.15,164.61
Gujarat,Vadodara,15-05-2022,456,179.78,10.86,178.92,13.04,74.77
Gujarat,Vadodara,23-05-2022,449,117.24,347.78,2.26,48.94,58.97
Gujarat,Vadodara,24-05-2022,367,208.94,213.11,97.98,91.45,116.91
Gujarat,Vadodara,02-06-2022,431,68.76,136.75,49.74,10.7,42.84
Gujarat,Vadodara,12-06-2022,408,38.49,44.67,83.59,88.4,83.43
Gujarat,Vadodara,18-06-2022,67,291.78,27.26,105.99,74.9,176.54
Gujarat,Vadodara,20-06-2022,60,33.93,175.83,116.1,17.74,163.41
Gujarat,Vadodara,21-06-2022,157,197.73,165.03,84.52,43.09,180.42
Gujarat,Vadodara,11-07-2022,422,21.45,303.67,133.37,98.18,119.88
Gujarat,Vadodara,15-07-2022,368,182,279.05,101.6,34.23,19.86
Gujarat,Vadodara,24-07-2022,45,9.78,369.64,75.43,17.27,60.98
Gujarat,Vadodara,27-07-2022,332,107.47,198.97,50.43,16.74,160.49
Gujarat,Vadodara,02-08-2022,342,189.37,76.93,158.37,4.72,74.77
Gujarat,Vadodara,30-08-2022,174,88.66,293.97,130.44,48.72,69.83
Gujarat,Vadodara,21-09-2022,326,246.11,151.31,110.08,1.85,146.18
Gujarat,Vadodara,11-10-2022,110,83.54,185.69,129.36,33.04,154.25
Gujarat,Vadodara,17-10-2022,369,141.56,202.91,141.42,69.36,57.92
Gujarat,Vadodara,04-11-2022,76,114.9,357.64,44.94,64.58,180.88
Gujarat,Vadodara,10-11-2022,478,241.1,11.4,143.49,48.7,48.69
Gujarat,Vadodara,15-11-2022,259,106.93,1.54,177.62,21.5,163.29
Gujarat,Vadodara,19-11-2022,494,242.07,83.29,69.91,25.48,191.77
Gujarat,Vadodara,20-11-2022,214,230.93,11.18,39.83,94.56,140.05
Gujarat,Vadodara,26-11-2022,304,282.29,263.93,164.18,79.88,32.27
Gujarat,Vadodara,07-12-2022,334,253.69,304.21,81.34,11.86,43.3
Gujarat,Vadodara,27-12-2022,275,135.24,398.74,164.37,75.86,110.49
Karnataka,Bengaluru,05-01-2015,484,34.4,14.77,106.28,58.71,89.27
Karnataka,Bengaluru,15-01-2015,329,116.72,268.26,27.17,84.79,10.57
Karnataka,Bengaluru,16-01-2015,200,217.67,205.14,38.55,35.55,163.41
Karnataka,Bengaluru,18-01-2015,182,9.27,379.69,171.09,29.33,139.48
Karnataka,Bengaluru,23-01-2015,43,125.48,44.93,27.09,33.25,87.74
Karnataka,Bengaluru,24-01-2015,251,16.11,259.73,70.69,37.45,142.95
Karnataka,Bengaluru,25-01-2015,447,238.55,238.36,70.49,75.13,146.59
Karnataka,Bengaluru,05-02-2015,445,182.29,113.86,7.51,39.01,3.67
Karnataka,Bengaluru,20-02-2015,163,147.9,141.5,163.31,42.62,171.56
Karnataka,Bengaluru,25-02-2015,199,231.68,368.25,196.49,95.61,178.07
Karnataka,Bengaluru,05-03-2015,177,172.11,207.26,148.86,68.31,117.19
Karnataka,Bengaluru,13-03-2015,482,267.35,60.71,129.61,51.79,166.01
Karnataka,Bengaluru,14-03-2015,120,30.24,93.78,8.28,15.82,151.99
Karnataka,Bengaluru,20-03-2015,287,156.81,252.12,77.91,31.97,83.81
Karnataka,Bengaluru,24-03-2015,245,25.95,250.71,127.27,24.9,117.64
Karnataka,Bengaluru,25-03-2015,176,249.88,228.93,14.67,25.38,84.53
Karnataka,Bengaluru,27-03-2015,284,150.51,344.8,8.27,21.04,86.61
Karnataka,Bengaluru,30-03-2015,462,113.99,50.74,163.37,88.55,73.9
Karnataka,Bengaluru,15-04-2015,453,90.45,375.4,85.21,98.58,93.69
Karnataka,Bengaluru,17-04-2015,237,81.78,146.87,88.46,37.83,53.43
Karnataka,Bengaluru,20-04-2015,37,46.87,105.62,39.47,21.86,198.06
Karnataka,Bengaluru,27-04-2015,94,79.05,51.27,191.08,78.76,162.59
Karnataka,Bengaluru,13-05-2015,205,290.77,181.51,11.48,18.2,9.8
Karnataka,Bengaluru,23-05-2015,274,39.11,36.27,198.77,95.49,187.92
Karnataka,Bengaluru,30-05-2015,208,272.11,36.85,93.88,37.94,153.48
Karnataka,Bengaluru,31-05-2015,163,144.38,7.49,168.76,19.63,74.58
Karnataka,Bengaluru,07-06-2015,372,19.16,320.36,25.59,9.36,105.88
Karnataka,Bengaluru,10-06-2015,440,283.47,240.34,138.58,18.33,54.43
Karnataka,Bengaluru,11-06-2015,185,152.815,253.055,3.475,41.465,88.32
Karnataka,Bengaluru,20-06-2015,143,162.55,40.16,194.53,78.12,191.42
Karnataka,Bengaluru,21-06-2015,182,294.69,145.87,52.33,39.93,124.57
Karnataka,Bengaluru,29-06-2015,114,190.1,388.35,103.83,98.09,107.85
Karnataka,Bengaluru,02-07-2015,177,11.49,111.73,196.37,78.94,27.65
Karnataka,Bengaluru,04-07-2015,314,293.42,21.6,171.15,50.55,186.81
Karnataka,Bengaluru,07-07-2015,334,43.11,121.01,14.62,59.1,122.75
Karnataka,Bengaluru,18-07-2015,252.67,229.74,319.74,174.59,37.21,62.17
Karnataka,Bengaluru,28-07-2015,340,63.77,136.29,86.7,34.02,8.22
Karnataka,Bengaluru,03-08-2015,188,22.49,1.3,55.39,82.77,111.27
Karnataka,Bengaluru,26-08-2015,459,188.43,42.35,178.73,9.66,13.61
Karnataka,Bengaluru,30-08-2015,404,161.16,236.09,16.87,78.26,181.15
Karnataka,Bengaluru,03-09-2015,33,106.08,308.12,39.98,83.03,137.36
Karnataka,Bengaluru,04-09-2015,112,259.97,347.08,112.59,53.67,97.36
Karnataka,Bengaluru,05-09-2015,223,144.53,24.42,125.08,35.39,122.72
Karnataka,Bengaluru,15-09-2015,292,165.84,60.69,11.22,78.63,88.94
Karnataka,Bengaluru,19-09-2015,338,107.76,67.25,85.17,87.5,89.93
Karnataka,Bengaluru,21-09-2015,13,238.95,325.52,142.25,52.52,132.17
Karnataka,Bengaluru,02-10-2015,140,116.28,147.55,163.53,50.56,139.55
Karnataka,Bengaluru,03-10-2015,191,282.62,100.66,88.01,71.11,184.21
Karnataka,Bengaluru,04-10-2015,275,272.4,15.57,131.01,43.21,139.47
Karnataka,Bengaluru,07-10-2015,270,11.12,197.81,18.87,80.48,129.79
Karnataka,Bengaluru,29-10-2015,89,13.81,177.02,196.65,96.79,17.29
Karnataka,Bengaluru,30-10-2015,130,123.59,213.47,28.41,93.11,146.22
Karnataka,Bengaluru,14-11-2015,457,148.61,75.51,108.9,82.62,140.33
Karnataka,Bengaluru,19-11-2015,454,205.3,39.44,162.75,47.98,196.92
Karnataka,Bengaluru,10-12-2015,296,221.75,370.3,71.22,7.4,38.16
Karnataka,Bengaluru,11-12-2015,278,183.88,197.32,98.1,23.47,103.42
Karnataka,Bengaluru,12-12-2015,330.5,129.15,198.4,30.84,55.84,139.395
Karnataka,Bengaluru,16-12-2015,178,240.95,251.92,158.55,88.14,104.68
Karnataka,Bengaluru,24-12-2015,32,140.89,203.35,23.57,42.93,56.12
Karnataka,Bengaluru,26-12-2015,481,209.7,125.06,137.64,87.93,32.3
Karnataka,Bengaluru,30-12-2015,122,114.74,279.61,199.47,89.58,121.92
Karnataka,Bengaluru,04-01-2016,100,85.47,96.41,36.1,88.15,103.53
Karnataka,Bengaluru,06-01-2016,342,133.04,242.24,44.52,57.47,17.36
Karnataka,Bengaluru,10-01-2016,119,213.41,232.33,147.82,19.52,115.87
Karnataka,Bengaluru,14-01-2016,465,12.18,36.93,54.36,21.88,137.21
Karnataka,Bengaluru,19-01-2016,115,228.34,133.05,7.27,94.94,136.23
Karnataka,Bengaluru,06-02-2016,298.5,95,40.03,114.73,35.935,68.175
Karnataka,Bengaluru,25-02-2016,29,70.56,141,194.46,86.09,161.61
Karnataka,Bengaluru,10-03-2016,417,52.83,128.39,16.91,88.63,119.28
Karnataka,Bengaluru,16-03-2016,171,237.87,140.03,17.92,90.28,44.71
Karnataka,Bengaluru,07-04-2016,391,132.46,130.2,55.54,63.91,101.71
Karnataka,Bengaluru,19-04-2016,364,35.36,115.17,96.53,83.9,2.56
Karnataka,Bengaluru,25-04-2016,88,156.99,185.98,86.7,71.3,114.53
Karnataka,Bengaluru,11-05-2016,307,59.53,315.84,79.87,85.74,31.25
Karnataka,Bengaluru,15-05-2016,114,179.62,318.125,80.535,39.85,37.6
Karnataka,Bengaluru,05-06-2016,189,48.3,360.68,40.09,20.68,34.97
Karnataka,Bengaluru,19-06-2016,436,48.49,388.07,126.58,70.24,138.25
Karnataka,Bengaluru,25-06-2016,382,55.82,238.93,49.75,96.36,45.38
Karnataka,Bengaluru,27-06-2016,301,109.49,371.99,68.6,58.65,159.95
Karnataka,Bengaluru,02-07-2016,363,120.93,188.11,70.21,27.84,47.95
Karnataka,Bengaluru,01-08-2016,487,77.9,92.06,49.49,67.77,21.46
Karnataka,Bengaluru,13-08-2016,253,155.44,34.77,39.55,90.59,54.37
Karnataka,Bengaluru,16-08-2016,202,266.37,284.69,141.59,13.54,140.04
Karnataka,Bengaluru,20-08-2016,460,184.16,200.15,153.77,84.7,188.01
Karnataka,Bengaluru,23-08-2016,385,237.09,238.82,34.26,69,193.06
Karnataka,Bengaluru,24-08-2016,413,36.36,192.93,198.41,56.93,15.97
Karnataka,Bengaluru,28-08-2016,206,218.21,234.43,188.57,38.07,144.31
Karnataka,Bengaluru,30-08-2016,435,95.71,160.84,108.05,24.83,87.84
Karnataka,Bengaluru,21-09-2016,90,67.96,49.69,76.65,81.54,5.94
Karnataka,Bengaluru,22-09-2016,407,269.93,132.55,141.76,45.34,94.62
Karnataka,Bengaluru,23-09-2016,357,68.59,226.37,102.26,22.82,180.8
Karnataka,Bengaluru,19-10-2016,276.5,48.02,229.52,185.84,57.955,127.83
Karnataka,Bengaluru,05-11-2016,204,143.91,190.15,114.93,72.23,118.84
Karnataka,Bengaluru,09-11-2016,179,20.07,192.36,179.5,97.12,181.5
Karnataka,Bengaluru,13-11-2016,458,22.06,383.16,108.14,35.58,149.84
Karnataka,Bengaluru,19-11-2016,189,291.44,138.12,80.47,35.08,189.55
Karnataka,Bengaluru,21-11-2016,370,94.32,374.88,108.4,82.02,164.91
Karnataka,Bengaluru,29-11-2016,444,185.06,24.58,128.91,62.87,141.01
Karnataka,Bengaluru,09-12-2016,27,9.69,184.15,137.48,80.73,3.79
Karnataka,Bengaluru,10-12-2016,108,234.33,216.68,168.98,86.47,32.15
Karnataka,Bengaluru,13-12-2016,116,242.56,50.8,97.49,0.61,62.44
Karnataka,Bengaluru,19-12-2016,82,284.73,187.74,173.23,76.37,192.34
Karnataka,Bengaluru,17-01-2017,117,48.65,261.71,63.32,96.79,182.67
Karnataka,Bengaluru,22-01-2017,471,47.44,82.64,187.34,12.11,125.3
Karnataka,Bengaluru,11-02-2017,84,268.47,302.16,55.21,85.84,20.58
Karnataka,Bengaluru,20-02-2017,144,101.28,240.63,55.88,83.62,161.8
Karnataka,Bengaluru,22-02-2017,426,248.42,272.21,49.97,99.16,78.28
Karnataka,Bengaluru,26-02-2017,249,163.6,212.265,91.235,48.245,45.345
Karnataka,Bengaluru,27-02-2017,278,117.69,261.7,197.3,91.49,155.5
Karnataka,Bengaluru,02-03-2017,97,175.82,54.93,76.85,32.93,99.12
Karnataka,Bengaluru,07-03-2017,314,235.05,206.92,0.66,21.98,60.53
Karnataka,Bengaluru,16-03-2017,368,15.99,35.58,65.24,95.79,88.6
Karnataka,Bengaluru,31-03-2017,29,20.88,224.38,176.7,18.91,45.85
Karnataka,Bengaluru,06-04-2017,318,194.69,74.79,168.73,19.57,10.22
Karnataka,Bengaluru,08-04-2017,239,270.19,289.85,167.6,17.13,48.39
Karnataka,Bengaluru,14-04-2017,7,125.41,94.05,86.77,94.29,46.01
Karnataka,Bengaluru,17-04-2017,102,299.32,142.49,151.25,29.15,143.19
Karnataka,Bengaluru,08-05-2017,22,7.87,184.42,192.7,41.5,80.48
Karnataka,Bengaluru,10-05-2017,368,101.2,346.59,100.7,42.67,109.97
Karnataka,Bengaluru,14-05-2017,297,36.66,33.41,166.2,20.15,13.08
Karnataka,Bengaluru,20-06-2017,433,156.8,263.62,194.45,23.51,58.93
Karnataka,Bengaluru,14-07-2017,264,126.55,27.9,23.37,38.73,62.01
Karnataka,Bengaluru,24-07-2017,290,136.77,273.38,55.81,34.02,119.85
Karnataka,Bengaluru,01-08-2017,137,100.12,254.6,66.48,7.87,98.87
Karnataka,Bengaluru,02-08-2017,214,156.23,352.55,125.38,40.79,130.48
Karnataka,Bengaluru,05-09-2017,173,185.13,359.78,186.09,88.98,135.24
Karnataka,Bengaluru,08-09-2017,211,232.94,379.04,15.1,24.96,162.66
Karnataka,Bengaluru,12-09-2017,482,144.47,311.75,24.04,34.12,189.71
Karnataka,Bengaluru,25-09-2017,365,136.39,51.55,159.08,64.02,179.75
Karnataka,Bengaluru,07-10-2017,150,171.39,392.71,44.76,70.48,154.5
Karnataka,Bengaluru,16-10-2017,407,134.18,18.87,46.07,74.66,84.34
Karnataka,Bengaluru,29-10-2017,40,204.85,307.03,64.4,66.87,79.99
Karnataka,Bengaluru,09-11-2017,449,55.57,369.94,120.88,12.62,175.86
Karnataka,Bengaluru,05-12-2017,74,253.66,96.34,18.05,93.85,194.37
Karnataka,Bengaluru,12-12-2017,382,140.35,349.76,173.4,21.75,69.49
Karnataka,Bengaluru,24-12-2017,488,229.96,321.33,188.52,60.59,132.42
Karnataka,Bengaluru,27-12-2017,26,279.21,387.28,192.54,85.04,135.26
Karnataka,Bengaluru,04-01-2018,479,35.66,116.16,18.89,44.86,130.75
Karnataka,Bengaluru,27-01-2018,156,90.94,114.835,117.69,73.325,129.905
Karnataka,Bengaluru,04-02-2018,276,27.34,250.26,154.53,77.12,78.52
Karnataka,Bengaluru,07-02-2018,485,274.17,61.35,9.61,19.33,77.25
Karnataka,Bengaluru,13-03-2018,362,35.87,321.68,164.1,70.67,164.82
Karnataka,Bengaluru,15-03-2018,298,281.45,293.59,73.97,33.06,36.89
Karnataka,Bengaluru,17-03-2018,341,99.74,44.52,150.59,26.51,17.77
Karnataka,Bengaluru,04-04-2018,360,172.65,176.14,19.27,96.39,62.42
Karnataka,Bengaluru,09-04-2018,221,235.35,175.42,28.74,45.84,8.52
Karnataka,Bengaluru,13-04-2018,123,124.78,256.07,56.65,82.25,58.3
Karnataka,Bengaluru,14-05-2018,52,124.26,27.02,46.47,51.06,42.16
Karnataka,Bengaluru,17-05-2018,105,272.02,136.76,145.6,63.01,185.68
Karnataka,Bengaluru,31-05-2018,9,19.05,198.14,198.94,40.75,43.92
Karnataka,Bengaluru,05-06-2018,361,32.26,54.09,195.89,6.1,83.07
Karnataka,Bengaluru,17-06-2018,112,281.29,289.22,16.61,3.16,67.98
Karnataka,Bengaluru,08-07-2018,231,258.18,257.66,120.44,59.85,42.64
Karnataka,Bengaluru,09-07-2018,328,100.97,114.2,105.21,33.71,188.38
Karnataka,Bengaluru,24-07-2018,470,21.48,81.03,85.03,96.46,62.86
Karnataka,Bengaluru,13-08-2018,24,296.61,241.58,149.35,20.28,79.19
Karnataka,Bengaluru,26-08-2018,153,116.18,348.12,191.35,5.9,127.45
Karnataka,Bengaluru,03-09-2018,435,299.39,275.83,184.37,24.67,124.64
Karnataka,Bengaluru,04-09-2018,246,299.34,239.58,5.67,61.92,2.11
Karnataka,Bengaluru,26-09-2018,159,185.77,375.43,114.85,61.08,123.48
Karnataka,Bengaluru,28-09-2018,412,169.73,0.78,29.52,36.58,48.57
Karnataka,Bengaluru,04-10-2018,367,94.48,338.65,130.57,91.36,196.19
Karnataka,Bengaluru,13-10-2018,84,163.34,67.96,55.23,0.87,104.69
Karnataka,Bengaluru,31-10-2018,372,52.41,297.9,38.36,44.21,148.92
Karnataka,Bengaluru,10-11-2018,89,285.2,38.27,119.27,29.95,2.67
Karnataka,Bengaluru,12-11-2018,109,23.49,232.94,64.5,54.98,145.02
Karnataka,Bengaluru,18-11-2018,449,199.91,243.27,141.62,88.72,56.9
Karnataka,Bengaluru,23-11-2018,166,126.37,353.96,116.63,5.6,108.35
Karnataka,Bengaluru,28-11-2018,62,87.22,92.65,182.28,36.05,110.43
Karnataka,Bengaluru,04-12-2018,336,284.08,144.795,72.03,52.305,14.3
Karnataka,Bengaluru,05-12-2018,244,264.72,95.59,151.96,40.06,123.66
Karnataka,Bengaluru,07-12-2018,347,199.4,30.83,187.54,1.84,46.06
Karnataka,Bengaluru,12-12-2018,349,182.56,304.74,57.16,21.08,99.34
Karnataka,Bengaluru,14-12-2018,186,138.69,134.65,63.26,63.37,190.52
Karnataka,Bengaluru,16-12-2018,105,255.92,238.8,64.49,86.23,84.7
Karnataka,Bengaluru,11-01-2019,411,249.85,3.71,107.42,46.95,65.93
Karnataka,Bengaluru,30-01-2019,108,196.49,358.19,162.93,46.73,153.45
Karnataka,Bengaluru,08-02-2019,451,144,29.83,44.17,43.11,152.15
Karnataka,Bengaluru,12-02-2019,142,14.89,6.35,40.03,12.85,79.29
Karnataka,Bengaluru,14-02-2019,270,204.26,26.15,82.57,51.28,74.56
Karnataka,Bengaluru,18-02-2019,478,187.62,255.21,19.85,14.82,135.51
Karnataka,Bengaluru,21-02-2019,125,265.72,97.87,157,83.53,147.51
Karnataka,Bengaluru,17-03-2019,394,59.98,265,14.15,50.21,190.95
Karnataka,Bengaluru,19-03-2019,76,241.1,125.44,148.61,69.58,136.67
Karnataka,Bengaluru,23-03-2019,490,9.48,384.33,90.3,62.69,148.18
Karnataka,Bengaluru,27-03-2019,154,25.56,47.29,60.93,36.73,144.2
Karnataka,Bengaluru,04-05-2019,297,39.63,208.89,11.17,31.07,21.89
Karnataka,Bengaluru,27-06-2019,289,76.95,239.42,8.62,48.57,4.71
Karnataka,Bengaluru,01-08-2019,39,21.46,63.2,16.55,78.2,89.6
Karnataka,Bengaluru,14-08-2019,258,164.27,377.79,12.6,18.9,90.6
Karnataka,Bengaluru,28-08-2019,75,206.16,109.2,150.2,4.81,53.71
Karnataka,Bengaluru,03-09-2019,405,124.2,254.64,156.22,69.2,52.71
Karnataka,Bengaluru,19-10-2019,102,3.4,214.88,71.96,79.18,105.72
Karnataka,Bengaluru,24-10-2019,409,181.71,385.97,68.29,12.86,14.71
Karnataka,Bengaluru,26-10-2019,103,194.37,42.14,31.07,4.43,181.48
Karnataka,Bengaluru,03-12-2019,232,146.03,150.53,72.11,12.21,163.66
Karnataka,Bengaluru,06-12-2019,20,259.26,101.74,104.35,62.08,87.48
Karnataka,Bengaluru,05-01-2020,15,128.8,186.59,178.34,8.94,86.6
Karnataka,Bengaluru,09-01-2020,425,102.15,94.85,100.24,89.38,37.13
Karnataka,Bengaluru,14-01-2020,241,179.64,203.91,40.62,70.89,91.52
Karnataka,Bengaluru,04-02-2020,275.5,34.775,143.655,42.59,33.915,98.98
Karnataka,Bengaluru,07-02-2020,204,191.07,383.48,17.52,25.11,118.33
Karnataka,Bengaluru,23-02-2020,168.6666667,102.5466667,100.06,46.67,72.34,36.66333333
Karnataka,Bengaluru,01-03-2020,340,139.25,386.28,60.3,93.39,21.22
Karnataka,Bengaluru,16-03-2020,434,152.33,130.59,14.97,17.35,137.06
Karnataka,Bengaluru,24-03-2020,368,61.93,236.76,50.24,54.65,29.89
Karnataka,Bengaluru,25-03-2020,199,99.2,119.96,156.96,11.71,3.69
Karnataka,Bengaluru,06-04-2020,222,149.47,228.95,81.55,31.975,104.895
Karnataka,Bengaluru,17-04-2020,399,88.21,311.35,103.57,0.05,131.56
Karnataka,Bengaluru,01-05-2020,224,234.88,49.06,77.48,52.86,51.68
Karnataka,Bengaluru,22-05-2020,153,19.09,270.68,99.74,56.95,37.78
Karnataka,Bengaluru,28-05-2020,101,270.21,222.66,163.22,65.39,92.56
Karnataka,Bengaluru,31-05-2020,160,32.79,319.82,179.93,88.5,196.11
Karnataka,Bengaluru,07-06-2020,399,107.98,59.2,53.17,12.27,136.26
Karnataka,Bengaluru,16-06-2020,39,154.19,7.67,88.66,96.42,158.91
Karnataka,Bengaluru,22-06-2020,483,174.16,257.93,128.97,50.56,70.06
Karnataka,Bengaluru,27-06-2020,89,173.88,155.71,111.94,61.81,137.94
Karnataka,Bengaluru,15-07-2020,147,241.29,304.5,122.2,32.75,149.53
Karnataka,Bengaluru,20-07-2020,421,257.85,121.83,50.79,48.85,2.75
Karnataka,Bengaluru,31-07-2020,350,250.5,384.81,151.47,40.62,8.99
Karnataka,Bengaluru,24-08-2020,8,45.34,260.84,78.57,60.86,58.65
Karnataka,Bengaluru,28-08-2020,309,289.4,355.8,9.55,22.61,44.02
Karnataka,Bengaluru,29-08-2020,403,123.53,25.84,129.35,44.77,151.89
Karnataka,Bengaluru,02-09-2020,32,277.56,68.28,64.28,72.19,165.12
Karnataka,Bengaluru,09-09-2020,485,129.49,139.47,69.43,51.3,15.24
Karnataka,Bengaluru,13-09-2020,256,60.98,224.17,191.09,16.79,24.39
Karnataka,Bengaluru,14-09-2020,458,261.3,217.89,19.39,91.36,28.34
Karnataka,Bengaluru,22-09-2020,241,61.04,299.65,132.25,3.09,184.14
Karnataka,Bengaluru,04-10-2020,136,18.38,349.69,42.23,9.48,198.11
Karnataka,Bengaluru,14-10-2020,204,268.15,101.45,154.95,23.98,147.25
Karnataka,Bengaluru,31-10-2020,32,210.34,104.34,192.88,57.77,26.85
Karnataka,Bengaluru,06-11-2020,139,117.66,252.29,139.26,70.44,22.81
Karnataka,Bengaluru,14-11-2020,42,47.49,371.13,94.3,22.04,35.03
Karnataka,Bengaluru,19-11-2020,435,295.48,139.39,109.8,53.69,145.79
Karnataka,Bengaluru,03-12-2020,244,257.22,348.1,133.29,93.19,11.07
Karnataka,Bengaluru,21-12-2020,262,209.51,243.71,92.66,7.19,160.58
Karnataka,Bengaluru,25-12-2020,464,261.69,17.04,127.91,63.97,184.7
Karnataka,Bengaluru,30-12-2020,370,204.56,131.47,11.49,89.65,171.8
Karnataka,Bengaluru,05-02-2021,111,122.33,192.61,111.105,41.55,71.765
Karnataka,Bengaluru,16-02-2021,276,77.79,180.395,90.31,40.74,120.42
Karnataka,Bengaluru,02-03-2021,450,32.07,235.4,129.81,7.97,103.24
Karnataka,Bengaluru,06-03-2021,6,147.04,61.73,114.78,93.94,55.37
Karnataka,Bengaluru,10-03-2021,17,34.16,282.03,153.59,33.75,36.84
Karnataka,Bengaluru,12-03-2021,42,254.51,10.49,104.24,12.43,9.72
Karnataka,Bengaluru,25-03-2021,217,276.95,298.15,69.56,64.35,167.99
Karnataka,Bengaluru,16-04-2021,89,118.53,272.58,117.32,7.75,4.72
Karnataka,Bengaluru,23-04-2021,46,152.915,69.185,184.635,88.51,87
Karnataka,Bengaluru,28-04-2021,45,257.6,207.38,13.22,19.07,34.98
Karnataka,Bengaluru,10-05-2021,277.5,120.92,157.765,75.145,44.735,123.9
Karnataka,Bengaluru,11-05-2021,456,15.1,217.85,80.21,65.41,64.94
Karnataka,Bengaluru,04-06-2021,12,100.15,106.18,146.27,60.71,138.11
Karnataka,Bengaluru,16-06-2021,320,287.83,158.36,192.85,62.11,45.4
Karnataka,Bengaluru,19-06-2021,404,198.88,141.74,57.81,54.78,175.83
Karnataka,Bengaluru,22-06-2021,177,167.23,389.85,11.54,39.61,189.65
Karnataka,Bengaluru,28-06-2021,206,43.77,113.28,176.27,0.49,199
Karnataka,Bengaluru,01-07-2021,223,210.82,46.04,106.03,12.12,82.87
Karnataka,Bengaluru,11-07-2021,269,100.62,395.68,197.14,93.49,67.17
Karnataka,Bengaluru,20-07-2021,20,158.08,23.48,17.47,15.01,178.71
Karnataka,Bengaluru,29-07-2021,318,177.38,233,147.25,17.55,143.46
Karnataka,Bengaluru,01-08-2021,311,228.41,309.85,105.78,35.63,106.39
Karnataka,Bengaluru,14-08-2021,493,214.54,55.61,77.07,53.6,198.99
Karnataka,Bengaluru,17-08-2021,138,144.375,232.22,112.555,31.295,165.08
Karnataka,Bengaluru,09-09-2021,302,268.51,77.42,40.52,43.95,56.68
Karnataka,Bengaluru,16-09-2021,246,239.41,342.88,170.04,80.9,176.5
Karnataka,Bengaluru,26-09-2021,260,11.29,45.9,192.08,59.91,113.28
Karnataka,Bengaluru,27-10-2021,35,94.04,254.32,165.37,86.57,156.63
Karnataka,Bengaluru,29-11-2021,131,125.98,293.29,87.62,21.19,107.17
Karnataka,Bengaluru,11-12-2021,140,116.26,308.68,79.38,82.27,67.56
Karnataka,Bengaluru,17-12-2021,386,44.58,34.06,60.4,99.48,70.75
Karnataka,Bengaluru,18-12-2021,103,290.04,385.68,113.61,14.58,21.12
Karnataka,Bengaluru,23-12-2021,255,61.45,211.53,124.24,58.7,33.29
Karnataka,Bengaluru,24-12-2021,238,238.64,252.055,73.265,68.79,103.765
Karnataka,Bengaluru,01-01-2022,251,148.96,289.78,163.25,2.89,55.5
Karnataka,Bengaluru,20-01-2022,203,225.36,78.82,93.82,59.6,81.51
Karnataka,Bengaluru,23-01-2022,279,46.09,389.33,195.5,49.6,83.88
Karnataka,Bengaluru,01-03-2022,50,69.77,139.82,50.13,58.17,47.93
Karnataka,Bengaluru,11-03-2022,180,188.74,192.46,85.39,90.53,68.33
Karnataka,Bengaluru,13-04-2022,461,64.71,25.04,79.46,37.11,27.41
Karnataka,Bengaluru,18-04-2022,275,60.21,69.96,178.97,4.45,167.09
Karnataka,Bengaluru,14-05-2022,322,189,53.41,61.43,13.91,82.15
Karnataka,Bengaluru,17-05-2022,255,48.22,270.84,58.64,29.71,63.06
Karnataka,Bengaluru,21-05-2022,224,275.56,43.71,0.51,67.08,76.85
Karnataka,Bengaluru,26-05-2022,292,230.41,129.97,196.52,37.15,135.1
Karnataka,Bengaluru,13-06-2022,348,190.26,16.31,193.04,54.47,197.29
Karnataka,Bengaluru,21-06-2022,249,182.16,170.37,5.69,40.93,91.3
Karnataka,Bengaluru,22-06-2022,325,158.62,327.09,25.73,36.87,145.53
Karnataka,Bengaluru,24-06-2022,91,207.32,242.94,60.67,22.47,16.7
Karnataka,Bengaluru,28-06-2022,240,154.14,172.69,123.99,25.48,78.37
Karnataka,Bengaluru,30-06-2022,412,16.33,38.1,119.17,91.38,180.57
Karnataka,Bengaluru,02-07-2022,457,257.21,115.41,139.06,72.13,105.41
Karnataka,Bengaluru,04-07-2022,228,150.93,320.42,11.65,46.94,162.49
Karnataka,Bengaluru,20-07-2022,237,29.23,76.12,128.41,12.88,59.68
Karnataka,Bengaluru,09-08-2022,391,192.4,331.82,76.4,15.87,115.71
Karnataka,Bengaluru,10-08-2022,268,218.875,134.525,154.59,53.545,162.22
Karnataka,Bengaluru,28-08-2022,233,240.67,36,22.42,37.64,198.93
Karnataka,Bengaluru,10-09-2022,262,143.55,184.93,69.26,43.73,93.15
Karnataka,Bengaluru,12-09-2022,440,50.83,184.72,8.68,59.31,149.93
Karnataka,Bengaluru,26-09-2022,258,142,378.98,42.89,27.08,7.1
Karnataka,Bengaluru,14-10-2022,228,257.09,376.89,49.1,24.06,7.39
Karnataka,Bengaluru,15-10-2022,251,116.72,214.55,156.63,81.92,53.02
Karnataka,Bengaluru,03-12-2022,473,287.06,243.84,11.57,81.52,121.85
Karnataka,Bengaluru,17-12-2022,195,0.64,297.79,158.16,71.06,78.25
Karnataka,Hubli,04-01-2015,275,273.69,389.72,71.43,42.35,156.4
Karnataka,Hubli,05-01-2015,3,173.27,176.64,96.73,47.92,76.45
Karnataka,Hubli,13-01-2015,219,41.47,223.2,172.34,73.19,58.47
Karnataka,Hubli,14-01-2015,158,18.76,201.28,167.78,68.14,137.33
Karnataka,Hubli,27-01-2015,97,174.98,57.48,127.14,96.5,2.87
Karnataka,Hubli,05-02-2015,64,100.92,114.51,7.38,67.02,67.49
Karnataka,Hubli,26-02-2015,53,244.22,158.19,23.61,47.25,161.13
Karnataka,Hubli,27-02-2015,407,71.06,267.04,34.76,54.13,0.57
Karnataka,Hubli,04-03-2015,92,227.58,12.2,144.69,38.38,178.4
Karnataka,Hubli,10-03-2015,75,0.03,257.65,14.81,98.63,56.41
Karnataka,Hubli,20-03-2015,473,6.03,103.77,137.79,15.93,191.12
Karnataka,Hubli,27-03-2015,424,241.76,100.35,37.26,69.58,33.53
Karnataka,Hubli,04-04-2015,231,256.06,297.15,7.82,19.86,106.01
Karnataka,Hubli,06-04-2015,11,57.27,199.11,139.42,1.4,7.45
Karnataka,Hubli,20-04-2015,252,177.55,51.48,147.1,10.79,162.88
Karnataka,Hubli,27-04-2015,180,222.99,56.69,134.88,93.13,81.32
Karnataka,Hubli,05-05-2015,114,210.06,340.05,26.35,66.88,15.21
Karnataka,Hubli,09-05-2015,300,137.27,341.03,7.77,94.01,76.72
Karnataka,Hubli,10-05-2015,308,253.79,212.69,158.99,24.22,100.95
Karnataka,Hubli,19-05-2015,435,190.01,289.08,80.58,98.08,141.33
Karnataka,Hubli,31-05-2015,155,21.93,217.61,184.25,43.56,159.51
Karnataka,Hubli,06-06-2015,154,171.95,7.87,50.92,47.6,125.12
Karnataka,Hubli,07-06-2015,401,92.37,51.82,38.96,19.39,147.2
Karnataka,Hubli,15-06-2015,394,114.93,294.88,129.29,10.14,172.12
Karnataka,Hubli,25-06-2015,149,268.91,300.7,191.96,15.43,118.8
Karnataka,Hubli,25-07-2015,360,75.2,232.55,56.93,73.27,146.55
Karnataka,Hubli,26-07-2015,245,78.55,289.35,163.45,74.35,143.76
Karnataka,Hubli,17-08-2015,197.6666667,75.57,126.58,87.92333333,63.76666667,80.79666667
Karnataka,Hubli,21-08-2015,425,174.92,280.18,199.31,94.58,28.95
Karnataka,Hubli,23-08-2015,456,248.89,31.94,155.93,21.81,25.31
Karnataka,Hubli,25-08-2015,350,191.8,67.11,154.38,36.46,153.53
Karnataka,Hubli,27-08-2015,479,280.03,130.88,38.95,55.95,43.15
Karnataka,Hubli,01-09-2015,347,225.42,16.03,86.81,59.36,121.86
Karnataka,Hubli,10-09-2015,153,189.94,160.55,25.88,28.45,130.84
Karnataka,Hubli,14-09-2015,449,2.68,48.71,27.97,60.11,118.17
Karnataka,Hubli,02-10-2015,115,75.33,63.04,38.09,67.55,129.65
Karnataka,Hubli,03-10-2015,6,183.34,301.49,24.94,88.75,49.43
Karnataka,Hubli,20-11-2015,315,39.74,79.79,33.56,54.33,142.24
Karnataka,Hubli,20-12-2015,482,173.7,147.34,193.16,25.68,96.5
Karnataka,Hubli,21-12-2015,52,158.15,233.57,199.6,97.83,154.37
Karnataka,Hubli,22-12-2015,431,263.49,142.61,147.5,26.71,190.77
Karnataka,Hubli,24-12-2015,129,31.75,179.23,139.95,17.79,151.56
Karnataka,Hubli,06-01-2016,234,270.52,339.97,113.41,0.79,18.95
Karnataka,Hubli,11-01-2016,121,75.57,342.32,55.94,8.24,89.95
Karnataka,Hubli,20-01-2016,208.5,158.45,163.38,38.195,47.12,76.625
Karnataka,Hubli,21-01-2016,388,93.12,176.78,148.94,34.57,51.08
Karnataka,Hubli,30-01-2016,352,220.55,84.94,20.56,2.24,154.4
Karnataka,Hubli,03-02-2016,166,216.7,112.06,40.71,66.45,21.14
Karnataka,Hubli,06-02-2016,467,83.87,37.53,55.02,46.48,77.84
Karnataka,Hubli,09-02-2016,414,244.54,394.89,26.79,21.84,97.96
Karnataka,Hubli,13-02-2016,238,55.66,17,147.05,86.05,59.48
Karnataka,Hubli,20-02-2016,328,205.11,235.84,128.92,11.98,92.7
Karnataka,Hubli,05-03-2016,189,27.77,49.47,56.14,81.64,31.19
Karnataka,Hubli,08-03-2016,293,101.42,297.64,72.51,89.9,110.54
Karnataka,Hubli,18-03-2016,71,284.89,306.53,93.97,37.89,104.19
Karnataka,Hubli,24-03-2016,327,227.44,241.87,151.5,10.98,70.84
Karnataka,Hubli,03-04-2016,442,13.56,261.37,150.08,11.23,85.4
Karnataka,Hubli,13-04-2016,319,56.76,296.19,73.11,88.79,156.04
Karnataka,Hubli,21-04-2016,258,144.895,78.63,98.365,47.82,100.205
Karnataka,Hubli,23-04-2016,162,150.18,47.97,135.11,91.56,3.21
Karnataka,Hubli,28-04-2016,236,160.24,378.3,77.38,57.45,101.09
Karnataka,Hubli,13-05-2016,93,123.54,158.41,75.48,78.31,40.36
Karnataka,Hubli,22-05-2016,57,0.94,248.58,78.19,52.51,83.02
Karnataka,Hubli,28-05-2016,67,32.51,37.81,133.47,15.26,100.31
Karnataka,Hubli,30-05-2016,417,244.71,19.81,156.53,1.75,170.13
Karnataka,Hubli,01-06-2016,95,1.92,399.54,117.64,84.54,58.4
Karnataka,Hubli,14-06-2016,155,203.51,243.87,181.38,17.25,139.77
Karnataka,Hubli,15-06-2016,202,246.98,185.45,87.5,26.89,97.51
Karnataka,Hubli,19-06-2016,388,137.2,25.5,186.63,46.7,7.62
Karnataka,Hubli,28-06-2016,397,277.46,221.51,186.42,50.42,36.27
Karnataka,Hubli,05-07-2016,280,252.51,157.15,169.2,21.01,43.77
Karnataka,Hubli,10-07-2016,338,193.98,65.4,74.31,41.93,39.58
Karnataka,Hubli,19-07-2016,191,13.4,241.94,24.84,27.02,175.13
Karnataka,Hubli,22-07-2016,57,198.93,0.69,39.8,46.16,119.65
Karnataka,Hubli,23-07-2016,148,298.24,146.36,47.36,96.46,62.14
Karnataka,Hubli,25-07-2016,331,264.65,107.52,157.89,0.39,144.89
Karnataka,Hubli,02-08-2016,352,254.935,56.595,97.09,32.18,102.86
Karnataka,Hubli,04-08-2016,77,30.95,312.37,132.14,43.99,48.11
Karnataka,Hubli,26-08-2016,73,252.44,362.78,37.33,46.52,73.86
Karnataka,Hubli,27-08-2016,418,166.2,269.24,58.42,91,158.63
Karnataka,Hubli,16-09-2016,453,69.97,336.46,51.59,5.55,167.74
Karnataka,Hubli,02-10-2016,132,123.99,262.49,32.77,61.25,155.44
Karnataka,Hubli,03-10-2016,432,13.13,189.53,52.69,61.42,72.18
Karnataka,Hubli,16-10-2016,8,198.01,343.43,54.42,65.06,7.09
Karnataka,Hubli,17-10-2016,147,193.32,35.54,138.9,3.65,191.6
Karnataka,Hubli,19-10-2016,58,160.89,293.55,22.23,63.6,159.88
Karnataka,Hubli,04-11-2016,256,57.66,184.81,190.39,33.59,92
Karnataka,Hubli,07-11-2016,55,91.78,227.12,60.4,58.31,166.1
Karnataka,Hubli,18-11-2016,155,200.33,150.38,86.08,50.36,4.96
Karnataka,Hubli,25-11-2016,494,291.67,186.17,46.65,43.75,136.55
Karnataka,Hubli,01-12-2016,285,176.08,263.67,105.66,19.11,8.03
Karnataka,Hubli,02-12-2016,206,83.74,398.17,103.28,35.3,60.86
Karnataka,Hubli,03-12-2016,387,48.03,194.01,47.37,7.24,131.89
Karnataka,Hubli,05-12-2016,393,129.58,116.4,42.61,86.57,160.52
Karnataka,Hubli,07-12-2016,20,246.91,390.89,40.21,68.86,168.87
Karnataka,Hubli,29-12-2016,138,214.57,195.485,19.43,78.05,175.215
Karnataka,Hubli,10-01-2017,342,269.96,136.61,20.77,78.35,99.16
Karnataka,Hubli,26-01-2017,397,167.23,140.95,11.44,95.88,161.76
Karnataka,Hubli,27-01-2017,376,205.31,338.68,172.04,13.77,8.75
Karnataka,Hubli,02-02-2017,22,57.13,283.29,76.22,67.65,12.37
Karnataka,Hubli,24-02-2017,330,122.78,169.76,189.72,44.71,177.72
Karnataka,Hubli,27-02-2017,431,134.42,289.86,90.39,24.5,63.64
Karnataka,Hubli,01-03-2017,380,212.34,156.72,168.25,80.7,35.65
Karnataka,Hubli,02-03-2017,420,69.1,85.64,136.77,24.96,171.49
Karnataka,Hubli,07-03-2017,416,134.26,148.48,106.76,55.76,149.58
Karnataka,Hubli,09-03-2017,27,141.19,142.79,93.08,76.51,178.56
Karnataka,Hubli,10-03-2017,258.5,151.01,133.045,105.57,67.66,66.865
Karnataka,Hubli,13-03-2017,383,97.1,104.79,61.14,80.77,6.27
Karnataka,Hubli,20-03-2017,425,196.47,310.8,28.86,41.35,3.88
Karnataka,Hubli,13-04-2017,116,143.83,193.86,120.69,55.25,22.78
Karnataka,Hubli,17-04-2017,102,176.58,187.6,144.07,52.82,48.37
Karnataka,Hubli,21-04-2017,81,260.63,148.28,54.46,98.21,159.41
Karnataka,Hubli,15-05-2017,380,187.37,151.64,48.66,62.86,93.76
Karnataka,Hubli,16-05-2017,171,106.08,379.69,148.32,63.16,50.19
Karnataka,Hubli,24-05-2017,221,43.48,254.4,82.96,94.57,39.96
Karnataka,Hubli,05-06-2017,321,282.13,137.02,77.53,24.43,178.83
Karnataka,Hubli,08-06-2017,362,237.73,373.27,15.72,60.53,67.89
Karnataka,Hubli,17-06-2017,201,210.47,322.9,58.65,7.53,184.1
Karnataka,Hubli,02-07-2017,313,91.96,160.94,2.02,47.92,41.59
Karnataka,Hubli,17-07-2017,258,272.8,15.33,198.45,19.42,59.52
Karnataka,Hubli,22-07-2017,484,65.26,3.52,18.88,14.57,113.58
Karnataka,Hubli,31-07-2017,432,191.78,376.46,109.57,63.06,144.3
Karnataka,Hubli,03-08-2017,487,235.06,199.04,20.89,79.2,97.96
Karnataka,Hubli,11-08-2017,323,124.31,18.15,127.17,33.95,118.19
Karnataka,Hubli,15-08-2017,224,200.77,279.68,120.14,88.05,181.42
Karnataka,Hubli,17-08-2017,328,243.51,142.58,170.34,40.21,38.83
Karnataka,Hubli,21-08-2017,389,125.13,0.36,169.6,2.79,84.81
Karnataka,Hubli,12-09-2017,334.5,206.76,192.065,90.805,26.5,188.705
Karnataka,Hubli,16-09-2017,368.5,172.14,221.93,144.38,72.575,119.165
Karnataka,Hubli,27-09-2017,394,297.66,304.76,149.09,9.82,35.36
Karnataka,Hubli,28-09-2017,131,181.54,180.94,165.45,49.62,29.83
Karnataka,Hubli,08-10-2017,428,10.85,289.1,110.99,64.73,117.4
Karnataka,Hubli,26-10-2017,458,147.63,63.72,85.58,96.04,21.26
Karnataka,Hubli,16-11-2017,403,143.99,148.13,117.23,8.9,159.87
Karnataka,Hubli,02-12-2017,318,114.66,375.44,58.01,26.78,157.75
Karnataka,Hubli,04-12-2017,323,224.71,35.44,26.94,96.4,21.18
Karnataka,Hubli,17-12-2017,2,246.46,72.7,118.97,19.29,195.26
Karnataka,Hubli,21-12-2017,156,21.36,395.87,158.79,52.6,80.92
Karnataka,Hubli,21-01-2018,302,51.94,243.43,17.44,6.81,31.15
Karnataka,Hubli,24-01-2018,279,22.14,362.35,89.1,38.91,80.49
Karnataka,Hubli,28-02-2018,64.5,29.305,283.25,144.97,47.825,80.57
Karnataka,Hubli,03-03-2018,101,75.23,60.69,21.25,92.67,130.56
Karnataka,Hubli,15-03-2018,61,148.52,333.96,118.37,93.98,87.74
Karnataka,Hubli,21-03-2018,8,102.19,385.64,165.11,82.67,16.49
Karnataka,Hubli,03-05-2018,174,48.04,217.54,132.32,39.97,32.25
Karnataka,Hubli,08-05-2018,292,103.7,232.14,114.84,64.37,129.29
Karnataka,Hubli,16-05-2018,264,196.51,127.89,6.33,23.46,55.62
Karnataka,Hubli,01-06-2018,406,187.05,371.95,28.88,42.29,180.25
Karnataka,Hubli,12-06-2018,426,174.53,89.68,47.05,85.14,153.31
Karnataka,Hubli,19-06-2018,199,194.97,44.59,145.34,16.34,199.71
Karnataka,Hubli,06-07-2018,305,238.8,121.7,150.4,80.62,29.05
Karnataka,Hubli,12-07-2018,332,215.89,50.55,3.05,34.06,87.47
Karnataka,Hubli,14-07-2018,331,203.595,150.87,87.835,58.48,24.315
Karnataka,Hubli,19-07-2018,97,156.7,186.22,129.99,27.39,16.79
Karnataka,Hubli,21-07-2018,134,96.54,335.22,197.35,85.51,76.21
Karnataka,Hubli,28-07-2018,152,235.175,333.915,88.42,52.505,137.685
Karnataka,Hubli,29-07-2018,461,31.85,171.87,51.2,58.21,89.23
Karnataka,Hubli,15-08-2018,455,240.7,331.3,165.64,68.16,45.31
Karnataka,Hubli,16-08-2018,369,165.9,126.84,10.79,93.54,110.22
Karnataka,Hubli,22-08-2018,369,78.61,168.92,59.06,12.96,99.36
Karnataka,Hubli,24-08-2018,12,261.07,337.47,184.41,8.69,112.73
Karnataka,Hubli,26-08-2018,131,280.68,207.66,160.99,62.11,123.59
Karnataka,Hubli,01-09-2018,474,50.62,123.3,177.82,18.62,148.65
Karnataka,Hubli,08-09-2018,50,130.77,35.18,155.01,2.6,122.48
Karnataka,Hubli,20-09-2018,294,162.17,378.99,18.06,20.53,10.22
Karnataka,Hubli,25-09-2018,402,12.12,234.11,94.29,46.93,98.23
Karnataka,Hubli,26-09-2018,318,40.89,345.58,121.27,60.93,101.63
Karnataka,Hubli,05-10-2018,300,63.13,202.93,94.17,64.28,149.23
Karnataka,Hubli,10-10-2018,162,231.61,175.27,85.65,95.01,114.59
Karnataka,Hubli,11-10-2018,262,253.41,46.66,30.07,0.43,33.46
Karnataka,Hubli,16-10-2018,259,220.78,252.84,25.42,60.41,10.98
Karnataka,Hubli,17-10-2018,215,133.61,217.3,91.86,84.53,11.12
Karnataka,Hubli,20-10-2018,462,246.44,235.25,181.6,66.12,8.24
Karnataka,Hubli,30-10-2018,233,244.32,71.87,57.1,37.18,158.03
Karnataka,Hubli,01-11-2018,108,95.82,18.22,86.01,82.89,109.11
Karnataka,Hubli,03-11-2018,269,177.2,66.405,93.195,60.545,112.45
Karnataka,Hubli,12-11-2018,342,128.61,72.16,23.67,50.4,33.88
Karnataka,Hubli,14-11-2018,128,5.57,112,13.04,19.71,143.47
Karnataka,Hubli,26-11-2018,36,155.49,263.36,94.8,30.03,76.7
Karnataka,Hubli,30-11-2018,115,93.77,83.09,52.89,0.43,113.52
Karnataka,Hubli,13-12-2018,488,174.67,74.21,36.62,74.97,133.88
Karnataka,Hubli,19-12-2018,284,168.35,236.42,144.51,10.28,2.97
Karnataka,Hubli,06-01-2019,185,126.45,82.7,3.41,9.04,29.48
Karnataka,Hubli,13-01-2019,264,226.55,251.81,160.54,64.55,170.34
Karnataka,Hubli,15-01-2019,209,112.07,98.46,154.79,38.01,142.35
Karnataka,Hubli,27-01-2019,425,288.73,256.27,75.14,44.08,172.18
Karnataka,Hubli,15-02-2019,470,160.85,110.69,57.19,93.73,178.51
Karnataka,Hubli,24-02-2019,440,166.16,159.1,77.85,23.84,193.3
Karnataka,Hubli,27-02-2019,251,32.88,175.09,12.06,99.83,136.15
Karnataka,Hubli,01-03-2019,240,162.48,376.87,132.99,6.15,154.38
Karnataka,Hubli,02-03-2019,246,146.74,287.86,19.93,72.53,44.98
Karnataka,Hubli,18-03-2019,283,140.84,169.15,79.79,11.96,153.46
Karnataka,Hubli,15-04-2019,310,76.1,216.41,117.28,64.38,68.61
Karnataka,Hubli,12-05-2019,47,5.2,261.46,102.17,82.87,87.12
Karnataka,Hubli,14-05-2019,424,1.89,357.42,194.21,39.03,176.1
Karnataka,Hubli,15-05-2019,436,253.64,373.45,131.79,57.92,191.69
Karnataka,Hubli,17-05-2019,333,253.77,293.94,136.76,96.21,145.63
Karnataka,Hubli,20-05-2019,83,209.73,314.66,32.22,21.34,78.76
Karnataka,Hubli,21-05-2019,267,192.39,90.54,33.38,82.29,143.74
Karnataka,Hubli,27-05-2019,81,294.02,235.57,159.1,21.22,162.53
Karnataka,Hubli,18-06-2019,280,13.26,69.74,49.79,62.36,190.53
Karnataka,Hubli,26-06-2019,387,194.84,124.59,151.73,28.09,149.66
Karnataka,Hubli,11-07-2019,161,127.35,5.59,120.52,30.95,61.06
Karnataka,Hubli,13-07-2019,310,273.27,275.68,35.76,55.03,171.92
Karnataka,Hubli,20-07-2019,316,150.81,217.53,82.76,55.57,146.18
Karnataka,Hubli,15-08-2019,273,234.85,51.53,155.29,36.1,101.79
Karnataka,Hubli,22-08-2019,423,166.6,131.23,32.8,0.01,128.56
Karnataka,Hubli,30-08-2019,441,198.85,153.63,20.83,47.98,95.98
Karnataka,Hubli,04-09-2019,388,260.93,356.01,23.78,20.62,155.52
Karnataka,Hubli,06-09-2019,246,42.91,244.33,142.73,66.15,53.52
Karnataka,Hubli,12-09-2019,132,287.07,160.42,111.57,84.58,16.28
Karnataka,Hubli,19-09-2019,461,56.59,386.77,87.97,38.16,150.34
Karnataka,Hubli,30-09-2019,56,99.84,370.8,103.3,86.02,15.61
Karnataka,Hubli,15-10-2019,7,285.69,390.47,99.79,42.91,4.58
Karnataka,Hubli,30-10-2019,173,226,203.77,17.34,38.46,45.26
Karnataka,Hubli,18-11-2019,286,33.23,14.22,63.94,54.97,0.19
Karnataka,Hubli,30-11-2019,380,129.19,383.6,91,2.7,49.84
Karnataka,Hubli,10-12-2019,226,217.89,362.34,99.555,33.125,116.8
Karnataka,Hubli,12-12-2019,248,188.4,243.75,183.93,24.63,3.9
Karnataka,Hubli,22-12-2019,230,194.36,98.39,116.37,9,51.85
Karnataka,Hubli,27-12-2019,499,87.46,345.52,30.22,64.68,172.91
Karnataka,Hubli,01-01-2020,125,150.08,319.14,119.08,76.25,41.87
Karnataka,Hubli,03-01-2020,94,200.22,206.45,123.82,47.56,160.91
Karnataka,Hubli,21-01-2020,9,72.42,133.32,172.17,0.02,66.93
Karnataka,Hubli,25-01-2020,475,22.91,11.46,179.76,60.63,135.85
Karnataka,Hubli,26-01-2020,371,293.56,127.63,180.64,40.69,2.1
Karnataka,Hubli,11-02-2020,23,77.92,24.31,109.69,73.53,189.78
Karnataka,Hubli,16-02-2020,83,227.98,102.99,187.13,43.81,142.2
Karnataka,Hubli,02-03-2020,131,30.95,274.41,4.94,84.62,64.42
Karnataka,Hubli,11-03-2020,480,137.87,46.37,149.15,99.62,117.59
Karnataka,Hubli,22-03-2020,364,180.91,283.01,84.27,68.12,34.25
Karnataka,Hubli,31-03-2020,304,181.8,73.26,88.64,18.08,2.79
Karnataka,Hubli,01-04-2020,496,119.21,285.03,36.33,77.87,101.35
Karnataka,Hubli,19-05-2020,315,4.04,281.43,47.34,49.74,185.2
Karnataka,Hubli,04-06-2020,277,20.53,116.71,104.41,66.54,87.14
Karnataka,Hubli,08-06-2020,333,249.48,83.9,136.93,66.04,10.78
Karnataka,Hubli,25-06-2020,234,263.86,203.07,43.39,74.79,189.53
Karnataka,Hubli,27-06-2020,38,133.79,304.61,1.91,71.82,65.13
Karnataka,Hubli,01-07-2020,489,91.32,290.54,20.61,1.19,61.68
Karnataka,Hubli,08-07-2020,316,221.4,371.34,134.87,59.4,165.93
Karnataka,Hubli,15-07-2020,19,25.7,84.95,53.23,81.32,18.55
Karnataka,Hubli,27-07-2020,350,174.25,310.97,184.49,10.37,93
Karnataka,Hubli,10-08-2020,402,197.13,187.21,126.76,55.33,114.2
Karnataka,Hubli,11-08-2020,381,215.22,255.43,177.14,10.23,187.34
Karnataka,Hubli,17-08-2020,117,197.85,359.37,92.28,57.03,113.88
Karnataka,Hubli,19-08-2020,53,156.51,395.25,67.88,22.18,190.46
Karnataka,Hubli,21-08-2020,69,118.22,170.71,119.92,35.28,42.12
Karnataka,Hubli,26-08-2020,375,178.01,339.94,83.09,37.28,144.05
Karnataka,Hubli,28-08-2020,317,156.68,355.64,53.47,1.31,145.63
Karnataka,Hubli,07-09-2020,235,131.28,154.31,174.09,88.72,85.68
Karnataka,Hubli,12-09-2020,155,94.2,340.09,130.56,7.83,102.92
Karnataka,Hubli,28-09-2020,403,16.36,28.63,81.72,91.34,57.86
Karnataka,Hubli,29-09-2020,302,3.27,173.16,54.07,61.22,75.64
Karnataka,Hubli,30-09-2020,223,164.3,49.53,87.77,58.36,81.37
Karnataka,Hubli,03-10-2020,127,134.12,395.29,21.35,80.78,144.27
Karnataka,Hubli,17-10-2020,20,70.31,388.11,92.45,19.69,166.37
Karnataka,Hubli,30-10-2020,231,0.07,237.64,54.59,28.42,87.88
Karnataka,Hubli,10-11-2020,352,10.29,317.07,37.28,89.4,89.16
Karnataka,Hubli,11-11-2020,360,119.82,390.15,90.15,9.17,136.72
Karnataka,Hubli,16-11-2020,49,112.86,24.31,110.49,18.41,75.14
Karnataka,Hubli,17-11-2020,262,62.48,214.3,144.23,45.1,179.79
Karnataka,Hubli,18-11-2020,35,226.4,134.92,43.22,49.68,186.51
Karnataka,Hubli,20-11-2020,285,204.96,382.52,118.42,61.11,199.02
Karnataka,Hubli,23-11-2020,263,7.88,355.98,117.85,33.47,68
Karnataka,Hubli,27-11-2020,475,236.3,354.27,155.68,40.2,191.75
Karnataka,Hubli,30-11-2020,422,177.71,305.23,31.06,38.09,69.18
Karnataka,Hubli,05-12-2020,172,61.9,250.21,185.8,77.87,27.02
Karnataka,Hubli,27-12-2020,189,44.67,41.8,128.05,6.26,8.99
Karnataka,Hubli,31-12-2020,114,298.47,359.06,102.43,15.76,81.49
Karnataka,Hubli,06-01-2021,447,260.45,174.08,183.82,40.08,44.61
Karnataka,Hubli,10-01-2021,351,264.91,238.08,155.44,66.16,125.43
Karnataka,Hubli,15-01-2021,161,215.04,291.26,20.26,4.72,69.54
Karnataka,Hubli,27-01-2021,252.67,295.16,294.44,116.03,9.02,34.64
Karnataka,Hubli,17-02-2021,419,47.36,158.77,108.51,34.3,178.84
Karnataka,Hubli,18-02-2021,258,113.37,234.26,98.88,21.29,135.95
Karnataka,Hubli,17-03-2021,335,166.61,184.25,162.76,48.63,98.32
Karnataka,Hubli,04-04-2021,335,81.73,239.19,13.58,68.33,97.98
Karnataka,Hubli,07-04-2021,330,161.85,325.46,128.85,88.68,32.04
Karnataka,Hubli,19-04-2021,357,246.37,367.71,38.33,63.68,2.7
Karnataka,Hubli,22-04-2021,435,203.79,293.01,164.14,65.9,133.72
Karnataka,Hubli,30-04-2021,464,219.87,252.27,148.84,26.24,111.5
Karnataka,Hubli,13-05-2021,330,52.16,12.34,79.69,6.95,197.05
Karnataka,Hubli,21-05-2021,226,142.68,158.16,23.47,1.85,177.68
Karnataka,Hubli,26-05-2021,233,213.13,385.51,196.7,85.3,88.45
Karnataka,Hubli,02-06-2021,338,19.2,372.47,31.86,36.79,4.87
Karnataka,Hubli,07-06-2021,198,263.77,233.04,89.47,76.09,61.24
Karnataka,Hubli,11-06-2021,43,173.45,277.58,178.01,65.97,95.48
Karnataka,Hubli,13-06-2021,401,254.64,146.18,27.79,50.59,123.4
Karnataka,Hubli,17-06-2021,77,145.21,196.84,52.08,83.81,84.55
Karnataka,Hubli,20-06-2021,339,32.11,175.14,84.25,9.81,23.59
Karnataka,Hubli,21-06-2021,167,52.77,3.3,11.7,18.32,188.81
Karnataka,Hubli,27-06-2021,294,144.93,292.46,110.5,55.06,58.9
Karnataka,Hubli,14-07-2021,165,192.15,122.84,7.77,69.63,154.8
Karnataka,Hubli,29-07-2021,430,38.65,281.67,80.19,53.65,172.82
Karnataka,Hubli,29-08-2021,433,263.22,39.17,22.11,34.51,41.05
Karnataka,Hubli,05-09-2021,382,221.72,275.18,195.01,19.54,115.79
Karnataka,Hubli,15-09-2021,152,196.45,141.34,38.97,85.86,84.11
Karnataka,Hubli,27-09-2021,492,59.3,384.55,10.23,78.29,101.45
Karnataka,Hubli,29-10-2021,214,127.6,131.06,74.62,36.63,177.86
Karnataka,Hubli,13-11-2021,452,55.11,338.43,119.15,87.2,117.11
Karnataka,Hubli,15-11-2021,94,23.31,341.01,107.44,98.16,97.53
Karnataka,Hubli,19-11-2021,424,68.6,18.67,75.78,63.82,130.89
Karnataka,Hubli,21-11-2021,488,270.31,144.68,70.52,42.08,59.69
Karnataka,Hubli,22-11-2021,153,182.02,174.4,155.5,57.03,131.36
Karnataka,Hubli,25-11-2021,282,298.11,265.7,29.42,63.33,97.66
Karnataka,Hubli,04-12-2021,328,170.9,300.96,21.45,52.9,68.52
Karnataka,Hubli,14-12-2021,190,149.33,225.32,68.06,32.2,154.07
Karnataka,Hubli,22-12-2021,237,191.89,204.04,47.55,74.12,97.22
Karnataka,Hubli,29-12-2021,268,220.36,17.24,24.36,16.71,34.65
Karnataka,Hubli,15-01-2022,171,97.97,377.52,189.41,32.76,12.56
Karnataka,Hubli,29-01-2022,475,235.84,93.96,167.61,60.49,2.05
Karnataka,Hubli,21-02-2022,121,259.5,208.34,114.98,63.16,130.58
Karnataka,Hubli,15-03-2022,94,207.2,92.82,16.05,83.02,171.11
Karnataka,Hubli,17-03-2022,68,150.28,53.43,12.87,12.59,0.08
Karnataka,Hubli,21-03-2022,135,44.97,269.06,151.44,21.23,135.46
Karnataka,Hubli,25-03-2022,455,0.36,162.28,194.22,44.99,2.51
Karnataka,Hubli,27-03-2022,400,238.33,228.76,117.57,21.61,57.26
Karnataka,Hubli,29-03-2022,335,52.99,197.31,7.07,81.29,94.09
Karnataka,Hubli,01-04-2022,460,203.7,358.34,120.05,44.26,168.95
Karnataka,Hubli,03-04-2022,178,6.12,141.36,88.65,56.41,42.33
Karnataka,Hubli,05-04-2022,48,238.38,84.99,69.22,55.75,164.22
Karnataka,Hubli,09-04-2022,195,106.44,107.24,115.55,79.39,166.77
Karnataka,Hubli,12-04-2022,11,31.77,284,139.35,66.97,37.08
Karnataka,Hubli,01-05-2022,341,221.44,145.65,99.45,10.64,86.21
Karnataka,Hubli,03-05-2022,13,235.77,241.38,77.34,0.52,140.18
Karnataka,Hubli,15-05-2022,326,265.66,85.2,108.36,63.21,44.24
Karnataka,Hubli,17-05-2022,171,262.23,112.11,36.76,24.32,116.75
Karnataka,Hubli,21-05-2022,252.67,275.96,45.85,174.27,91.53,174.86
Karnataka,Hubli,24-05-2022,157,215.55,182.79,164.81,81.91,20.26
Karnataka,Hubli,07-06-2022,96,72.61,323.01,168.6,67.76,189.44
Karnataka,Hubli,16-06-2022,437,27.14,73.36,32.87,30.03,84.8
Karnataka,Hubli,17-06-2022,36,68.13,382.2,2.77,85.18,85.4
Karnataka,Hubli,28-06-2022,52,134.08,12.33,135.38,66.56,134.18
Karnataka,Hubli,03-07-2022,130,6.18,351.11,197.55,63.09,113.9
Karnataka,Hubli,08-07-2022,205,247.55,6.39,6.43,98.96,56.24
Karnataka,Hubli,09-07-2022,73,97.11,279.32,123.17,20.04,154.43
Karnataka,Hubli,11-07-2022,46,190.14,143.6,88.63,85.41,136.62
Karnataka,Hubli,16-07-2022,323,114.16,354.58,77.27,38.28,89.01
Karnataka,Hubli,26-07-2022,73,22.96,133.57,130.95,1.35,171.05
Karnataka,Hubli,07-08-2022,205,161.18,396.53,47.03,9.76,49.62
Karnataka,Hubli,11-08-2022,205,231.81,277.5,30.41,65.57,122.45
Karnataka,Hubli,21-08-2022,319,187.92,340.88,47.4,14.07,146.42
Karnataka,Hubli,04-09-2022,269,278.98,115.06,33.15,19.31,180.22
Karnataka,Hubli,22-09-2022,255,174.33,357.71,179.13,55.22,181.84
Karnataka,Hubli,28-09-2022,371,53.39,359.35,151.09,17.24,99.57
Karnataka,Hubli,01-10-2022,178,51.31,86.65,166.94,49.95,93.99
Karnataka,Hubli,04-10-2022,33,134.45,92.44,120.15,18.58,81.87
Karnataka,Hubli,12-10-2022,166,32.63,194.71,100.44,75.62,10.3
Karnataka,Hubli,14-10-2022,12,104.59,329.65,110.48,82.58,154.68
Karnataka,Hubli,17-10-2022,361,90.165,199.89,71.26,12.225,102.91
Karnataka,Hubli,28-10-2022,22,20.54,149.05,93.07,44.07,183.79
Karnataka,Hubli,12-11-2022,134,58.64,14.08,109,81.76,98.34
Karnataka,Hubli,17-11-2022,248,114.42,49.96,94.45,53.99,38.91
Karnataka,Hubli,29-11-2022,378,60.69,37.47,64.29,17.56,81.29
Karnataka,Hubli,18-12-2022,222,194.5,241.43,106.86,42.92,126.81
Karnataka,Hubli,25-12-2022,366,261.14,336.89,105.09,28.14,30.4
Karnataka,Mysuru,04-01-2015,219,184.49,295.68,117.99,66.14,142.07
Karnataka,Mysuru,29-01-2015,495,204.46,229.28,129.54,9.74,139.14
Karnataka,Mysuru,01-02-2015,439,255.115,270.415,121.695,38.3,43.03
Karnataka,Mysuru,08-03-2015,410,152.33,1.98,32.25,46,10.8
Karnataka,Mysuru,09-03-2015,459,26.61,26.79,171.1,60.72,14.1
Karnataka,Mysuru,14-03-2015,385,139.15,53.46,15.38,85.26,90.34
Karnataka,Mysuru,18-03-2015,200,158.18,26.21,78.61,68.55,36.22
Karnataka,Mysuru,20-03-2015,410,177.49,167.42,41.2,9.04,79.11
Karnataka,Mysuru,02-04-2015,310,127.08,348.34,39.02,34.86,128
Karnataka,Mysuru,05-04-2015,3,161.56,357.33,68.19,81.13,57.7
Karnataka,Mysuru,06-04-2015,426,196.54,38.49,168.1,91.2,183.39
Karnataka,Mysuru,22-04-2015,215,29.93,279.68,134.84,67.73,194.62
Karnataka,Mysuru,05-05-2015,95,297.55,306,23.18,5.18,23.29
Karnataka,Mysuru,09-05-2015,474,127.7,153.15,52.56,81.4,56.34
Karnataka,Mysuru,13-05-2015,364,88.59,390.73,150.63,88.56,111.2
Karnataka,Mysuru,25-05-2015,68,271.19,123.8,19.81,70.26,162.49
Karnataka,Mysuru,04-06-2015,416,2.13,312.83,67.78,25.09,66.43
Karnataka,Mysuru,11-06-2015,276,191.18,338.92,156.94,56.56,141.1
Karnataka,Mysuru,19-06-2015,4,86.69,295.32,9.39,15.72,10.82
Karnataka,Mysuru,27-06-2015,386.5,288.215,269.56,94.315,56.175,155.51
Karnataka,Mysuru,07-07-2015,115,284.31,29.01,63.62,7.43,169.31
Karnataka,Mysuru,09-07-2015,200,221.63,278.62,31.52,62.59,191.02
Karnataka,Mysuru,10-07-2015,207,188.44,386.08,112.49,95.04,174.11
Karnataka,Mysuru,11-07-2015,269,278.46,286.5,122.36,83.26,175.69
Karnataka,Mysuru,26-07-2015,59,248.05,203.8,52.51,16.72,122.91
Karnataka,Mysuru,16-09-2015,13,130.22,79.81,173.65,69.57,172.8
Karnataka,Mysuru,23-09-2015,96,34.38,148.48,154.03,60.8,75.94
Karnataka,Mysuru,01-10-2015,350,96.53,218.75,51.87,20.33,114.2
Karnataka,Mysuru,15-10-2015,433,143.03,2.69,20.28,36.21,85.25
Karnataka,Mysuru,16-10-2015,261,220.95,182.32,196.48,73.02,155.82
Karnataka,Mysuru,25-10-2015,130,95.71,14.45,12.89,19.85,85.64
Karnataka,Mysuru,05-11-2015,454,40.63,356.57,44.04,4.52,69.45
Karnataka,Mysuru,19-11-2015,355,262.69,244.25,159.75,28.77,186.21
Karnataka,Mysuru,27-11-2015,383,35.62,12.45,153.73,65.12,165.66
Karnataka,Mysuru,30-11-2015,27,2.86,353.65,50.56,34.48,179.42
Karnataka,Mysuru,03-12-2015,456,179.42,80.89,148.92,89.94,107.75
Karnataka,Mysuru,07-12-2015,206,186.32,371.56,70.13,52.31,130.13
Karnataka,Mysuru,26-01-2016,249,219.05,5.87,21.75,82.29,163.63
Karnataka,Mysuru,28-01-2016,295,275.71,353.34,109.14,25.11,71.98
Karnataka,Mysuru,02-02-2016,193,193.68,337.66,155.28,6.92,4.18
Karnataka,Mysuru,25-02-2016,271,178.93,97.36,79.84,11.2,105.82
Karnataka,Mysuru,02-03-2016,321,142.28,117.22,98.66,18.98,174.52
Karnataka,Mysuru,03-03-2016,315,219.04,327.52,164.56,86.85,197.28
Karnataka,Mysuru,04-03-2016,107,49.23,127.72,164.13,4.29,116.47
Karnataka,Mysuru,10-03-2016,457,59.87,212.13,161.57,84.96,145.46
Karnataka,Mysuru,12-03-2016,267,76.1,33.73,14.03,19.31,49.54
Karnataka,Mysuru,31-03-2016,255,228.53,297.04,123.84,29.3,149.28
Karnataka,Mysuru,09-04-2016,439,194.77,53.35,45.16,32.12,137.39
Karnataka,Mysuru,23-04-2016,474,1.42,70.51,177.51,58.77,118.66
Karnataka,Mysuru,07-05-2016,374,61.29,207.45,181.11,19.68,89.34
Karnataka,Mysuru,26-05-2016,500,155.93,399.07,14.09,28.7,199.91
Karnataka,Mysuru,12-06-2016,480,60.12,217.35,31.72,62.31,139.78
Karnataka,Mysuru,10-07-2016,249,164.0933333,268.08,43.75,55.91333333,106.8533333
Karnataka,Mysuru,18-07-2016,257,297.75,202.17,5.63,68.75,77.41
Karnataka,Mysuru,24-07-2016,352,170.03,92.39,163.82,67.32,108.19
Karnataka,Mysuru,22-08-2016,15,156.59,388.5,32.24,29.46,125.19
Karnataka,Mysuru,26-08-2016,181,282.44,18.72,54.51,45.95,66.39
Karnataka,Mysuru,31-08-2016,132,124.38,102.87,64.52,50.85,49.91
Karnataka,Mysuru,01-09-2016,112,193.06,289.42,84.14,38.75,131.93
Karnataka,Mysuru,04-09-2016,88,296.41,315.43,123.95,87.01,101.86
Karnataka,Mysuru,07-09-2016,263,124.22,0.11,40.34,17.67,198.87
Karnataka,Mysuru,03-10-2016,113,117.35,45.42,137.54,0.75,183.03
Karnataka,Mysuru,14-10-2016,59,218.45,328.38,104.98,67.94,73.29
Karnataka,Mysuru,16-10-2016,320,97.14,82.43,177.24,29.16,188.64
Karnataka,Mysuru,22-10-2016,139,160.87,80.36,70.29,40.21,34.19
Karnataka,Mysuru,31-10-2016,48,173.22,164.78,27.78,96.9,7.3
Karnataka,Mysuru,10-11-2016,457,263.22,387.94,42.74,70.04,26.74
Karnataka,Mysuru,11-11-2016,318,199.01,105.28,48.09,37.47,86.805
Karnataka,Mysuru,05-12-2016,340,231.9,110.69,186.28,38.85,96.56
Karnataka,Mysuru,07-12-2016,480,135.66,4.38,16.83,83.73,180.49
Karnataka,Mysuru,03-01-2017,65,272.21,68.22,59.98,68.98,154.23
Karnataka,Mysuru,25-01-2017,321,79.21,90.65,128.97,15.72,124.21
Karnataka,Mysuru,30-01-2017,387,27.91,147.6,79.62,45.5,133.57
Karnataka,Mysuru,04-02-2017,78,198.91,220.2,10.69,56.19,192.69
Karnataka,Mysuru,10-02-2017,277,97.25,298.94,100.77,15.58,183.91
Karnataka,Mysuru,17-02-2017,150,100.79,224.78,122.58,90.5,2.88
Karnataka,Mysuru,03-03-2017,485,122.26,392.47,162.49,53.12,0.8
Karnataka,Mysuru,06-03-2017,266,47.28,19.72,7.86,4.62,161.63
Karnataka,Mysuru,17-03-2017,94,126.85,148.41,43.52,10.66,132.13
Karnataka,Mysuru,20-03-2017,60,148.45,322.99,98.33,50.82,44.81
Karnataka,Mysuru,21-03-2017,114,23.7,197.4,11.77,36.63,155.73
Karnataka,Mysuru,22-03-2017,365,5.38,194.09,160.71,60.77,93.2
Karnataka,Mysuru,24-03-2017,222,166.48,225.67,70.52,3.97,94.02
Karnataka,Mysuru,14-04-2017,155,184.72,137.33,133.3,25.08,8.45
Karnataka,Mysuru,24-04-2017,278.5,195.705,271.835,52.835,27,86.915
Karnataka,Mysuru,25-04-2017,90,70.45,345.94,94.76,5.56,77.4
Karnataka,Mysuru,06-05-2017,472,82.5,129.45,2.43,57.85,60.33
Karnataka,Mysuru,08-05-2017,436,104.17,193.48,197.15,62.4,62.95
Karnataka,Mysuru,13-06-2017,488,1.86,71.05,56.87,35.43,128.92
Karnataka,Mysuru,16-06-2017,403,236.6,88.99,56.4,69.58,54.9
Karnataka,Mysuru,25-06-2017,417,273.8,263.88,46.18,86.73,14.61
Karnataka,Mysuru,08-07-2017,233,215.33,319.27,101.365,40.54,114.26
Karnataka,Mysuru,22-08-2017,18,227.76,312.76,151.84,48.66,51.81
Karnataka,Mysuru,03-09-2017,127,66.69,301.33,90.35,10.72,110.67
Karnataka,Mysuru,05-09-2017,496,58.56,228.35,88.55,19.03,53.32
Karnataka,Mysuru,15-09-2017,475,13.63,52.93,22.66,19.41,104.02
Karnataka,Mysuru,21-09-2017,123,235.89,122.02,108.37,53.89,68.48
Karnataka,Mysuru,22-10-2017,202,20.27,356.03,17.63,57.79,42.27
Karnataka,Mysuru,23-11-2017,482,143.83,13.79,159.2,51.88,190.63
Karnataka,Mysuru,06-12-2017,359,129.62,140.24,39.94,59.38,160.5
Karnataka,Mysuru,25-12-2017,210,246.31,198.4,168.39,67.78,59.5
Karnataka,Mysuru,29-12-2017,393,52.18,191.51,137.23,2.6,40.24
Karnataka,Mysuru,13-01-2018,370,73.89,173.07,50.16,44.37,148.34
Karnataka,Mysuru,17-01-2018,480,75.65,398.26,120.95,3.9,22.4
Karnataka,Mysuru,19-01-2018,311,124.13,229.76,168.9,64.45,14.51
Karnataka,Mysuru,29-01-2018,463,38.4,112.46,90,2.49,197.16
Karnataka,Mysuru,21-02-2018,62,85.01,284.63,22.28,1.66,159.16
Karnataka,Mysuru,26-02-2018,376,70.18,179.31,121.56,29.44,33.57
Karnataka,Mysuru,03-03-2018,448,257.84,395.7,18.17,68.7,146.16
Karnataka,Mysuru,13-03-2018,413,260.78,189.81,113.84,26.69,55.08
Karnataka,Mysuru,14-03-2018,354,76.15,248.98,73.91,82.92,141.19
Karnataka,Mysuru,19-03-2018,492,15.99,121.81,22.5,76.62,182
Karnataka,Mysuru,22-03-2018,380,117.27,76.55,12.92,3.52,95.5
Karnataka,Mysuru,10-04-2018,103,185.49,168.98,142.02,79.22,9.86
Karnataka,Mysuru,11-04-2018,408,130.37,276.52,191.76,75.85,175.33
Karnataka,Mysuru,28-04-2018,212,25.59,243.85,19.07,46.85,72.6
Karnataka,Mysuru,05-05-2018,52,217.12,386.14,100.11,15.08,21.94
Karnataka,Mysuru,19-05-2018,439,0.94,241.3,17.23,87.83,165.53
Karnataka,Mysuru,05-06-2018,429,134.87,118.32,152.32,89.5,57.71
Karnataka,Mysuru,10-06-2018,351,84.96,346.97,187.71,24.2,43.67
Karnataka,Mysuru,14-06-2018,392,181.82,24.21,82.89,35.14,70.7
Karnataka,Mysuru,15-06-2018,182,150.21,71.66,51.29,30.6,97.15
Karnataka,Mysuru,29-06-2018,214,96.07,209.59,89.05,77.15,131.47
Karnataka,Mysuru,21-07-2018,465,162.17,189.89,6.08,24.13,21.47
Karnataka,Mysuru,28-07-2018,69,192.7,399.97,39.54,73.71,39.12
Karnataka,Mysuru,03-08-2018,275,147.7,210.74,98.94,77.04,50.73
Karnataka,Mysuru,16-08-2018,111,151.79,367.13,18.86,63.24,21.31
Karnataka,Mysuru,17-08-2018,274,0.74,343.06,27.25,51.74,148.97
Karnataka,Mysuru,11-09-2018,85,215.45,146.23,108.84,7.79,92.44
Karnataka,Mysuru,17-09-2018,312,152.52,333.02,31.29,96,161.28
Karnataka,Mysuru,29-09-2018,399,177.38,98.45,48.77,56.4,127.33
Karnataka,Mysuru,06-10-2018,155,257.02,259.76,80.1,55.79,183.01
Karnataka,Mysuru,21-10-2018,491,113.68,260.11,86.46,39.38,87.05
Karnataka,Mysuru,03-11-2018,15,220.38,386.24,73.25,95.62,196.99
Karnataka,Mysuru,15-11-2018,255.5,225.65,100.415,57.345,68.78,120.635
Karnataka,Mysuru,16-11-2018,391,118.615,223.725,165.585,68.305,6.49
Karnataka,Mysuru,18-11-2018,31,252.11,282.95,190.24,48.36,121.95
Karnataka,Mysuru,19-11-2018,106,13.21,315.65,183.44,79.97,170.62
Karnataka,Mysuru,12-01-2019,460,92.32,113.91,147.47,95.18,115.77
Karnataka,Mysuru,14-01-2019,173,108.85,305.98,44.84,0.18,185.65
Karnataka,Mysuru,30-01-2019,458,132.69,289.03,145.2,39.1,51.86
Karnataka,Mysuru,17-02-2019,219,47.91,271.43,107.1,56.52,159.52
Karnataka,Mysuru,25-02-2019,307,42.64,146.2,173.47,91.42,66.59
Karnataka,Mysuru,10-03-2019,454,123.15,270.12,55.74,34.16,103.06
Karnataka,Mysuru,16-03-2019,499,82.39,393.57,126.38,97.42,172.29
Karnataka,Mysuru,27-03-2019,488,63.05,150.46,78,18.58,4.5
Karnataka,Mysuru,29-03-2019,66,9.52,45.8,127.03,98.57,61.17
Karnataka,Mysuru,01-04-2019,388,51.98,131.06,104.37,12.18,80.69
Karnataka,Mysuru,28-04-2019,365,253.02,350.06,10.14,13.81,122.93
Karnataka,Mysuru,22-05-2019,95,45.06,268.91,35.74,79.92,56.03
Karnataka,Mysuru,05-06-2019,237,232.63,154.8,129.76,1.06,47.29
Karnataka,Mysuru,06-06-2019,221,200.87,195.36,13.08,26.03,137.56
Karnataka,Mysuru,09-06-2019,156,237.37,364.55,137.36,97.98,170.69
Karnataka,Mysuru,12-06-2019,284,162.685,198.24,97.635,76.955,76.215
Karnataka,Mysuru,23-06-2019,169,172.13,316.16,110.49,74.81,141.03
Karnataka,Mysuru,01-07-2019,110,75.22,225.42,88.84,22.32,59.89
Karnataka,Mysuru,03-07-2019,493,91.98,323.02,183.56,24.12,179.67
Karnataka,Mysuru,04-07-2019,125,253.01,240.71,134.65,5.74,0.14
Karnataka,Mysuru,18-07-2019,467,275.27,338.68,119.36,80.76,163.04
Karnataka,Mysuru,24-07-2019,343,257.26,113.89,98.02,79.59,98.9
Karnataka,Mysuru,31-07-2019,84,31.11,71.86,100.58,42.39,153.38
Karnataka,Mysuru,04-08-2019,489,295.05,323.85,15.56,33.59,121.65
Karnataka,Mysuru,24-08-2019,56,153.53,111.68,105.03,51.6,126.1
Karnataka,Mysuru,27-08-2019,275,90.45,294.49,27.97,61.37,46.81
Karnataka,Mysuru,10-09-2019,465,133.29,135.17,197.13,94.04,148.14
Karnataka,Mysuru,15-09-2019,294,201.29,338.63,35.09,5.07,84.05
Karnataka,Mysuru,11-10-2019,108,48.27,249.45,142.14,80.2,116.4
Karnataka,Mysuru,17-10-2019,64,138.61,361.35,191.61,33.6,121.16
Karnataka,Mysuru,27-10-2019,336,124.18,188.78,47.53,68,145.08
Karnataka,Mysuru,31-10-2019,305,75.24,335.15,28.38,6.94,45.47
Karnataka,Mysuru,03-11-2019,33,52.77,175.2,126.66,19.89,114.63
Karnataka,Mysuru,12-11-2019,42,264.05,150.31,145.41,22.11,129.41
Karnataka,Mysuru,08-12-2019,175,35.32,397.04,29.13,88.56,125.67
Karnataka,Mysuru,10-12-2019,395,249.95,109.36,112.66,78.64,69.22
Karnataka,Mysuru,23-12-2019,78,45.05,92.75,167.53,64.74,131.09
Karnataka,Mysuru,30-12-2019,247,246.98,234.09,94.8,6.84,168.38
Karnataka,Mysuru,25-01-2020,86,140.55,236.84,171.03,52.01,123.2
Karnataka,Mysuru,09-02-2020,465,11.26,69.06,142.53,31.2,2.14
Karnataka,Mysuru,25-02-2020,295,186.21,160.45,153.58,41.71,84.09
Karnataka,Mysuru,07-03-2020,363,57.75,153.1,71.5,10.22,0.36
Karnataka,Mysuru,21-03-2020,207,84.39,220.66,106.48,86.78,127.51
Karnataka,Mysuru,22-03-2020,461,279.44,234.73,145.03,22.53,96.91
Karnataka,Mysuru,04-04-2020,497,175.26,182.68,171.6,6.66,99.22
Karnataka,Mysuru,30-04-2020,103,132.22,250.77,135.89,33.87,112.72
Karnataka,Mysuru,17-05-2020,335,259.68,220.87,6.76,59.91,62.63
Karnataka,Mysuru,18-05-2020,411,92.13,351.94,104.7,36.98,84.16
Karnataka,Mysuru,28-05-2020,422,51.91,362.88,181.68,97.99,78.91
Karnataka,Mysuru,30-05-2020,121,112.56,205.28,163.95,99.23,74.74
Karnataka,Mysuru,03-06-2020,202,177.63,196.63,79.58,61.13,68.07
Karnataka,Mysuru,13-06-2020,314,298.25,51.43,74.83,49.03,16.74
Karnataka,Mysuru,27-06-2020,336,31.8,231.24,3.82,77.56,137.46
Karnataka,Mysuru,07-07-2020,84,161.84,197.18,185.31,72.35,14.79
Karnataka,Mysuru,22-07-2020,304,180.55,24.26,91.38,12.26,107.1
Karnataka,Mysuru,05-08-2020,80,134.75,308.03,149.38,3.06,45.06
Karnataka,Mysuru,11-08-2020,130,243.41,68.8,70.54,25.87,169.82
Karnataka,Mysuru,18-09-2020,174,138.69,136.65,108.99,34.65,44.49
Karnataka,Mysuru,21-09-2020,415,113.73,137.91,166.1,39.65,21.37
Karnataka,Mysuru,06-10-2020,343,211.7,235.2,36.4,96.34,175.97
Karnataka,Mysuru,08-10-2020,100,124.31,282.59,69.81,76.39,91.25
Karnataka,Mysuru,26-10-2020,105.5,86.185,227.94,109.7,50.25,46.665
Karnataka,Mysuru,26-11-2020,164,233.99,335.4,148.83,90.01,126.63
Karnataka,Mysuru,30-11-2020,314,152.64,181.25,181.19,16.22,23.84
Karnataka,Mysuru,07-12-2020,253,43.14,1.03,20.45,64.69,48.01
Karnataka,Mysuru,11-12-2020,320,55.16,39.42,45.03,61.87,20.71
Karnataka,Mysuru,17-12-2020,460,107.66,64.55,184.26,12.38,20.4
Karnataka,Mysuru,19-12-2020,252.67,41.53,56.43,174.42,16.01,181.66
Karnataka,Mysuru,29-12-2020,95,5.72,8.8,164.93,10.98,51.61
Karnataka,Mysuru,30-12-2020,201,130.38,337.55,152.05,29.78,0.48
Karnataka,Mysuru,31-12-2020,2,147,347.05,186.6,13.08,54.27
Karnataka,Mysuru,01-01-2021,42,99.54,196.4,94.02,58.98,189.64
Karnataka,Mysuru,04-01-2021,478,147.83,330.64,119.08,20.32,175.5
Karnataka,Mysuru,12-01-2021,276,296.38,300.57,30.63,56.95,188.8
Karnataka,Mysuru,15-01-2021,180,118.11,363.94,92.68,0.3,194.02
Karnataka,Mysuru,18-01-2021,256,44.69,389.05,157.41,15.42,125.42
Karnataka,Mysuru,19-01-2021,467,233.18,300.33,16.32,95.52,60.9
Karnataka,Mysuru,23-01-2021,141,59.64,329.68,2.53,12.6,9.38
Karnataka,Mysuru,26-01-2021,225,199.87,242.43,126.16,45.05,164.58
Karnataka,Mysuru,27-01-2021,195,292.31,201.77,138.18,37.07,79.79
Karnataka,Mysuru,31-01-2021,26,88.61,284.78,190.37,48.68,79.01
Karnataka,Mysuru,11-02-2021,299,213.05,170.5,104.27,95.35,63.39
Karnataka,Mysuru,12-02-2021,248,79.71,92.1,92.22,43.46,37.2
Karnataka,Mysuru,23-02-2021,136,268.21,314.8,152.07,2.86,91.57
Karnataka,Mysuru,19-03-2021,282,5.47,167.58,129.9,21.93,70.45
Karnataka,Mysuru,26-03-2021,78,42.08,122.33,58.17,34.38,190.75
Karnataka,Mysuru,29-04-2021,448,151.87,381.33,66.05,74.27,161.55
Karnataka,Mysuru,01-05-2021,392,132.85,199.06,197.6,79.48,20.79
Karnataka,Mysuru,14-05-2021,368,78.86,136.65,119.94,69.11,49.93
Karnataka,Mysuru,18-05-2021,360,196.86,236.13,18.79,59.52,2.24
Karnataka,Mysuru,25-05-2021,267,129.23,124.71,22.47,28.54,135.19
Karnataka,Mysuru,22-06-2021,361,189.89,70.85,155.33,5.54,66
Karnataka,Mysuru,27-06-2021,365.5,133.87,229.47,84.725,40.695,135.39
Karnataka,Mysuru,06-07-2021,47,246.2,181.96,32.54,58.69,83.85
Karnataka,Mysuru,07-07-2021,322,125.75,136.43,65.6,73.43,60.22
Karnataka,Mysuru,18-07-2021,50,275.17,372.66,102.44,22.12,110.76
Karnataka,Mysuru,22-07-2021,214,240.21,273.46,22.66,72.23,93.4
Karnataka,Mysuru,25-07-2021,164,229.03,1.33,64.84,48.79,84.22
Karnataka,Mysuru,04-08-2021,252,112.58,45.1,103.85,23.63,90.44
Karnataka,Mysuru,15-08-2021,243,120.24,336.03,6.2,75.31,155.59
Karnataka,Mysuru,21-08-2021,307,239.7,227.78,50.61,51.17,63.55
Karnataka,Mysuru,30-08-2021,407,187.12,8.93,31.35,19.12,136.86
Karnataka,Mysuru,31-08-2021,152,229.24,70.88,2.7,76.09,1.47
Karnataka,Mysuru,09-09-2021,448,12.33,175.01,178.77,17.08,128.15
Karnataka,Mysuru,19-09-2021,216,204.76,13.04,65.15,93.57,140.89
Karnataka,Mysuru,25-09-2021,368,299.35,45.04,184.52,70.54,28.92
Karnataka,Mysuru,07-10-2021,369,245.33,56.91,91.27,38.66,113.8
Karnataka,Mysuru,01-11-2021,259,103.6,132.27,111.9,93.62,33.67
Karnataka,Mysuru,12-11-2021,263,0.88,98.21,85.23,32.34,27.24
Karnataka,Mysuru,13-11-2021,49,128.61,368.59,25.01,3.11,26.88
Karnataka,Mysuru,18-11-2021,240,168.66,73.74,132.1,92.2,191.78
Karnataka,Mysuru,18-12-2021,481,218.7,260.56,8.38,97.84,55.49
Karnataka,Mysuru,30-12-2021,311,50.67,325,194.33,67.28,40.95
Karnataka,Mysuru,02-01-2022,425,9.83,341.23,96.74,35.92,45.05
Karnataka,Mysuru,13-01-2022,210,235.59,57.96,75.03,11.81,95.73
Karnataka,Mysuru,27-01-2022,103,165.08,316.38,118.64,99.11,116.59
Karnataka,Mysuru,03-02-2022,103,242.6,387.28,162.34,5.32,17.45
Karnataka,Mysuru,16-02-2022,27,202.04,252.51,77.65,46.47,6.21
Karnataka,Mysuru,18-02-2022,395,105.82,167.63,133.28,58.25,3.69
Karnataka,Mysuru,27-02-2022,400,141.25,340.06,150.17,34.67,52.31
Karnataka,Mysuru,16-03-2022,248,67.4,250.77,178.42,35.03,19.51
Karnataka,Mysuru,20-03-2022,408,69.67,185.2,131.39,85.81,44.02
Karnataka,Mysuru,04-04-2022,482,111.53,52.21,44.86,85.62,97.42
Karnataka,Mysuru,12-04-2022,296,203.96,374.33,167.84,47.12,97.92
Karnataka,Mysuru,16-04-2022,94,60.84,398.4,40.02,79.19,25
Karnataka,Mysuru,19-04-2022,414,119.21,201.91,160.56,88.8,110.81
Karnataka,Mysuru,22-04-2022,379,252.29,194.69,32.74,21.87,197.27
Karnataka,Mysuru,04-05-2022,17,31.11,189.23,197.86,20.82,64.55
Karnataka,Mysuru,06-05-2022,452,0.91,265.11,196.74,38.61,34.16
Karnataka,Mysuru,21-05-2022,356,31.02,82.51,196.59,88.64,111.61
Karnataka,Mysuru,24-05-2022,241,217.2,213.49,93.22,3.51,159.1
Karnataka,Mysuru,27-05-2022,315,82.5,258.69,106.53,49.93,83.19
Karnataka,Mysuru,20-06-2022,467,37.85,124.14,9.63,32.76,109.54
Karnataka,Mysuru,22-06-2022,365,93.35,379.75,15.68,57.01,194.99
Karnataka,Mysuru,24-06-2022,43,250.24,334.94,104.3,55.81,104.8
Karnataka,Mysuru,08-07-2022,186.5,131.62,370.565,33.77,57.785,112.675
Karnataka,Mysuru,20-07-2022,113,108.64,134.03,21.05,12.01,183.3
Karnataka,Mysuru,05-08-2022,18,241.04,118.19,168.5,5.2,42.27
Karnataka,Mysuru,10-10-2022,261,231.9,52.58,103.5,56.41,71.44
Karnataka,Mysuru,21-10-2022,359,229.68,197.66,107.47,18.28,149.84
Karnataka,Mysuru,05-11-2022,222,186.69,65.07,21.92,63.81,104.96
Karnataka,Mysuru,06-11-2022,341,51.39,313.26,177.29,1.42,172.6
Karnataka,Mysuru,08-11-2022,110,233.53,34.33,0.61,64.85,153.58
Karnataka,Mysuru,10-11-2022,393,253.01,86.54,184.31,21.11,94.05
Karnataka,Mysuru,12-11-2022,313,118.78,166.67,19.67,85.82,149.69
Karnataka,Mysuru,15-11-2022,205,246.64,58.4,125.46,95.53,93.82
Karnataka,Mysuru,16-11-2022,425,154.46,172.69,155.57,98.03,181.03
Karnataka,Mysuru,22-11-2022,29,100.97,263.09,138.61,12.87,105.6
Karnataka,Mysuru,28-11-2022,193,82.93,355.17,121.26,46.16,31.72
Karnataka,Mysuru,02-12-2022,395,94,10.67,60.19,59.93,164.91
Karnataka,Mysuru,20-12-2022,287,16,34.07,0.36,0.88,187.24
Kerala,Kochi,02-01-2015,408,78.5,217.4,136.54,18.96,103.92
Kerala,Kochi,11-01-2015,260,249.06,23.09,78.36,85.61,29.11
Kerala,Kochi,19-01-2015,142,14.37,397.99,148.65,78.82,20.67
Kerala,Kochi,29-01-2015,229,140.11,124,146.2,94.12,59.35
Kerala,Kochi,30-01-2015,124,191.21,42.23,195.24,20.13,14.96
Kerala,Kochi,02-02-2015,413,226.72,36.49,179.47,94.05,156.13
Kerala,Kochi,04-02-2015,281,127.18,218.85,71.08,24.77,4.91
Kerala,Kochi,13-02-2015,396,20.81,351.63,165.48,47.27,40.77
Kerala,Kochi,25-02-2015,53,74.8,291.1,141.48,50.74,71.61
Kerala,Kochi,28-02-2015,306,201.96,96.47,38.12,10,59.08
Kerala,Kochi,07-03-2015,386,225.44,373.64,119.88,41.07,117.53
Kerala,Kochi,08-03-2015,462,73.6,313.28,123.31,34.06,46.37
Kerala,Kochi,16-03-2015,32,135.23,23.46,157.53,31.66,122.31
Kerala,Kochi,18-03-2015,434,143.38,302.21,175.29,95.58,46.85
Kerala,Kochi,24-03-2015,285,169.85,362.07,135.18,81.57,81.59
Kerala,Kochi,30-03-2015,182,242.11,72.79,148.15,97.2,172.45
Kerala,Kochi,01-04-2015,200,82.83,350.63,116.29,7.73,39.73
Kerala,Kochi,09-04-2015,184,63.17,148.22,24.07,29.11,73.71
Kerala,Kochi,21-04-2015,241,199.05,309.97,10.93,92.39,38.27
Kerala,Kochi,23-04-2015,13,181.53,196.05,182.52,96.91,62.66
Kerala,Kochi,09-05-2015,188,144.65,255.26,178.07,4.14,75.11
Kerala,Kochi,27-05-2015,46,199.1,285.33,96.76,50.32,88.98
Kerala,Kochi,10-06-2015,110,250.19,224.37,33.49,42.6,184.81
Kerala,Kochi,14-06-2015,103,238.81,33.58,82.25,39.69,147.87
Kerala,Kochi,30-06-2015,86,229.91,0.44,37.77,70.41,90.82
Kerala,Kochi,06-07-2015,308,112.92,27.14,64.15,75.39,11.88
Kerala,Kochi,21-07-2015,237,129.7,111.17,49.1,49.63,30.01
Kerala,Kochi,08-08-2015,255.5,115.795,177.025,92.16,61.155,47.915
Kerala,Kochi,14-08-2015,399,169.58,367.95,41.94,35.88,189.18
Kerala,Kochi,19-08-2015,274,239.32,118.67,176.22,72.5,176.06
Kerala,Kochi,24-08-2015,64,294.4,349.42,13.77,49.48,86.83
Kerala,Kochi,02-09-2015,153,130.52,290.13,34.16,35.54,9.35
Kerala,Kochi,14-09-2015,358,118.03,215.44,132.67,80.16,149.87
Kerala,Kochi,17-09-2015,275,100,349.35,107.34,83.2,174.5
Kerala,Kochi,22-09-2015,137,174.53,235.36,32.2,55.52,144.05
Kerala,Kochi,25-09-2015,402,149.45,170.92,52.19,15.25,44.24
Kerala,Kochi,29-09-2015,442,250.33,283.92,187.82,23.62,187.56
Kerala,Kochi,02-10-2015,49,24.58,107.98,94.8,66.95,87.03
Kerala,Kochi,03-10-2015,368,287,372.51,99.3,97.39,191.69
Kerala,Kochi,05-10-2015,381,237.83,114.36,91.77,86.85,151.53
Kerala,Kochi,17-10-2015,464,253.35,309.96,45.65,70.72,4.53
Kerala,Kochi,27-10-2015,33,248.13,295.84,9.91,94.08,149.33
Kerala,Kochi,10-11-2015,71,258.85,16.81,166.81,33.27,64.61
Kerala,Kochi,12-11-2015,95,121.23,165.22,198.07,74.7,192.67
Kerala,Kochi,18-11-2015,169,163.51,183.91,68.24,41.99,48.22
Kerala,Kochi,21-11-2015,347,205.15,39.34,107.08,24.82,163.79
Kerala,Kochi,23-11-2015,475,18.44,392.39,25.43,65.46,16.25
Kerala,Kochi,24-11-2015,193,160.52,342.99,19.89,6.99,28.69
Kerala,Kochi,07-12-2015,182,154,104.63,192.59,1.48,120.76
Kerala,Kochi,26-12-2015,125,115.74,197.58,15.98,10.53,140.49
Kerala,Kochi,27-12-2015,486,122.96,257.7,152.86,97.12,177.17
Kerala,Kochi,03-01-2016,321,11.69,311.24,132.55,83.9,119.7
Kerala,Kochi,04-01-2016,389.5,212.825,224.3,71.85,7.785,150.7
Kerala,Kochi,13-01-2016,326,40.3,86.56,144.34,28.44,57.43
Kerala,Kochi,15-01-2016,326,209.115,246.125,47.285,55.685,98.485
Kerala,Kochi,29-01-2016,151,26.21,379.07,38.07,40.58,138.67
Kerala,Kochi,30-01-2016,72,103.55,230.33,112.31,42.57,19.6
Kerala,Kochi,18-02-2016,345,38.37,251.19,71.68,56.45,125.32
Kerala,Kochi,01-03-2016,40,90.63,5.37,90.31,82.42,167.12
Kerala,Kochi,12-03-2016,151,97.21,348.56,1.1,84.54,132.03
Kerala,Kochi,27-03-2016,42,157.8,337.17,20.41,24.9,166.92
Kerala,Kochi,28-03-2016,364,298.99,312.72,56.56,96.74,107.88
Kerala,Kochi,10-04-2016,130,99.7,73.49,74.63,41.86,101.54
Kerala,Kochi,13-04-2016,260,70.03,207.89,91.32,5.64,183.54
Kerala,Kochi,25-04-2016,61,292.18,225.53,120.7,44.89,165.9
Kerala,Kochi,08-05-2016,397,295.65,211.51,149.99,17.49,185.31
Kerala,Kochi,14-05-2016,397,251.75,288.94,76.58,14.24,36.56
Kerala,Kochi,16-05-2016,389.5,91.475,250.58,50.095,48.03,133.04
Kerala,Kochi,03-06-2016,205,6.04,172.91,20.67,64.73,145.06
Kerala,Kochi,07-06-2016,138,3.31,139.05,122.4,78.13,115.87
Kerala,Kochi,24-06-2016,45,261.76,323.68,145.58,61.66,42.12
Kerala,Kochi,28-06-2016,136,107.91,274.06,185.37,92.9,154.5
Kerala,Kochi,29-06-2016,53,241.19,40.33,40.74,85.48,16.61
Kerala,Kochi,01-07-2016,437,46.26,37.57,44.38,8.14,138.58
Kerala,Kochi,07-07-2016,328,99.9,341.03,167.76,17.45,153.42
Kerala,Kochi,29-07-2016,347,190.7,41,1.07,28.43,100.33
Kerala,Kochi,06-08-2016,134,208.61,163.14,13.73,60.01,113.43
Kerala,Kochi,07-08-2016,236,243.76,79.37,159.86,8.9,150.02
Kerala,Kochi,08-08-2016,216,178.44,16.05,134.18,30.34,32.69
Kerala,Kochi,11-08-2016,266,171.465,249.85,75.12,75.235,19.505
Kerala,Kochi,20-08-2016,143,96.12,285.39,194.06,56.07,96.12
Kerala,Kochi,22-08-2016,132,66.75,175.4,56.02,41.67,89.81
Kerala,Kochi,02-09-2016,499,245.7,247.94,120.89,0.56,57.8
Kerala,Kochi,03-09-2016,80,106.45,158.66,172.73,1.9,29.95
Kerala,Kochi,23-09-2016,22,231.93,295.34,73.46,88.37,5.03
Kerala,Kochi,02-10-2016,348,227.1,165.78,9.92,87.37,122.44
Kerala,Kochi,05-10-2016,303,21.65,65.92,13.59,35.83,34.71
Kerala,Kochi,13-10-2016,378,268.12,386.84,76.35,85.6,154.47
Kerala,Kochi,16-10-2016,406,184.93,269.17,175.63,66.07,133.72
Kerala,Kochi,05-11-2016,18,209.81,329.2,90.84,89.39,171.07
Kerala,Kochi,06-11-2016,227,17.31,262.09,108.72,42.93,0.13
Kerala,Kochi,07-11-2016,336,50.73,198.57,197.99,80.29,75.69
Kerala,Kochi,09-11-2016,4,140.66,175.05,92.57,61.54,119.13
Kerala,Kochi,20-11-2016,126,4.53,67.88,120.47,68.67,153.04
Kerala,Kochi,26-11-2016,279,41.34,149.56,112.2,62.13,71.54
Kerala,Kochi,01-12-2016,242,135.68,335.69,116.12,11.03,128.71
Kerala,Kochi,02-12-2016,128,276.36,124.68,168.5,17.72,177.15
Kerala,Kochi,04-12-2016,457,291.54,32.56,104.8,31.16,44.96
Kerala,Kochi,09-12-2016,289,53.53,266.19,93.22,25.2,174.79
Kerala,Kochi,17-01-2017,382,238.66,218.71,69.75,71.13,164.19
Kerala,Kochi,19-01-2017,230,235.36,361.5,23.89,61.21,111.15
Kerala,Kochi,09-02-2017,23,212.95,19.06,128.17,9.49,37.19
Kerala,Kochi,14-02-2017,305,5.01,283.83,136.37,34.01,162.76
Kerala,Kochi,20-02-2017,37,41.4,78.66,144.65,20.36,116.14
Kerala,Kochi,22-02-2017,474,213.73,354.69,152.98,55,142.06
Kerala,Kochi,28-02-2017,170,139.42,227.87,36.81,99.38,26.08
Kerala,Kochi,06-03-2017,152,207.96,56.51,94.07,2.12,47.62
Kerala,Kochi,20-03-2017,18,155.87,176.64,111.52,20.07,134.87
Kerala,Kochi,22-03-2017,371,257.09,329.53,82.22,45.77,141.97
Kerala,Kochi,03-04-2017,253,275.87,6.58,115.87,19.8,105.08
Kerala,Kochi,07-04-2017,209,16.91,270.06,196.91,70.74,81.66
Kerala,Kochi,09-04-2017,453,259.09,251.84,50.13,57.26,130.05
Kerala,Kochi,10-04-2017,76,124.74,273.13,160.29,30.76,103.26
Kerala,Kochi,20-04-2017,78,233.03,234.07,11.96,32.99,61.27
Kerala,Kochi,01-05-2017,120,52.37,351.01,199.02,44.14,0.7
Kerala,Kochi,02-05-2017,153,114.44,196.66,79.1,64.3,192.51
Kerala,Kochi,21-05-2017,192,292,298.27,196.98,42.34,61.98
Kerala,Kochi,23-05-2017,295,228.23,178.07,140.89,24.35,63.35
Kerala,Kochi,24-05-2017,126.5,217.06,275.575,124.675,58.48,152.065
Kerala,Kochi,27-05-2017,467,87.83,81.92,117.21,18.24,181.14
Kerala,Kochi,04-06-2017,108,188.22,147.51,167,27.6,72.02
Kerala,Kochi,07-06-2017,290,78.73,304.01,109.82,85.4,154.68
Kerala,Kochi,11-06-2017,408,61.49,32.24,75.24,5.73,133.85
Kerala,Kochi,21-06-2017,326,62.78,111.34,189.13,98.09,192.98
Kerala,Kochi,05-07-2017,45,261.16,241.18,34.14,71.07,146.99
Kerala,Kochi,08-07-2017,21,166.94,54.78,83.2,59.26,153.66
Kerala,Kochi,10-07-2017,112,6.25,250.86,52.89,9.93,76.75
Kerala,Kochi,26-07-2017,104,189.73,26.02,171.19,93.54,146.24
Kerala,Kochi,27-08-2017,348,201.07,350.53,19.16,71.6,40.16
Kerala,Kochi,29-08-2017,156,163.15,116.85,134.22,40.29,11.48
Kerala,Kochi,21-09-2017,460,38.9,190.89,94.86,92.56,93.95
Kerala,Kochi,05-10-2017,64,224.06,188.38,85.15,93.65,178.15
Kerala,Kochi,06-10-2017,300,250.86,282.87,129.72,88.7,111.87
Kerala,Kochi,09-10-2017,336,159.04,162.55,131.6,25.88,95.4
Kerala,Kochi,21-10-2017,109,289.39,357.64,196.67,78.04,14.1
Kerala,Kochi,26-10-2017,221,62.31,73.62,55.53,1.72,150.5
Kerala,Kochi,25-11-2017,426,115.41,81.16,63.78,70.67,85.14
Kerala,Kochi,27-11-2017,213,193.13,313.2,62.12,16.79,174.5
Kerala,Kochi,28-11-2017,120,159.84,150.37,161.78,10.87,8.02
Kerala,Kochi,25-12-2017,21,87.3,189.2,56.62,91.95,71.1
Kerala,Kochi,03-01-2018,267,214.74,115.91,2.91,89.01,7.39
Kerala,Kochi,10-01-2018,398,87.06,80.36,186.05,22.51,125.82
Kerala,Kochi,14-01-2018,288,104.98,114.45,194.73,35.99,105.3
Kerala,Kochi,31-01-2018,84,294.78,106.15,185.47,19.63,198.93
Kerala,Kochi,06-02-2018,29,17.71,283.7,148,47.54,62.07
Kerala,Kochi,14-02-2018,379,242.12,313.205,39.765,85.895,79.215
Kerala,Kochi,16-02-2018,87,156.83,114.13,89.23,40.67,87.24
Kerala,Kochi,23-03-2018,27,84.45,390.25,68.17,68.16,140.13
Kerala,Kochi,24-03-2018,366,177.1,45.71,131.14,80.42,95.22
Kerala,Kochi,30-03-2018,379,86.54,109.81,190.21,39.49,70.92
Kerala,Kochi,31-03-2018,195,15.15,290.4,16.7,40.22,144.14
Kerala,Kochi,03-04-2018,297,95.1,366.37,23.12,56.57,135.64
Kerala,Kochi,15-04-2018,2,33.24,134.14,197.09,21.44,133.25
Kerala,Kochi,19-04-2018,106,12.99,229.17,92.45,22.36,184.37
Kerala,Kochi,23-04-2018,373,284.91,225.31,101,53.3,67.92
Kerala,Kochi,24-04-2018,481,222.98,291.08,45.64,60.83,76.11
Kerala,Kochi,08-05-2018,478,103.92,171.2,34.35,82.37,22.35
Kerala,Kochi,14-05-2018,201,15.34,15.49,103.52,54.62,150.7
Kerala,Kochi,22-05-2018,249,43.22,172.41,54.79,67.6,128.01
Kerala,Kochi,28-05-2018,50,73.26,201.52,46.77,63.38,28.58
Kerala,Kochi,09-06-2018,147,118.85,85.3,69.54,94.65,6.62
Kerala,Kochi,19-06-2018,148,262.87,391.96,73.54,95.89,21.26
Kerala,Kochi,21-06-2018,326,156.02,103.28,30.49,28.11,169.9
Kerala,Kochi,02-07-2018,266,225.67,270.63,92.74,45.76,67.18
Kerala,Kochi,11-07-2018,282,110.72,362.56,186.69,42.49,56.21
Kerala,Kochi,12-07-2018,291,263.7,383.85,196.5,0.79,199.8
Kerala,Kochi,21-07-2018,58,230.31,312.11,160.52,19.04,6.01
Kerala,Kochi,26-07-2018,432,20.9,0.43,45.23,53.81,123.94
Kerala,Kochi,01-08-2018,161,79.06,258.08,78.58,68.42,165.41
Kerala,Kochi,09-08-2018,221,26.91,188.07,26.01,97.36,187.18
Kerala,Kochi,08-09-2018,381,225.1,287.59,26.38,97.24,89.28
Kerala,Kochi,10-09-2018,412,56.54,175.79,142.29,72.89,113.02
Kerala,Kochi,19-09-2018,387,165.59,13.83,80.63,79.54,26.26
Kerala,Kochi,28-09-2018,195,145.51,1.56,30.84,38.22,172.49
Kerala,Kochi,04-10-2018,17.5,241.565,231.725,145.755,42.13,49.465
Kerala,Kochi,17-10-2018,302,143.05,67.61,186.54,34.62,9.54
Kerala,Kochi,22-10-2018,337,24.47,299.62,25.21,22.49,108.15
Kerala,Kochi,30-10-2018,464,269.13,71.98,53.83,1.33,199.9
Kerala,Kochi,01-11-2018,92,56.06,38.21,184.98,20.99,174.97
Kerala,Kochi,22-11-2018,353,24.61,257.22,61.46,28,10.37
Kerala,Kochi,24-11-2018,426,72.66,13.01,96.18,97.84,118.57
Kerala,Kochi,26-11-2018,489,185.92,4.62,152.76,61.87,139.97
Kerala,Kochi,09-12-2018,74,143.51,226.8,61.22,57.69,155.67
Kerala,Kochi,16-12-2018,135,93.04,79.12,6.19,48.53,45.45
Kerala,Kochi,24-12-2018,308,84.32,162.3,164.4,24.83,170.08
Kerala,Kochi,30-12-2018,297,7.58,19.16,161.26,40.25,51.95
Kerala,Kochi,31-12-2018,414,120.44,160.96,44.34,11.61,41.89
Kerala,Kochi,06-01-2019,192,149.13,232.87,158.65,2.3,76.99
Kerala,Kochi,08-01-2019,476,270.06,285.66,125.62,1.04,165.38
Kerala,Kochi,16-01-2019,184,202.87,224.9,127.44,29.76,109.42
Kerala,Kochi,18-01-2019,116,206.58,258.73,194.5,51.25,99.14
Kerala,Kochi,21-01-2019,205,120.88,202.25,148.79,10.06,60.78
Kerala,Kochi,25-01-2019,232,40.89,305.21,138.64,35.1,68.42
Kerala,Kochi,01-02-2019,22,181.9,54.29,92.41,79.81,5.97
Kerala,Kochi,11-02-2019,381,128.86,378.34,38.81,32.93,27.66
Kerala,Kochi,15-02-2019,144,64.87,157,79.25,26.83,168.89
Kerala,Kochi,16-02-2019,119,253.33,43.37,5.24,81.91,19.21
Kerala,Kochi,18-02-2019,180,169.13,26.02,95.74,95.48,167.68
Kerala,Kochi,07-03-2019,426,1.08,66.5,5.25,76.24,67.46
Kerala,Kochi,09-03-2019,43,245.64,399.99,192.5,85.7,131.58
Kerala,Kochi,20-03-2019,122,222.75,253.53,180.73,54.42,150.42
Kerala,Kochi,05-04-2019,170,207.96,174.09,157.1,17.78,48.25
Kerala,Kochi,07-04-2019,498,94.52,302.74,46.64,59.9,113.53
Kerala,Kochi,12-04-2019,262,236.78,124.59,109.74,50.13,121.54
Kerala,Kochi,14-04-2019,208,192.21,196.4,83.92,72.34,20.32
Kerala,Kochi,15-04-2019,49,140.95,169.45,25.14,56.12,68.8
Kerala,Kochi,17-04-2019,448,80.94,291.72,95.54,54.44,131.61
Kerala,Kochi,19-04-2019,123,55.14,18.18,23.15,55.82,162.38
Kerala,Kochi,22-04-2019,263,89.66,104.435,85.885,46.82,69.92
Kerala,Kochi,28-04-2019,285,83.52,165.88,4.26,40.82,21
Kerala,Kochi,03-05-2019,322,219.65,288.76,98.54,6.93,12.65
Kerala,Kochi,08-05-2019,399,195.62,182.4,128.26,38.52,199.59
Kerala,Kochi,13-05-2019,453,11.88,206.3,142.47,32.28,91.46
Kerala,Kochi,22-05-2019,59,131.93,387.3,91.59,64.55,131.82
Kerala,Kochi,07-06-2019,307,104.3,359.44,86.61,39.73,58.39
Kerala,Kochi,09-06-2019,480,67.05,59.7,107.61,9.34,128.67
Kerala,Kochi,14-06-2019,224,257.39,184.56,197.21,81.91,149.89
Kerala,Kochi,16-06-2019,402,130.6,199.53,76.9,44.15,88.64
Kerala,Kochi,19-06-2019,324.5,225.975,169.745,37.39,69.18,36.345
Kerala,Kochi,11-07-2019,65,102.95,62.46,48.79,88.76,1.15
Kerala,Kochi,19-07-2019,361,288.67,366.06,54.37,79.44,122.93
Kerala,Kochi,20-07-2019,475,103.35,330.07,9.04,69.61,9.49
Kerala,Kochi,31-07-2019,283,53.74,196.3,3.58,33.66,125.58
Kerala,Kochi,08-08-2019,108.5,86.57,232.165,80.87,35.14,93.805
Kerala,Kochi,13-08-2019,330,171.46,67.67,127.06,6.65,5.2
Kerala,Kochi,24-08-2019,158,87.25,253.63,187.14,85.26,14.95
Kerala,Kochi,10-09-2019,392,162.58,227.92,38.36,57.62,3.59
Kerala,Kochi,17-09-2019,93,264.53,263.82,174.89,50.73,177.22
Kerala,Kochi,26-09-2019,110,165.64,334.8,13.37,7.08,109.21
Kerala,Kochi,28-09-2019,166,74.47,302.48,45.31,19.04,69.21
Kerala,Kochi,06-10-2019,26,173.53,320.06,120.78,87.265,124.285
Kerala,Kochi,09-10-2019,173,99.06,274.88,41.445,56.525,117.72
Kerala,Kochi,16-10-2019,452,294.52,115.35,21.82,45.46,170.36
Kerala,Kochi,18-10-2019,497,92.18,44.77,154.42,60.02,77.72
Kerala,Kochi,03-11-2019,128,28.18,306.77,141.69,1.94,107.99
Kerala,Kochi,06-11-2019,269,60.78,342.55,149.33,38.12,15.45
Kerala,Kochi,29-11-2019,420,132.47,204.7,17.58,77.75,83.39
Kerala,Kochi,04-12-2019,246,183.94,15.48,74.95,84.93,23.04
Kerala,Kochi,09-12-2019,305,111.45,210.37,30.47,22.88,88.85
Kerala,Kochi,10-12-2019,382,54.01,364.85,188.92,56,187.02
Kerala,Kochi,12-01-2020,163,189.8,313.97,58.54,2.55,98.63
Kerala,Kochi,21-01-2020,112,6.44,72,198.78,87.08,9.57
Kerala,Kochi,25-01-2020,119,89.58,125.68,191.97,31.66,90.06
Kerala,Kochi,26-01-2020,384,18.54,102.91,34.13,52.78,164.82
Kerala,Kochi,05-02-2020,385,12.02,364.25,156.17,39.72,163.91
Kerala,Kochi,07-02-2020,181,165.23,381.9,113.01,56.12,62
Kerala,Kochi,10-02-2020,199,270.86,171.38,180.55,8.07,75.59
Kerala,Kochi,16-02-2020,222,17.35,228.02,186.66,34.37,94.1
Kerala,Kochi,04-03-2020,470,279.91,257.1,106.59,99.14,154.85
Kerala,Kochi,23-03-2020,358,75.11,59.04,181.13,87.92,119.68
Kerala,Kochi,25-03-2020,353,163.8,117.72,119.01,91.78,132.64
Kerala,Kochi,30-03-2020,259,119.285,178.02,121.07,56.21,144.925
Kerala,Kochi,06-04-2020,178,268.07,147.24,65.27,75.91,22.24
Kerala,Kochi,08-04-2020,421,154.06,168.12,106.74,4.49,30.65
Kerala,Kochi,13-04-2020,400,1.72,294.26,168.21,72.5,43.84
Kerala,Kochi,18-04-2020,274,83.36,157.36,99.32,63.75,128.75
Kerala,Kochi,30-04-2020,476,136.82,356.39,85.22,27.27,12.87
Kerala,Kochi,11-05-2020,350,110.09,119.94,101.05,70.81,102.37
Kerala,Kochi,28-05-2020,291,111.4,385.04,28.26,28.35,70.54
Kerala,Kochi,11-06-2020,495,76.93,389.22,143.7,75.34,51.59
Kerala,Kochi,20-06-2020,253,256.49,85.22,72.04,98.41,3.89
Kerala,Kochi,22-06-2020,319,175.88,5.69,140.12,46.78,45.48
Kerala,Kochi,01-07-2020,411,269.79,176.41,86.94,26.62,36.33
Kerala,Kochi,03-07-2020,388,110.4,97.39,169.71,80.1,101.88
Kerala,Kochi,09-07-2020,91,88.7,73.315,133.23,65.145,20.84
Kerala,Kochi,12-07-2020,200,257.52,297.25,127.2,39.66,86.31
Kerala,Kochi,27-07-2020,103.5,241.75,189.51,90.225,18.98,112.34
Kerala,Kochi,28-08-2020,303,162.22,11.13,15.17,20.47,78.16
Kerala,Kochi,31-08-2020,270,207.97,178.69,159.42,62.79,64.69
Kerala,Kochi,05-10-2020,489,66.02,321.62,61.73,51.67,61.4
Kerala,Kochi,11-10-2020,383,121.92,66.58,166.12,22.33,176.87
Kerala,Kochi,12-10-2020,13,173.47,59.14,176.92,57.69,10.25
Kerala,Kochi,08-11-2020,473,144.39,3.52,6.4,89.01,196.67
Kerala,Kochi,10-11-2020,86,149.91,19.53,179.83,3.02,52.57
Kerala,Kochi,16-11-2020,49,84.81,227.24,63.72,58.01,127.77
Kerala,Kochi,18-11-2020,311,111.18,33.36,120.52,34.73,53.53
Kerala,Kochi,04-12-2020,222.5,106.1,200.55,118.995,52.08,107.85
Kerala,Kochi,13-12-2020,7,227.25,29.33,192.95,88.19,90.1
Kerala,Kochi,28-12-2020,330,296.255,293.255,88.5,81.005,29.615
Kerala,Kochi,02-02-2021,65,231.42,162.13,43.78,9.85,23.74
Kerala,Kochi,10-02-2021,312,103.48,169.98,3.86,31.08,64
Kerala,Kochi,16-02-2021,163,106.01,358.65,163.15,75.86,181.01
Kerala,Kochi,22-02-2021,260,189.35,315.26,50.47,98.8,37.42
Kerala,Kochi,23-02-2021,442.5,162.77,142.815,120.7,13.66,109.005
Kerala,Kochi,03-03-2021,104,68.28,321.17,94.29,19.81,179.77
Kerala,Kochi,04-03-2021,283,13.11,349.36,164.71,97.45,191.57
Kerala,Kochi,06-03-2021,345,48.89,358.02,79.08,50,98.23
Kerala,Kochi,12-03-2021,165,6.61,231.81,6.27,23.41,177.5
Kerala,Kochi,19-03-2021,394,82.34,214.56,58.34,65,56.45
Kerala,Kochi,28-03-2021,320,155.05,207.07,123.75,65.31,9.2
Kerala,Kochi,30-03-2021,190,180.24,193.99,40.705,26.085,24.085
Kerala,Kochi,04-04-2021,305,25.58,313.15,12.83,70.59,146.37
Kerala,Kochi,08-04-2021,320,260.04,23.35,192.59,27.75,195.91
Kerala,Kochi,10-04-2021,277,121.84,265.95,84.05,97.68,110.05
Kerala,Kochi,11-04-2021,494,78.62,138.84,93.52,1.81,103.45
Kerala,Kochi,02-05-2021,265,20.17,278.9,170.57,15.35,82.98
Kerala,Kochi,06-05-2021,208,290.72,94.79,96.71,71.97,144.94
Kerala,Kochi,07-05-2021,44,168.58,148.44,119.57,20.54,173.9
Kerala,Kochi,16-05-2021,134,277.97,163.37,167.42,74.86,151.34
Kerala,Kochi,19-05-2021,212,209.81,219.09,95.67,8.82,82.54
Kerala,Kochi,27-05-2021,317,182.16,43.85,115.05,86.04,156.93
Kerala,Kochi,30-05-2021,406,39.71,375.77,142.24,70.15,59.3
Kerala,Kochi,06-06-2021,439,262.97,162,176.47,90.86,66.77
Kerala,Kochi,24-06-2021,103,104.37,232.25,145.56,25.26,158.23
Kerala,Kochi,02-07-2021,464,109.36,134.08,24.53,23.39,33.96
Kerala,Kochi,06-07-2021,400,215.25,330.3,180.73,23.02,132.43
Kerala,Kochi,08-07-2021,147,94.01,328.94,61.04,71.52,187.63
Kerala,Kochi,23-07-2021,334,132.69,254.45,137.22,7.74,188.29
Kerala,Kochi,03-08-2021,404,39.15,235.5,116.15,87.08,130.2
Kerala,Kochi,07-08-2021,211,88.81,65.99,62.06,0.31,76.71
Kerala,Kochi,09-08-2021,136,182.52,183.54,35.46,29.37,181.65
Kerala,Kochi,10-08-2021,318,107.65,206.66,184.26,53.86,160.83
Kerala,Kochi,11-08-2021,307,129.8,21.27,59.31,28.74,70.76
Kerala,Kochi,20-08-2021,392,231.2,109.16,113.95,15.5,178.71
Kerala,Kochi,29-08-2021,73,173.06,364.21,24.12,3.93,24.26
Kerala,Kochi,19-09-2021,428,85.4,154.03,8.26,40.16,32.1
Kerala,Kochi,23-09-2021,187,144.07,29.94,180.76,50.97,67.7
Kerala,Kochi,27-09-2021,235,190.46,243.21,175.72,61.12,124.03
Kerala,Kochi,12-10-2021,230,297.08,8.74,98.44,8.47,127.92
Kerala,Kochi,26-10-2021,134,45.75,372.79,191.03,65.65,165.53
Kerala,Kochi,27-10-2021,69.5,85.365,173.48,28.91,56.915,119.475
Kerala,Kochi,04-11-2021,144,58.27,27.17,104.56,67.95,58.54
Kerala,Kochi,28-11-2021,428,222.52,312.35,170.79,30.5,84.11
Kerala,Kochi,04-12-2021,8,21.11,42.71,196.03,4.35,111.12
Kerala,Kochi,11-12-2021,440,104.36,219.21,25.3,73.89,60.78
Kerala,Kochi,13-12-2021,396,182.36,386.78,146.31,37.67,15.82
Kerala,Kochi,18-12-2021,425,36.61,332.48,111.3,9.44,85.09
Kerala,Kochi,23-12-2021,326,192.81,94.62,3.98,67.25,190.42
Kerala,Kochi,02-01-2022,312,22.13,166.62,129.37,5.96,35.36
Kerala,Kochi,11-01-2022,224,253.78,210.21,12.54,13.93,14.59
Kerala,Kochi,21-01-2022,203.5,72.635,297.17,47.64,49.64,91.825
Kerala,Kochi,01-02-2022,416,158.57,163.02,16.39,52.34,101.29
Kerala,Kochi,06-02-2022,141,70.92,213.52,13.35,64.96,84.31
Kerala,Kochi,09-02-2022,462,156.19,53.05,53.75,14.39,99.62
Kerala,Kochi,15-02-2022,192.5,140.735,177.885,59.155,36.215,134.99
Kerala,Kochi,25-02-2022,314,111.16,287.32,78.24,1.86,111.6
Kerala,Kochi,26-02-2022,229,150.67,359.54,127.67,75.07,7.96
Kerala,Kochi,28-02-2022,20,85.22,10.78,118.25,90.83,147.52
Kerala,Kochi,08-03-2022,399,280.51,46.44,30.87,14.29,26.47
Kerala,Kochi,13-03-2022,242,273.86,345.87,174.11,75.51,8.2
Kerala,Kochi,23-03-2022,274,24.38,287.73,78.23,68.45,156.86
Kerala,Kochi,24-03-2022,230,121.86,74.65,51.18,40.25,177.97
Kerala,Kochi,26-03-2022,268.5,222.72,132.72,109.96,56.045,184.615
Kerala,Kochi,22-04-2022,346,115.04,353.15,104.76,6.83,69.99
Kerala,Kochi,08-05-2022,79,51.72,72.15,27.26,36.04,75.67
Kerala,Kochi,15-05-2022,220,182.08,320.48,58.22,61.36,83.26
Kerala,Kochi,25-05-2022,297,113.59,297.17,145.605,58.115,123.23
Kerala,Kochi,27-05-2022,214,196.26,315.8,167.01,33.83,5.3
Kerala,Kochi,28-05-2022,158,189.65,160.105,92.76,30.26,126.255
Kerala,Kochi,29-05-2022,92,138.09,126.77,40.38,26.82,58.55
Kerala,Kochi,01-07-2022,134,208.655,302.45,93.035,53.495,82.055
Kerala,Kochi,11-07-2022,32,187.41,39.97,137.05,14.03,167.43
Kerala,Kochi,14-07-2022,249,115.97,43.27,18.34,86.23,68.11
Kerala,Kochi,21-07-2022,194,53.25,336.92,87.31,56.2,168.71
Kerala,Kochi,23-07-2022,96,77.48,3.8,39.16,4.54,57.18
Kerala,Kochi,13-08-2022,287.5,201.03,378.73,39.01,54.565,94.88
Kerala,Kochi,15-08-2022,190,7.27,231.25,77.19,15.07,33.52
Kerala,Kochi,23-08-2022,438,71.35,24.99,104.65,81.52,108.38
Kerala,Kochi,20-09-2022,412,155.69,115.85,5.48,52.52,154.95
Kerala,Kochi,25-09-2022,136,143.77,184.22,126.07,90.12,16.1
Kerala,Kochi,27-09-2022,477,132.9,67.3,90.58,1.53,145.31
Kerala,Kochi,05-10-2022,150,24.48,218.45,187.45,67.89,169.34
Kerala,Kochi,16-10-2022,307,196.18,29.79,196.72,10.55,113.45
Kerala,Kochi,22-10-2022,101,20.55,231.55,179.53,50.34,52.79
Kerala,Kochi,08-11-2022,73,254.47,29.42,186.63,11.23,154.08
Kerala,Kochi,10-11-2022,415,162.95,168.59,139.34,75.33,152.92
Kerala,Kochi,12-11-2022,186,216.53,281.16,1.02,64.93,99.94
Kerala,Kochi,03-12-2022,495,71.23,339.3,20.8,20.93,177.29
Kerala,Kochi,04-12-2022,232,156.71,15.84,65.67,73.53,33.69
Kerala,Kochi,07-12-2022,3,10.96,286.26,26.61,93.85,66.15
Kerala,Kochi,14-12-2022,493,269.04,10.04,78.96,81.97,166.98
Kerala,Kochi,21-12-2022,86,288.69,111.94,1.57,44.6,175.88
Kerala,Kozhikode,03-01-2015,494,131.32,244.21,66.39,68.56,86.8
Kerala,Kozhikode,10-01-2015,81,264.39,146.77,70.51,10.58,9.52
Kerala,Kozhikode,24-01-2015,372,77.88,36.36,169,3.83,52.01
Kerala,Kozhikode,11-02-2015,104,61.35,91.28,13.62,32.58,178.6
Kerala,Kozhikode,23-02-2015,261,175.93,369.45,9.2,51.11,37.1
Kerala,Kozhikode,28-02-2015,36,55.61,270.89,191,34.94,2.84
Kerala,Kozhikode,24-03-2015,356.5,102.64,99.305,45.03,67.665,95.21
Kerala,Kozhikode,21-04-2015,31,72.07,205.96,24.59,74.03,27.01
Kerala,Kozhikode,27-04-2015,390,163.07,249.87,157.71,30.79,57.74
Kerala,Kozhikode,06-05-2015,391,230.35,380.18,10.56,85.29,108.68
Kerala,Kozhikode,08-05-2015,74,196.07,230.08,139.94,62.82,166.6
Kerala,Kozhikode,23-05-2015,106,99.44,3.84,183.5,92.97,84.73
Kerala,Kozhikode,25-05-2015,466,291.34,220.67,135.6,3.11,169.02
Kerala,Kozhikode,30-05-2015,266,199.05,32.68,26.01,59.4,64.97
Kerala,Kozhikode,01-06-2015,96,193.26,182.27,15.3,76.8,148.92
Kerala,Kozhikode,10-06-2015,187,209.13,181.53,71.05,10.26,48.38
Kerala,Kozhikode,24-06-2015,304,117.23,8.73,52.36,48.62,119.78
Kerala,Kozhikode,29-06-2015,178,261.04,347.51,0.91,62.08,49.6
Kerala,Kozhikode,30-06-2015,317,8.28,24.8,32.47,43.23,45.69
Kerala,Kozhikode,15-07-2015,49,171.2,205.02,44.3,24.01,44.14
Kerala,Kozhikode,19-07-2015,417,159.68,382.41,63.12,40.6,180.71
Kerala,Kozhikode,28-07-2015,337,138.37,276.86,17.81,84.79,171.63
Kerala,Kozhikode,23-08-2015,47,177.28,54.8,25.53,91.96,66.98
Kerala,Kozhikode,03-09-2015,356,294.54,66.61,118.05,69.99,143.31
Kerala,Kozhikode,02-10-2015,243,224.55,57.29,113.68,56.7,124.29
Kerala,Kozhikode,22-10-2015,142,136.35,220.88,187.52,50.62,132.18
Kerala,Kozhikode,07-11-2015,124,162.76,290.47,83.78,10.23,1.47
Kerala,Kozhikode,09-11-2015,131,258.14,345.37,197.12,51.39,59.09
Kerala,Kozhikode,18-11-2015,251,49.16,341.35,147.17,76.87,130.73
Kerala,Kozhikode,27-11-2015,428,225.8,253.42,156.85,9.03,189.7
Kerala,Kozhikode,03-12-2015,102,229.64,46.08,109.19,5.21,114.49
Kerala,Kozhikode,16-12-2015,84,138.96,360.27,127.92,16.71,17.36
Kerala,Kozhikode,17-12-2015,18,219.74,130.5,152.07,2.02,74.54
Kerala,Kozhikode,03-01-2016,369,26.05,125.4,178.87,8.41,42.67
Kerala,Kozhikode,26-01-2016,342,127.51,241.05,28.45,66.72,109.02
Kerala,Kozhikode,08-02-2016,72,99.21,27.32,0.46,96,151.41
Kerala,Kozhikode,01-03-2016,156,256.94,235.77,45.85,51.8,119.01
Kerala,Kozhikode,20-03-2016,143,190.83,380.49,112.84,29.01,135.44
Kerala,Kozhikode,27-03-2016,198,205.1,42.64,19.12,10.15,173.58
Kerala,Kozhikode,07-04-2016,194.5,57.73,181.005,100.54,23.93,36.83
Kerala,Kozhikode,18-04-2016,473,165.24,246.21,49.34,31.92,197.51
Kerala,Kozhikode,20-04-2016,397,269.55,155.14,135.85,78.06,6.76
Kerala,Kozhikode,25-04-2016,490,262.31,88.77,6.49,18.98,50.89
Kerala,Kozhikode,27-04-2016,177,217.705,177.75,84.48,91,110.115
Kerala,Kozhikode,07-05-2016,301,24.38,181.13,61.24,6.96,62.62
Kerala,Kozhikode,19-05-2016,350,75.2,117.31,178.65,71.84,59.32
Kerala,Kozhikode,13-06-2016,400,43.35,138.89,8.07,21.67,76.44
Kerala,Kozhikode,17-06-2016,364,149.68,286.96,43.01,71.3,54
Kerala,Kozhikode,23-06-2016,210,238.61,97.13,29.17,60.55,183.86
Kerala,Kozhikode,01-07-2016,465,206.42,122.68,87.69,26.16,168.47
Kerala,Kozhikode,11-09-2016,389,163.73,77.92,51.44,21.37,86.31
Kerala,Kozhikode,21-09-2016,111,64.92,117.65,154.17,69.77,145.36
Kerala,Kozhikode,26-09-2016,179,135.04,348.41,35.8,82.56,7.41
Kerala,Kozhikode,03-10-2016,249,2.95,247.77,184.91,62.42,97.78
Kerala,Kozhikode,09-10-2016,288,138.78,39.125,121.16,14.835,174.875
Kerala,Kozhikode,20-10-2016,46,124.05,309.73,187.1,55.92,193.13
Kerala,Kozhikode,01-11-2016,121,229.13,163.2,70.91,94.11,157.92
Kerala,Kozhikode,05-11-2016,7,236.78,91.73,154.81,86.1,150.92
Kerala,Kozhikode,07-11-2016,69,247.91,389.94,128.2,34.56,4.02
Kerala,Kozhikode,25-11-2016,227,26.42,45.59,67.68,47.41,8.1
Kerala,Kozhikode,03-12-2016,146,183.19,60.66,163.37,42.19,102.33
Kerala,Kozhikode,14-12-2016,288,243.07,294.81,187.58,25.83,193.42
Kerala,Kozhikode,20-12-2016,301,86.23,147.47,156.52,55.5,132.75
Kerala,Kozhikode,28-12-2016,267,264.67,44.49,182.81,45.34,56.78
Kerala,Kozhikode,03-01-2017,367,175.23,265.63,105.39,3.87,186
Kerala,Kozhikode,15-01-2017,294,112.13,294.12,194.91,58.51,70.34
Kerala,Kozhikode,21-01-2017,273,28.21,103.22,61.28,83.24,164.51
Kerala,Kozhikode,28-01-2017,29,227.39,269.97,190.19,7.24,113.45
Kerala,Kozhikode,29-01-2017,33,151.63,107.33,63.19,58.56,141.83
Kerala,Kozhikode,30-01-2017,24,66.36,350.33,57.71,3.74,121.95
Kerala,Kozhikode,02-03-2017,11,74.15,74.01,194.84,92.79,86.07
Kerala,Kozhikode,15-03-2017,265,101.83,195.18,6.53,85.74,83.6
Kerala,Kozhikode,17-03-2017,500,137.21,319.13,132.39,14.79,30.56
Kerala,Kozhikode,20-03-2017,452,250.75,335.56,77.78,46.28,159.16
Kerala,Kozhikode,22-03-2017,451,299.39,363.58,38.91,56.67,22.37
Kerala,Kozhikode,23-03-2017,287.5,206.66,276.46,113.255,68.36,187.07
Kerala,Kozhikode,15-04-2017,322,37.11,288.14,54.79,99.94,41.03
Kerala,Kozhikode,03-05-2017,213,233.65,92.42,149.21,25.93,144.05
Kerala,Kozhikode,24-05-2017,73,159.195,178.835,77.725,55.405,92.44
Kerala,Kozhikode,28-05-2017,31,101.33,369.31,58.58,41.51,21.42
Kerala,Kozhikode,06-06-2017,221,0.19,124.29,44.6,34.73,178.54
Kerala,Kozhikode,09-06-2017,410,162.91,389.37,159.35,82.25,197.68
Kerala,Kozhikode,12-06-2017,427,134.56,72.66,49.99,66.77,61.71
Kerala,Kozhikode,18-07-2017,4,266.19,339.89,23.98,29.92,63.56
Kerala,Kozhikode,21-07-2017,142,1.89,179.31,109.05,74.69,45.15
Kerala,Kozhikode,25-07-2017,407,86.65,387.86,77.6,75.96,128.29
Kerala,Kozhikode,31-07-2017,347,285.53,347.48,112.59,6.45,112.37
Kerala,Kozhikode,10-08-2017,133,121.14,254.74,100.56,71.95,126.86
Kerala,Kozhikode,18-08-2017,243.5,79.79,103.75,101.67,68.525,17.735
Kerala,Kozhikode,22-08-2017,329,42.68,335.39,162.21,92.45,177.15
Kerala,Kozhikode,31-08-2017,168,266.88,301.92,24.62,51.17,104.74
Kerala,Kozhikode,06-09-2017,8,0.77,70.8,141.91,18.4,165.74
Kerala,Kozhikode,07-09-2017,100,267,237.18,82.18,61.55,24.53
Kerala,Kozhikode,08-09-2017,43,181.75,43.32,120.89,17.44,123.36
Kerala,Kozhikode,12-09-2017,368,67.33,208.97,113.54,45.9,9.53
Kerala,Kozhikode,17-09-2017,280,290.1,175.96,65.18,77.14,45.71
Kerala,Kozhikode,18-09-2017,39,34.36,203.36,66.46,42.03,105.88
Kerala,Kozhikode,14-10-2017,433,256.26,42.66,96.91,66.17,92.29
Kerala,Kozhikode,16-10-2017,220,184.23,234.66,146.47,2.01,137.75
Kerala,Kozhikode,01-11-2017,347,90.27,59.77,86.79,51.47,67.79
Kerala,Kozhikode,09-11-2017,131,209.43,344.91,88.35,53.35,60.56
Kerala,Kozhikode,12-12-2017,148,56.76,331.89,10.09,24.99,116.65
Kerala,Kozhikode,14-12-2017,277,82.06,100.96,85.09,54.7,18.19
Kerala,Kozhikode,07-01-2018,414,98.66,350.35,25.09,42.44,46.38
Kerala,Kozhikode,09-01-2018,275,261.09,99.6,161.91,5.14,40.76
Kerala,Kozhikode,10-01-2018,86,268.71,206.54,182.97,64.91,109.2
Kerala,Kozhikode,17-01-2018,470,38.15,241.94,109.23,70.52,98.19
Kerala,Kozhikode,03-02-2018,134,61.49,256.57,5.19,22.21,171.28
Kerala,Kozhikode,07-02-2018,3,74.58,340.29,48.71,86.21,64.99
Kerala,Kozhikode,11-02-2018,193,106.04,60.93,139.79,22.53,65.4
Kerala,Kozhikode,13-02-2018,170,63.64,361.76,131.56,66.76,196.2
Kerala,Kozhikode,16-02-2018,430,259.65,117.97,76.82,26.65,168.24
Kerala,Kozhikode,11-03-2018,286,273.86,114.85,61.59,33.84,69.54
Kerala,Kozhikode,22-03-2018,345,255.87,64.19,100.1,14.18,82.48
Kerala,Kozhikode,10-04-2018,348,269.83,165.31,70.62,39.18,56.7
Kerala,Kozhikode,13-04-2018,124,16.09,84.86,37.09,23.35,13.74
Kerala,Kozhikode,28-04-2018,198,102.45,195.3,173.08,72.02,78.95
Kerala,Kozhikode,08-05-2018,396,245.98,7.78,60.86,78.37,70.75
Kerala,Kozhikode,16-06-2018,85,9.52,16.51,150.07,72.32,69
Kerala,Kozhikode,20-06-2018,242,244.05,57.01,125.84,35.29,50.86
Kerala,Kozhikode,22-07-2018,228,75.09,196.59,128.34,48.53,40.36
Kerala,Kozhikode,25-07-2018,157,262.78,263.61,161.65,59.21,101.7
Kerala,Kozhikode,19-08-2018,443,141.77,89.93,53.68,22.44,104.82
Kerala,Kozhikode,25-08-2018,268,298.77,113.43,79.29,42.38,140.7
Kerala,Kozhikode,30-08-2018,96,208.31,91.16,44.39,13.9,46.96
Kerala,Kozhikode,01-09-2018,295,91.26,283.41,156.67,85.88,168.79
Kerala,Kozhikode,04-09-2018,95,7.39,188.19,18.38,18.06,104.14
Kerala,Kozhikode,10-09-2018,468,27.11,102.6,16.6,39.98,183.48
Kerala,Kozhikode,18-09-2018,151,110.39,187.76,166.6,87.71,108.39
Kerala,Kozhikode,25-09-2018,392,44.35,217.53,33.88,52.25,58.93
Kerala,Kozhikode,29-09-2018,426,17.08,116.28,75.99,81.22,186.78
Kerala,Kozhikode,14-10-2018,22,276.98,22.94,41.67,78.07,6.39
Kerala,Kozhikode,15-10-2018,84,197.69,223.95,30.95,13.37,36.48
Kerala,Kozhikode,18-10-2018,93,291.52,191.65,24.31,51.86,53.53
Kerala,Kozhikode,25-10-2018,309,209.6,39.61,6.3,79.2,30.05
Kerala,Kozhikode,05-11-2018,324,298.54,163.69,135.43,33.27,131.78
Kerala,Kozhikode,21-11-2018,133,272.38,246.77,6.39,15.6,22.18
Kerala,Kozhikode,30-11-2018,435,29.27,275.12,132.41,91.18,53.13
Kerala,Kozhikode,05-12-2018,427,186.45,191.53,145.46,15.64,132.23
Kerala,Kozhikode,07-12-2018,328.5,138.135,253.985,148.125,44.48,170.825
Kerala,Kozhikode,09-12-2018,394,50.43,299.42,11.9,17.07,111.5
Kerala,Kozhikode,10-12-2018,403,296.22,206.6,14.7,94.18,59.72
Kerala,Kozhikode,14-12-2018,344,128.74,242.22,181.13,32.05,155.55
Kerala,Kozhikode,18-12-2018,327,242.57,193.25,7.12,87.01,101.41
Kerala,Kozhikode,20-12-2018,492,161.37,216.84,38.84,95.75,28.16
Kerala,Kozhikode,02-01-2019,114,112.55,313.29,155.96,18.74,55.35
Kerala,Kozhikode,04-01-2019,408,155.93,125.22,109.21,16.77,86.44
Kerala,Kozhikode,15-01-2019,48,107.63,367.37,157.95,30.59,118.09
Kerala,Kozhikode,01-02-2019,458,51.83,302.84,64.45,57.2,182.33
Kerala,Kozhikode,17-02-2019,225,52.69,108.74,55.84,50.01,152.17
Kerala,Kozhikode,14-03-2019,350,152.64,109.93,137.61,39.14,187.94
Kerala,Kozhikode,21-03-2019,357,222.73,172.67,33.86,23.03,158.71
Kerala,Kozhikode,23-03-2019,329,117.04,103.8,199.02,5.84,42.18
Kerala,Kozhikode,30-03-2019,324,18.84,138.1,173.33,60.81,163.46
Kerala,Kozhikode,14-04-2019,497,116.98,99.54,8.33,29.06,65.13
Kerala,Kozhikode,22-04-2019,330,121.73,2.7,71.16,60.19,77.12
Kerala,Kozhikode,25-04-2019,257,109.01,13.62,57.81,16.82,104.63
Kerala,Kozhikode,02-05-2019,419,296.13,211.31,102.68,42.25,24.72
Kerala,Kozhikode,16-05-2019,24,196.19,1.23,160.9,36.69,120.97
Kerala,Kozhikode,18-06-2019,357,229.46,275.5,80.31,19.61,57.21
Kerala,Kozhikode,23-06-2019,311,246.99,34.07,121.52,59.95,98.97
Kerala,Kozhikode,30-06-2019,488,143.44,86.81,121.33,70.67,120.64
Kerala,Kozhikode,11-07-2019,355,114.29,2.5,166.08,7.15,37.14
Kerala,Kozhikode,11-08-2019,477,90.88,375.12,65.61,75.16,182.39
Kerala,Kozhikode,28-08-2019,303,255,224.63,57.63,35.63,8.48
Kerala,Kozhikode,04-09-2019,234,244.89,188.6,101.13,78.93,105
Kerala,Kozhikode,05-09-2019,479,299.28,304.82,57.5,13.01,193.69
Kerala,Kozhikode,25-09-2019,164,7.57,291.4,91.69,20.3,178.81
Kerala,Kozhikode,28-10-2019,458,96.67,158.54,39.04,51.71,172.62
Kerala,Kozhikode,29-10-2019,442,273.17,215.63,12.14,58.08,54.52
Kerala,Kozhikode,02-11-2019,9,111.84,11.15,119.8,22.91,97.96
Kerala,Kozhikode,07-11-2019,221,269.87,43.12,99.76,58.58,72.42
Kerala,Kozhikode,10-11-2019,274,104.61,99.58,170.78,17.1,94.45
Kerala,Kozhikode,11-11-2019,114,144.1,248.59,104.58,56.74,158.88
Kerala,Kozhikode,14-11-2019,31,68.36,195.05,150.95,86.8,131.28
Kerala,Kozhikode,24-11-2019,359,12.12,103.74,138.82,70.64,191.81
Kerala,Kozhikode,29-11-2019,500,93.92,128.32,173.89,21.6,169.43
Kerala,Kozhikode,03-12-2019,166,7.94,229.75,117.16,8.59,3.69
Kerala,Kozhikode,15-12-2019,120,51.84,164.33,136.37,12.54,80.3
Kerala,Kozhikode,21-01-2020,262,220.54,149.25,113.19,27.19,134.14
Kerala,Kozhikode,09-02-2020,152,272.81,379.55,16.27,95.41,23.69
Kerala,Kozhikode,24-02-2020,317,75.42,27.53,88.64,19.43,122.29
Kerala,Kozhikode,25-02-2020,88,296.28,261.95,190.2,42.14,150.06
Kerala,Kozhikode,04-03-2020,281,81.34,43.06,107.78,20.67,120.84
Kerala,Kozhikode,08-03-2020,317,213.69,96.86,193.44,55.72,128.19
Kerala,Kozhikode,16-03-2020,167,128.54,277.79,146.3,84.52,172.32
Kerala,Kozhikode,18-03-2020,328,40.66,106.78,135.21,59.2,118.68
Kerala,Kozhikode,04-04-2020,146,241.53,27.11,153.27,27.29,64.67
Kerala,Kozhikode,06-04-2020,127,12.69,114.19,88.21,94.47,122.98
Kerala,Kozhikode,24-04-2020,306,121.84,191.59,197.66,21.46,36.86
Kerala,Kozhikode,10-05-2020,269,266.91,88.83,182.71,66.49,115.11
Kerala,Kozhikode,21-05-2020,15,117.92,145.73,6.71,43.26,161.11
Kerala,Kozhikode,24-05-2020,430,220.91,160.38,109.46,1.98,135.99
Kerala,Kozhikode,25-05-2020,84,206.31,75.47,91.43,54.74,135.34
Kerala,Kozhikode,31-05-2020,205,186.14,107.25,7.31,4.3,180.3
Kerala,Kozhikode,02-06-2020,29,85.58,42.73,136.61,25.4,69.11
Kerala,Kozhikode,11-06-2020,432,245.4,348.46,12.69,20.97,191.72
Kerala,Kozhikode,16-06-2020,141,41.81,193.99,130.35,12.32,14.61
Kerala,Kozhikode,22-06-2020,63,126.85,333.81,95.3,99.4,33.31
Kerala,Kozhikode,01-07-2020,306,219.35,254.89,90.06,75.48,156.75
Kerala,Kozhikode,02-07-2020,107,154.28,336.63,4.4,88.53,199.41
Kerala,Kozhikode,05-07-2020,191,163.64,345.52,126.24,76.02,17.44
Kerala,Kozhikode,09-07-2020,228,298.95,315.77,110.62,55.66,35.06
Kerala,Kozhikode,25-07-2020,287,294.21,289.61,67.31,25.22,118.51
Kerala,Kozhikode,29-07-2020,374,115.74,141.6,164.32,60.15,48.86
Kerala,Kozhikode,23-08-2020,420,124.04,118.33,25.05,73.25,164.68
Kerala,Kozhikode,20-09-2020,442,21.92,290.6,146.57,72.62,117.28
Kerala,Kozhikode,25-09-2020,179,292.76,152.68,28.05,12.41,156.15
Kerala,Kozhikode,17-10-2020,340,62.88,36.96,35.16,99.09,87.9
Kerala,Kozhikode,20-10-2020,391,189.49,92.9,6.86,65.99,13.69
Kerala,Kozhikode,22-10-2020,414,181.8,148.27,116.77,32.76,125.01
Kerala,Kozhikode,24-10-2020,272,72.2,357.95,170.77,24.02,15.59
Kerala,Kozhikode,05-11-2020,101,130.54,297.48,183.07,61.25,17.03
Kerala,Kozhikode,18-11-2020,184,293.86,70.62,62.77,58.85,103.15
Kerala,Kozhikode,20-11-2020,341,263.03,386.05,130.37,13.95,46.58
Kerala,Kozhikode,27-11-2020,225,18.29,1.77,88.88,31.17,108.91
Kerala,Kozhikode,04-12-2020,82,83.48,138.72,74.05,85.67,64.23
Kerala,Kozhikode,09-12-2020,159,15.43,44.73,19.3,46.99,196.96
Kerala,Kozhikode,30-12-2020,97,216.91,307.61,165.52,58.54,73.5
Kerala,Kozhikode,08-01-2021,118,245.64,143.21,73.01,70.96,23.12
Kerala,Kozhikode,13-02-2021,425,166.86,32.82,95.86,72.31,162.97
Kerala,Kozhikode,15-02-2021,288,39.65,117.975,96.21,35.985,171.84
Kerala,Kozhikode,03-03-2021,94,263.29,55.73,162.2,84.75,114.31
Kerala,Kozhikode,02-04-2021,235,246.14,160.54,167.01,86.64,69.89
Kerala,Kozhikode,04-04-2021,237,56.31,277.78,10.56,89.74,65.93
Kerala,Kozhikode,05-04-2021,252.67,101.61,164.98,59.86,7.68,157.12
Kerala,Kozhikode,20-04-2021,491,10.04,285.42,94.6,37.08,151.57
Kerala,Kozhikode,26-04-2021,89.5,147.45,218.795,97.315,59.65,108.855
Kerala,Kozhikode,13-05-2021,218,56.89,8.84,186.81,12.9,50.9
Kerala,Kozhikode,23-05-2021,490,122.41,256.66,79.77,55.01,173.45
Kerala,Kozhikode,29-05-2021,237,7.07,226.46,102,77.33,181.99
Kerala,Kozhikode,02-06-2021,25,37.39,51.53,65.61,30.05,121.59
Kerala,Kozhikode,24-06-2021,289,137.75,328.96,186.83,90.57,192.9
Kerala,Kozhikode,28-06-2021,106,296.5,183.99,125.39,48.98,41.9
Kerala,Kozhikode,09-07-2021,261,0.38,271.79,29.13,52.96,40.44
Kerala,Kozhikode,10-07-2021,331.3333333,166.2833333,242.7633333,42.81,79.42333333,81.66333333
Kerala,Kozhikode,11-07-2021,28.5,144.075,131.77,137.41,37.46,37.11
Kerala,Kozhikode,04-08-2021,344,1.09,397.49,37.97,62.94,183.61
Kerala,Kozhikode,13-08-2021,202,247.78,332.96,110.27,88.55,33.66
Kerala,Kozhikode,16-08-2021,188,235.55,317.17,135.53,41.62,118.01
Kerala,Kozhikode,17-08-2021,390,78.61,220.44,16.19,15.94,116.07
Kerala,Kozhikode,22-08-2021,264,147.78,142.65,84.15,70.91,142.91
Kerala,Kozhikode,29-08-2021,252,92.67,371.52,112.82,27.5,95.56
Kerala,Kozhikode,02-09-2021,256,51.7,323.5,67.83,99.27,78.7
Kerala,Kozhikode,06-09-2021,412,259.85,145.96,125.14,13.76,27.97
Kerala,Kozhikode,10-09-2021,81,177.03,91.92,165.22,78.89,41.31
Kerala,Kozhikode,16-09-2021,3,86.81,63.74,161.56,18.53,40.41
Kerala,Kozhikode,18-09-2021,25,215.52,21.03,189.33,59.1,160.27
Kerala,Kozhikode,24-09-2021,468,230.22,153.89,11.86,63.47,29.58
Kerala,Kozhikode,25-09-2021,301,153.24,67.53,49.18,11.56,70.59
Kerala,Kozhikode,05-10-2021,394,73.17,321.77,111.35,0.27,105.95
Kerala,Kozhikode,07-10-2021,56,139.68,201.61,68.73,78.65,57.37
Kerala,Kozhikode,28-10-2021,173,160.95,130.84,149.99,55.38,118.36
Kerala,Kozhikode,29-10-2021,118,41.17,99.37,184.27,85.26,107.91
Kerala,Kozhikode,07-11-2021,94,20.07,190.03,8.56,48.33,190.35
Kerala,Kozhikode,10-11-2021,83,92.23,185.08,135.19,51.15,35.19
Kerala,Kozhikode,18-11-2021,358,7.52,216.47,187.4,92.44,191.28
Kerala,Kozhikode,20-11-2021,80,239.88,58.92,167.16,80.62,66.74
Kerala,Kozhikode,24-11-2021,260.5,214.785,234.5,126.825,50.85,115.525
Kerala,Kozhikode,28-11-2021,421,13.8,24.04,52.78,43.37,95.59
Kerala,Kozhikode,04-12-2021,493,219.59,369.88,184.81,34.68,92.39
Kerala,Kozhikode,05-12-2021,4,84.64,239.12,45.83,75.48,11.75
Kerala,Kozhikode,16-12-2021,476,284.96,219.15,6.05,75.2,93.97
Kerala,Kozhikode,24-12-2021,11,75.07,284.95,150.21,22.04,51.92
Kerala,Kozhikode,25-12-2021,277,129.76,179.92,188.52,16.1,89.62
Kerala,Kozhikode,30-12-2021,270,34.81,34.12,100.97,32.13,91.77
Kerala,Kozhikode,14-01-2022,279,260.29,278.17,126.48,27.46,45.23
Kerala,Kozhikode,15-02-2022,67,21.36,96.72,120.09,63,167.93
Kerala,Kozhikode,17-02-2022,101,63.945,239.305,180,26.05,128.325
Kerala,Kozhikode,28-03-2022,66,209.26,187.63,152.6,94.93,10.62
Kerala,Kozhikode,07-04-2022,241,1.63,108.04,73.64,83.65,84.57
Kerala,Kozhikode,10-04-2022,254,216.7,192.07,78.89,15.18,69.87
Kerala,Kozhikode,11-04-2022,153,297.95,156.28,76.15,48.64,168.3
Kerala,Kozhikode,12-04-2022,471,242.63,165.4,48.06,95.18,192
Kerala,Kozhikode,15-04-2022,264,53.99,48,72.2,16.59,100.8
Kerala,Kozhikode,17-04-2022,347,260.96,206.81,86.62,4.64,65.23
Kerala,Kozhikode,19-04-2022,98,274.12,385.96,20.48,26.79,100.18
Kerala,Kozhikode,23-04-2022,292,14.04,46.02,15.59,4.35,93.26
Kerala,Kozhikode,29-04-2022,299,200.545,381.91,92.115,24.13,172.14
Kerala,Kozhikode,06-05-2022,83,210.4,54.72,130.39,71.24,169.33
Kerala,Kozhikode,12-05-2022,348,195.71,249.51,80.26,7.77,94.96
Kerala,Kozhikode,13-05-2022,153,214.14,37.07,48.22,63.2,119.9
Kerala,Kozhikode,15-05-2022,210,260.65,12.62,110.68,20.16,152.4
Kerala,Kozhikode,27-05-2022,269,216.22,232.72,183.44,3.98,199.59
Kerala,Kozhikode,16-06-2022,119.5,102.67,127.435,94.925,34.73,118.74
Kerala,Kozhikode,22-07-2022,481,207.19,82.42,27.19,37.45,118.45
Kerala,Kozhikode,02-08-2022,411,24.29,388.3,158.37,89.58,148.13
Kerala,Kozhikode,18-08-2022,275,271.88,4.91,110.31,7.69,12.61
Kerala,Kozhikode,21-08-2022,64,18.39,175.21,119.68,36.11,85.21
Kerala,Kozhikode,02-09-2022,115.5,149.09,222.55,138.935,80.045,167.605
Kerala,Kozhikode,08-09-2022,24,75.5,338.25,24.95,78.89,12.15
Kerala,Kozhikode,03-10-2022,110,16.7,65.9,142.7,22.96,24.65
Kerala,Kozhikode,06-10-2022,445,280.97,201.79,170.98,23.25,109.46
Kerala,Kozhikode,07-10-2022,119,136.36,187.71,126.47,94.6,165.97
Kerala,Kozhikode,10-10-2022,350,281.97,344.97,133.16,88.18,138.84
Kerala,Kozhikode,12-10-2022,309,202.6,338.27,20.82,47.77,44.34
Kerala,Kozhikode,01-11-2022,314,8.5,343.01,171,33.58,121.98
Kerala,Kozhikode,13-11-2022,309,5.31,322.29,43.76,42.84,34.63
Kerala,Kozhikode,17-11-2022,447.5,158.245,273.14,119.025,44.595,133.78
Kerala,Kozhikode,30-11-2022,349,126.2,151.67,133.37,38.41,3.36
Kerala,Kozhikode,04-12-2022,330,127.29,174.7,135.23,53.78,39.49
Kerala,Kozhikode,09-12-2022,451,260.72,122.11,159.24,7.57,94.64
Kerala,Kozhikode,19-12-2022,325,214.05,215.18,5.67,65.01,106.94
Kerala,Kozhikode,24-12-2022,358,40.84,299.29,155.86,12.42,3.66
Kerala,Thiruvananthapuram,05-01-2015,74,194.72,256.78,25.37,34.09,147.21
Kerala,Thiruvananthapuram,18-01-2015,367,132.76,21.32,38.23,65.34,88.44
Kerala,Thiruvananthapuram,24-01-2015,173,216.64,324.48,47.08,83.48,3.23
Kerala,Thiruvananthapuram,27-01-2015,240,156.58,185.89,7.87,41.95,175.36
Kerala,Thiruvananthapuram,01-02-2015,103,98.35,77.87,179,11.64,26.3
Kerala,Thiruvananthapuram,08-02-2015,144,293.86,68.29,168.96,39.33,179.98
Kerala,Thiruvananthapuram,10-02-2015,46,133.09,265,194.16,11.96,13.46
Kerala,Thiruvananthapuram,11-02-2015,239,290.34,6.86,110.5,12.77,84.23
Kerala,Thiruvananthapuram,12-03-2015,166,92,301.41,142.9,34.83,166.93
Kerala,Thiruvananthapuram,16-03-2015,155,47.22,30.2,101.17,25.6,192.63
Kerala,Thiruvananthapuram,27-03-2015,149,272.75,212.76,55.65,32.43,158.83
Kerala,Thiruvananthapuram,30-03-2015,274,17.38,380.09,76.46,4.44,151.01
Kerala,Thiruvananthapuram,01-04-2015,81,150.78,316.72,180.07,8.63,179.27
Kerala,Thiruvananthapuram,13-04-2015,126,183.2,205.1,43.33,72.16,93.1
Kerala,Thiruvananthapuram,26-04-2015,340,62.96,341.92,99.95,44.3,140.2
Kerala,Thiruvananthapuram,09-05-2015,492,31.13,177.75,24.65,53.92,70.71
Kerala,Thiruvananthapuram,22-05-2015,50,118.06,335.71,91.3,41.64,84.37
Kerala,Thiruvananthapuram,25-05-2015,152.5,68.105,299.825,163.605,70.905,180.03
Kerala,Thiruvananthapuram,27-05-2015,429,214.92,247.47,149.58,20.4,22.82
Kerala,Thiruvananthapuram,28-05-2015,456,260.24,251.37,135.9,90.64,126.62
Kerala,Thiruvananthapuram,11-06-2015,141,204.93,199.42,154.81,44.71,148
Kerala,Thiruvananthapuram,13-06-2015,409,227.65,166.6,91.95,66,42.38
Kerala,Thiruvananthapuram,16-06-2015,234,6.73,39.43,67,69.42,146.15
Kerala,Thiruvananthapuram,23-06-2015,314,183.12,133.55,127.22,98.35,0.45
Kerala,Thiruvananthapuram,01-07-2015,7,37.52,355.37,175.1,66.92,182.75
Kerala,Thiruvananthapuram,06-07-2015,234,74.05,103.42,124.2,65.43,24.87
Kerala,Thiruvananthapuram,13-07-2015,424,262.48,35.98,79.92,36.56,142.34
Kerala,Thiruvananthapuram,14-07-2015,2,188.96,253.96,188.47,19.56,139.81
Kerala,Thiruvananthapuram,08-08-2015,100,149.88,96.09,76.67,48.68,29.97
Kerala,Thiruvananthapuram,30-08-2015,474,87.75,323.95,189.64,96.92,158.5
Kerala,Thiruvananthapuram,03-09-2015,409,93.78,154.51,164.36,72.06,165.11
Kerala,Thiruvananthapuram,15-09-2015,136,214.66,43.1,101.58,25.39,123.82
Kerala,Thiruvananthapuram,19-09-2015,208,90.82,88.05,174.19,36.17,160.89
Kerala,Thiruvananthapuram,23-09-2015,407,47.52,148.34,39.14,27.32,28.21
Kerala,Thiruvananthapuram,28-09-2015,447,184.56,184.63,73.01,13.49,196.01
Kerala,Thiruvananthapuram,11-10-2015,492,169.55,191.77,40.51,13.44,50.9
Kerala,Thiruvananthapuram,18-10-2015,261,140.67,179.14,136.75,42.37,16.42
Kerala,Thiruvananthapuram,19-10-2015,400,279.16,61.09,25.06,98.33,4.6
Kerala,Thiruvananthapuram,30-10-2015,482,241.58,263.16,37.42,52.7,66.45
Kerala,Thiruvananthapuram,04-11-2015,125,166.94,231.77,67.31,63.26,91.12
Kerala,Thiruvananthapuram,12-11-2015,460,228.21,296.64,25.6,26.51,164.36
Kerala,Thiruvananthapuram,15-11-2015,52,96.58,344.25,156.64,76.84,37.12
Kerala,Thiruvananthapuram,29-11-2015,138,242.4,376.14,55.88,86.78,165.18
Kerala,Thiruvananthapuram,01-12-2015,170,30.58,195.36,121.18,32.65,7.97
Kerala,Thiruvananthapuram,25-12-2015,220,54.27,226.6,184.75,53.03,99.28
Kerala,Thiruvananthapuram,01-01-2016,82,264.93,62.14,82.27,76.12,10.11
Kerala,Thiruvananthapuram,02-01-2016,418,77.44,73.82,151.29,85.88,146
Kerala,Thiruvananthapuram,04-01-2016,210,115.95,211.42,124.05,47.43,110.15
Kerala,Thiruvananthapuram,05-01-2016,193,112.93,98.72,141.69,70.48,146.08
Kerala,Thiruvananthapuram,09-01-2016,462,265.98,93.52,66.74,84.7,136.58
Kerala,Thiruvananthapuram,28-01-2016,51,148.33,365.02,195.77,0.84,49.46
Kerala,Thiruvananthapuram,15-02-2016,265,196.75,143.45,101.49,88.64,135.55
Kerala,Thiruvananthapuram,02-03-2016,170,144.82,128.78,186.47,99.09,135.44
Kerala,Thiruvananthapuram,06-03-2016,172,296.87,75.41,146.72,90.6,197.74
Kerala,Thiruvananthapuram,27-03-2016,18,38.85,91.23,102.25,68.81,98.02
Kerala,Thiruvananthapuram,29-03-2016,319,206.58,243.23,105.16,50.67,108.37
Kerala,Thiruvananthapuram,01-04-2016,42,39.73,393.79,44.32,22.26,187
Kerala,Thiruvananthapuram,19-04-2016,10,86.55,145.31,191.22,4.49,142.85
Kerala,Thiruvananthapuram,22-04-2016,408,145.68,2.4,180.77,69.97,152.85
Kerala,Thiruvananthapuram,27-04-2016,281,253.18,141.49,70.9,53.54,84.25
Kerala,Thiruvananthapuram,04-05-2016,77,117.17,140.12,57.43,67.4,118.87
Kerala,Thiruvananthapuram,31-05-2016,336,92.41,18.76,127.51,17.3,14.06
Kerala,Thiruvananthapuram,01-06-2016,218,293.84,305.29,5.36,33.02,118.98
Kerala,Thiruvananthapuram,21-06-2016,492,230.45,233.87,85.26,29.11,9.01
Kerala,Thiruvananthapuram,03-07-2016,112,96.48,227.68,12.55,42.73,58.43
Kerala,Thiruvananthapuram,17-07-2016,80,42.63,189.62,54.02,29.66,171.87
Kerala,Thiruvananthapuram,17-08-2016,416,290.59,398.51,29.98,37.88,100.97
Kerala,Thiruvananthapuram,19-08-2016,303,267.7,135.43,86.94,95.41,147.53
Kerala,Thiruvananthapuram,30-08-2016,464,174.49,24.53,136.5,6.23,174.35
Kerala,Thiruvananthapuram,05-09-2016,318,263.58,29.88,174.63,40.62,1.92
Kerala,Thiruvananthapuram,14-09-2016,132,94.285,168.455,94.95,4.645,14.45
Kerala,Thiruvananthapuram,20-09-2016,104,34.61,26.19,113.7,89.98,96.53
Kerala,Thiruvananthapuram,26-09-2016,410,178.97,91.33,79.91,9.1,114.43
Kerala,Thiruvananthapuram,03-10-2016,268,191.23,4.48,177.42,41.52,142.11
Kerala,Thiruvananthapuram,28-10-2016,244,151.21,194.12,112.71,23.56,120.77
Kerala,Thiruvananthapuram,05-11-2016,323,233.94,119.17,158.75,6.32,81.55
Kerala,Thiruvananthapuram,07-11-2016,221.5,195.09,108.27,27.89,45.175,117.215
Kerala,Thiruvananthapuram,14-11-2016,466,242.39,301.76,49.44,49.65,53.87
Kerala,Thiruvananthapuram,19-12-2016,165,232.84,74.46,59.63,57.69,14.66
Kerala,Thiruvananthapuram,17-01-2017,249,295.49,348.54,34.32,78.03,31.22
Kerala,Thiruvananthapuram,21-01-2017,29,227.58,297.84,53.48,92.56,42.77
Kerala,Thiruvananthapuram,28-01-2017,31,252.05,168.43,158.24,98.68,186.05
Kerala,Thiruvananthapuram,18-02-2017,397,46.27,398.96,11.46,22.48,56.99
Kerala,Thiruvananthapuram,26-02-2017,145,171.98,136.14,181.21,13.01,122.55
Kerala,Thiruvananthapuram,28-02-2017,45,242.26,248.48,47.3,2.63,58.86
Kerala,Thiruvananthapuram,06-03-2017,145,52.11,132.69,53.15,71.72,11.64
Kerala,Thiruvananthapuram,08-03-2017,144,232.9,263.59,72.81,0.39,187.91
Kerala,Thiruvananthapuram,25-03-2017,263,190.53,300.12,77.18,44.67,49.79
Kerala,Thiruvananthapuram,29-03-2017,412,152.49,85.84,23.06,62.75,46.53
Kerala,Thiruvananthapuram,30-03-2017,80,75.43,150.66,40.4,53.95,28.61
Kerala,Thiruvananthapuram,16-04-2017,264,177.64,208.97,120.99,63.27,32.99
Kerala,Thiruvananthapuram,17-04-2017,437,136.29,58.19,29.03,46.72,195.32
Kerala,Thiruvananthapuram,20-04-2017,204,8.47,80.25,138.65,48.54,187.18
Kerala,Thiruvananthapuram,30-04-2017,191,7.32,259.71,98.04,94.25,60.48
Kerala,Thiruvananthapuram,10-05-2017,289,271.61,262.21,111.92,65.95,63.68
Kerala,Thiruvananthapuram,18-05-2017,201,96.23,167.23,26.86,0.02,85.63
Kerala,Thiruvananthapuram,03-06-2017,383,156.58,185.08,59.84,88.86,13.23
Kerala,Thiruvananthapuram,16-06-2017,482,109.84,285.49,35.45,30.92,3.39
Kerala,Thiruvananthapuram,23-06-2017,205,77.21,108.23,17.06,95.635,52.455
Kerala,Thiruvananthapuram,28-06-2017,9,52.76,281.01,119.14,43.02,76.64
Kerala,Thiruvananthapuram,01-07-2017,387,177.78,79.59,15.5,9.4,31.16
Kerala,Thiruvananthapuram,05-07-2017,290,191.83,99.225,131.955,54.55,51.37
Kerala,Thiruvananthapuram,07-07-2017,240.5,70.705,347.22,161.94,47.37,131.955
Kerala,Thiruvananthapuram,26-07-2017,285,202.09,170.46,94.46,34.87,2.34
Kerala,Thiruvananthapuram,11-08-2017,130,62.37,333.84,4.49,57.23,21.95
Kerala,Thiruvananthapuram,23-08-2017,260,242.33,116.14,140.34,48.99,88.5
Kerala,Thiruvananthapuram,09-09-2017,167,132.85,309.25,47.48,56.85,164.74
Kerala,Thiruvananthapuram,23-09-2017,111,78.9,164.95,68.7,87.95,191.26
Kerala,Thiruvananthapuram,08-10-2017,88,14.88,252.38,150.78,7.21,3.08
Kerala,Thiruvananthapuram,17-10-2017,225,66.94,117.16,161.09,77.06,30.63
Kerala,Thiruvananthapuram,13-11-2017,255,5.07,21.85,184.88,58.83,44.14
Kerala,Thiruvananthapuram,14-11-2017,223,28.19,316.46,5.74,20.55,26.77
Kerala,Thiruvananthapuram,30-11-2017,248,154.545,82.79,79.41,81.12,73.28
Kerala,Thiruvananthapuram,02-12-2017,140,60.06,313.36,31.01,29.78,38.35
Kerala,Thiruvananthapuram,04-12-2017,191,188.29,368.54,170.97,22.1,37.52
Kerala,Thiruvananthapuram,14-12-2017,493,239.87,25.89,96.33,2.48,182.8
Kerala,Thiruvananthapuram,23-12-2017,304,45.34,181.06,135.35,57.42,167.81
Kerala,Thiruvananthapuram,30-12-2017,16,37.64,176.08,27.14,7.29,181.79
Kerala,Thiruvananthapuram,06-01-2018,249,298.96,26.76,45.55,8.02,176.65
Kerala,Thiruvananthapuram,18-01-2018,209,164.86,32.86,30.14,38.78,6.96
Kerala,Thiruvananthapuram,20-01-2018,186,188.61,356.55,81.23,27.78,51.75
Kerala,Thiruvananthapuram,02-02-2018,102,89.02,151.26,51.27,90.85,86.92
Kerala,Thiruvananthapuram,04-02-2018,82,202.11,61.24,194.74,29.31,96.92
Kerala,Thiruvananthapuram,05-02-2018,371,31.09,174.8,149.26,84.43,165.19
Kerala,Thiruvananthapuram,14-02-2018,257,263.85,178.58,86.36,24.13,90.6
Kerala,Thiruvananthapuram,02-03-2018,446,181.93,62.1,5.81,77.17,0.94
Kerala,Thiruvananthapuram,16-03-2018,178,107.92,350.54,151.77,45.7,133.94
Kerala,Thiruvananthapuram,20-03-2018,404,197.04,323.88,31.77,22.52,36.06
Kerala,Thiruvananthapuram,22-03-2018,152,264.9,280.7,37.23,13.08,97.83
Kerala,Thiruvananthapuram,25-03-2018,294,39.03,140.71,22.46,28.75,107.1
Kerala,Thiruvananthapuram,03-04-2018,272,72.02,22.45,126.03,37.37,153.21
Kerala,Thiruvananthapuram,07-04-2018,439,90.98,365.82,38.93,37.35,14.85
Kerala,Thiruvananthapuram,20-04-2018,38,200.2,204.93,186,80.15,128.18
Kerala,Thiruvananthapuram,06-05-2018,268,244.78,143.42,183.72,79.95,138.5
Kerala,Thiruvananthapuram,08-05-2018,174,196.6,187.42,19.14,35.3,172.69
Kerala,Thiruvananthapuram,10-05-2018,372,122.26,335.04,1.88,96.49,112.01
Kerala,Thiruvananthapuram,15-05-2018,261,14.58,75.61,88.04,8.2,48.79
Kerala,Thiruvananthapuram,21-05-2018,257,4.96,78.18,19.4,24.17,70.32
Kerala,Thiruvananthapuram,30-05-2018,435,76.19,334.31,137.62,40.95,69.32
Kerala,Thiruvananthapuram,31-05-2018,86,226.37,242.19,52.15,32.2,44.73
Kerala,Thiruvananthapuram,04-06-2018,296,132.24,108.85,23.9,39.7,39.1
Kerala,Thiruvananthapuram,05-06-2018,84,280.57,10.99,63.86,42.02,158.88
Kerala,Thiruvananthapuram,02-07-2018,325,24.57,20.51,2.2,37.58,73.7
Kerala,Thiruvananthapuram,21-07-2018,282,220.99,4.55,36.8,21.58,82.56
Kerala,Thiruvananthapuram,04-08-2018,373,187.5,119.7,72.23,82.18,186.95
Kerala,Thiruvananthapuram,08-08-2018,295,99.35,313.95,195.93,94.52,5.7
Kerala,Thiruvananthapuram,14-08-2018,318,194.44,133.85,74.23,98.57,154.99
Kerala,Thiruvananthapuram,10-09-2018,395,0.83,36.71,166.04,68.74,140.99
Kerala,Thiruvananthapuram,26-11-2018,88,153.54,104.53,38.7,14.57,177.48
Kerala,Thiruvananthapuram,28-11-2018,216,212.75,29.34,120.04,34.18,64.65
Kerala,Thiruvananthapuram,29-11-2018,327,133.03,228.16,35.74,21.26,45.92
Kerala,Thiruvananthapuram,14-12-2018,172.5,78.285,266.37,73.96,34.915,15.38
Kerala,Thiruvananthapuram,15-12-2018,184,163.8,393.84,144.18,53.41,37.82
Kerala,Thiruvananthapuram,29-12-2018,454,171.38,338.37,77.46,74.1,135.09
Kerala,Thiruvananthapuram,30-12-2018,423,221.92,374.21,16.45,26.54,129.22
Kerala,Thiruvananthapuram,01-01-2019,487,104.41,346.21,89.51,42.92,97.59
Kerala,Thiruvananthapuram,10-01-2019,141,107.65,10.68,166.6,54.16,52.82
Kerala,Thiruvananthapuram,13-01-2019,38,287.02,265.28,79.42,20.21,75.57
Kerala,Thiruvananthapuram,16-01-2019,480,1.32,396.53,103.65,0.21,1.79
Kerala,Thiruvananthapuram,24-01-2019,363,175.5,359.37,186.11,47.53,38.56
Kerala,Thiruvananthapuram,30-01-2019,436,10.95,360.01,105.77,15.06,56.89
Kerala,Thiruvananthapuram,15-02-2019,455,0.81,175.56,154.71,9.34,64.04
Kerala,Thiruvananthapuram,22-02-2019,217,158.29,298.25,49.83,0.05,13.9
Kerala,Thiruvananthapuram,26-02-2019,287,29.06,61.35,103.31,88.52,5.82
Kerala,Thiruvananthapuram,07-03-2019,367,70.29,34.7,135.22,44.94,55.47
Kerala,Thiruvananthapuram,09-03-2019,109,54.22,44.79,93.87,26.29,33.87
Kerala,Thiruvananthapuram,15-03-2019,450,174.37,365.66,195.08,40.75,191.77
Kerala,Thiruvananthapuram,25-03-2019,479,293.55,122.97,140.98,70.27,21.03
Kerala,Thiruvananthapuram,28-03-2019,250,285.65,357.21,58.99,44.22,187.28
Kerala,Thiruvananthapuram,06-04-2019,150,13.07,40.88,22.69,7.44,185.73
Kerala,Thiruvananthapuram,16-04-2019,23,58.61,12.95,113.99,70.54,97.53
Kerala,Thiruvananthapuram,12-05-2019,402,48.68,250.52,33.86,90.45,152.9
Kerala,Thiruvananthapuram,16-05-2019,57,254.89,133.12,68.8,31.35,47.46
Kerala,Thiruvananthapuram,29-05-2019,422,66.92,271.38,51.66,96.98,14.59
Kerala,Thiruvananthapuram,02-06-2019,410,143.05,65.55,158.83,44.94,58.76
Kerala,Thiruvananthapuram,08-06-2019,319,280.1,32.15,81.21,36.56,173.61
Kerala,Thiruvananthapuram,12-06-2019,283,46.25,105.85,174.91,89.76,151.67
Kerala,Thiruvananthapuram,13-06-2019,31,43.76,214.26,39.6,76.05,57.14
Kerala,Thiruvananthapuram,22-06-2019,229,66.43,33.17,115.73,67.33,183.17
Kerala,Thiruvananthapuram,28-06-2019,377,77.04,170.37,28.6,63.52,74.76
Kerala,Thiruvananthapuram,30-06-2019,143,207.47,275.12,22.3,69.11,105.51
Kerala,Thiruvananthapuram,01-07-2019,60,197.71,107.61,14.49,25.63,50.24
Kerala,Thiruvananthapuram,02-07-2019,304,33.02,288.83,22.03,85.11,26.22
Kerala,Thiruvananthapuram,07-07-2019,200,47.39,348.75,105.88,42.55,180.77
Kerala,Thiruvananthapuram,18-07-2019,387,242.54,5.74,171.17,16.02,172.03
Kerala,Thiruvananthapuram,02-08-2019,349,279.13,161.84,32.6,88.29,95.53
Kerala,Thiruvananthapuram,09-08-2019,202,25.89,195.97,54.43,25.09,47.22
Kerala,Thiruvananthapuram,04-09-2019,357,52.47,126.2,187.49,98.81,197.18
Kerala,Thiruvananthapuram,08-09-2019,41.5,229.625,157.85,104.24,31.87,81.795
Kerala,Thiruvananthapuram,15-09-2019,237,119.08,385.2,41.16,67.96,9.62
Kerala,Thiruvananthapuram,26-09-2019,500,263.52,386.05,16.35,89.89,61.16
Kerala,Thiruvananthapuram,06-10-2019,132,7.33,182.97,70.69,9.98,37.35
Kerala,Thiruvananthapuram,13-10-2019,463,298.27,160.12,130.53,25.83,73.86
Kerala,Thiruvananthapuram,14-10-2019,243,16.13,138.85,81.73,46.6,165.46
Kerala,Thiruvananthapuram,30-10-2019,472,86.01,233.41,98.29,87.12,57.46
Kerala,Thiruvananthapuram,16-11-2019,392,201.65,127.64,152.96,44.3,91.14
Kerala,Thiruvananthapuram,06-12-2019,283.5,159.925,227.385,103.795,32.25,119.305
Kerala,Thiruvananthapuram,09-12-2019,452,97.64,384.21,153.46,23.45,175.12
Kerala,Thiruvananthapuram,17-12-2019,342,73.35,118.98,70.37,27.53,123.03
Kerala,Thiruvananthapuram,21-12-2019,327,51.51,31.98,173.83,7.78,193.17
Kerala,Thiruvananthapuram,23-12-2019,261,211.43,268.73,21.96,52.79,154.98
Kerala,Thiruvananthapuram,24-12-2019,117,179.48,53.86,32.75,4.35,4.28
Kerala,Thiruvananthapuram,09-01-2020,268,15.59,4.04,32.12,22.5,141.1
Kerala,Thiruvananthapuram,22-01-2020,254,298.37,187.48,196.52,27.9,18.66
Kerala,Thiruvananthapuram,01-02-2020,120,48.07,55.06,149.37,29.42,134.69
Kerala,Thiruvananthapuram,12-02-2020,295,242.37,377.58,16.53,87.51,158.49
Kerala,Thiruvananthapuram,13-02-2020,182,56.84,377.01,127.16,99.46,73.25
Kerala,Thiruvananthapuram,14-02-2020,471,169.02,51.33,186.08,21.2,11.53
Kerala,Thiruvananthapuram,23-02-2020,5,54.63,388.23,177.69,78.64,47.58
Kerala,Thiruvananthapuram,27-03-2020,95,185.17,377.66,123.7,27.05,18.67
Kerala,Thiruvananthapuram,30-03-2020,179,116.92,390,157.87,4.16,25.44
Kerala,Thiruvananthapuram,03-04-2020,328,160.58,352.77,164.63,58.62,162.75
Kerala,Thiruvananthapuram,05-04-2020,168,236.27,250.61,138.72,19.32,162.79
Kerala,Thiruvananthapuram,08-04-2020,302,250.78,173.58,190.85,57.63,101.94
Kerala,Thiruvananthapuram,09-04-2020,77,263.43,212.45,59.25,11.51,84.49
Kerala,Thiruvananthapuram,10-04-2020,367,136.21,21.63,46.01,46.59,164.73
Kerala,Thiruvananthapuram,20-04-2020,248,143.69,41.88,63.94,62.18,180.53
Kerala,Thiruvananthapuram,04-05-2020,12,171.62,229.52,28.15,13.82,129.98
Kerala,Thiruvananthapuram,06-05-2020,286,166.32,285.64,95.83,21.87,47.67
Kerala,Thiruvananthapuram,10-05-2020,459,105.69,107.18,93.95,66.49,81.21
Kerala,Thiruvananthapuram,21-05-2020,91,285.59,194.75,10.77,52.86,194.61
Kerala,Thiruvananthapuram,27-05-2020,318,99.03,283.11,111.6,99.88,28.88
Kerala,Thiruvananthapuram,04-06-2020,381,109.55,293.84,162.96,39.29,180.87
Kerala,Thiruvananthapuram,17-06-2020,232,127.68,251.53,41.86,55.14,148.24
Kerala,Thiruvananthapuram,25-06-2020,129,71.03,340.87,42.79,99.75,199.14
Kerala,Thiruvananthapuram,26-06-2020,408,159.61,290.71,74.73,7.57,152.91
Kerala,Thiruvananthapuram,02-07-2020,304,180.02,174.46,119.08,41.38,58.48
Kerala,Thiruvananthapuram,18-07-2020,392,113.37,38.03,72.8,33.41,137.48
Kerala,Thiruvananthapuram,27-07-2020,56,0.7,9.91,168.49,17.56,95.43
Kerala,Thiruvananthapuram,02-08-2020,394,81.85,293.69,96.27,43.83,125.79
Kerala,Thiruvananthapuram,06-08-2020,455,296.52,93.17,26.12,35.13,193.05
Kerala,Thiruvananthapuram,08-08-2020,403,28.24,130.42,164.9,68.97,12.65
Kerala,Thiruvananthapuram,17-08-2020,83,68.56,341.46,171.83,4.34,30.01
Kerala,Thiruvananthapuram,22-08-2020,38,229.58,164.63,48.98,73.82,107
Kerala,Thiruvananthapuram,23-09-2020,352,60.87,127.98,29.48,87.3,117.61
Kerala,Thiruvananthapuram,24-09-2020,166,201.27,7.13,186.85,2.23,19.15
Kerala,Thiruvananthapuram,29-09-2020,324,99.51,252.28,41.81,5.86,63.86
Kerala,Thiruvananthapuram,08-10-2020,53,222.08,25.72,56.91,77.95,61.23
Kerala,Thiruvananthapuram,12-10-2020,263,45.21,26.04,153.59,90.07,46.53
Kerala,Thiruvananthapuram,19-10-2020,78,167.84,243.3,64.21,99.51,34.96
Kerala,Thiruvananthapuram,21-10-2020,121,198.73,255.37,193.73,24.54,106.07
Kerala,Thiruvananthapuram,24-10-2020,149,263.84,247.46,118.6,19.57,160.78
Kerala,Thiruvananthapuram,02-11-2020,69,234.42,107.42,86.52,48,62.49
Kerala,Thiruvananthapuram,04-11-2020,57,27.28,324.69,84.61,30.1,121.14
Kerala,Thiruvananthapuram,13-11-2020,199,246.94,247.39,78.82,45,66.7
Kerala,Thiruvananthapuram,22-11-2020,392,208.13,205.5,119.7,89.93,82.01
Kerala,Thiruvananthapuram,26-11-2020,419,182.14,324.93,132.25,5.19,176.38
Kerala,Thiruvananthapuram,16-12-2020,37,258.36,143.23,119.65,93.52,88.46
Kerala,Thiruvananthapuram,27-12-2020,393,123.54,26.25,127.81,43.39,153.96
Kerala,Thiruvananthapuram,28-12-2020,255,228.54,253.67,101.33,28.1,104.74
Kerala,Thiruvananthapuram,01-01-2021,257,225.34,344.06,11.31,14.51,191.69
Kerala,Thiruvananthapuram,11-01-2021,401,202.64,336.97,120.29,25.78,50.44
Kerala,Thiruvananthapuram,13-01-2021,32.5,177.99,273.695,36.49,66.815,102.575
Kerala,Thiruvananthapuram,21-01-2021,111,241.78,171.69,168.69,69.36,150.47
Kerala,Thiruvananthapuram,27-01-2021,35,75.27,247.09,65.49,18.35,61.76
Kerala,Thiruvananthapuram,21-02-2021,114,203.88,359.06,192.61,45.77,140.05
Kerala,Thiruvananthapuram,24-02-2021,168,166.01,94.47,140.03,41.12,162.47
Kerala,Thiruvananthapuram,23-03-2021,492,219.4,219.93,62.32,5.4,14.78
Kerala,Thiruvananthapuram,27-03-2021,35,120.19,305.83,181.96,72.94,104.59
Kerala,Thiruvananthapuram,07-04-2021,377,260.13,300.89,136.79,80.91,165.76
Kerala,Thiruvananthapuram,18-04-2021,302,195.42,173.89,189.2,2.81,13.09
Kerala,Thiruvananthapuram,20-04-2021,226,160.78,166.8,151.05,59.03,39.83
Kerala,Thiruvananthapuram,26-04-2021,104,266.3,182,81.62,27.81,155.42
Kerala,Thiruvananthapuram,04-05-2021,194,281.43,78.81,92.05,27.45,91.32
Kerala,Thiruvananthapuram,10-05-2021,356,174.92,81.1,122.28,18,128.83
Kerala,Thiruvananthapuram,17-05-2021,213,9.85,59.32,172.75,40.72,175.25
Kerala,Thiruvananthapuram,25-05-2021,248,194.84,338.32,20.71,54.08,93.46
Kerala,Thiruvananthapuram,05-06-2021,297,153.59,357.16,57.22,29.49,163.32
Kerala,Thiruvananthapuram,18-06-2021,287,231.33,207.99,64.48,91.85,119.29
Kerala,Thiruvananthapuram,24-06-2021,175,247.93,154.3,55.91,30.89,68.26
Kerala,Thiruvananthapuram,26-06-2021,74,169.97,387.45,84.15,97.03,99.89
Kerala,Thiruvananthapuram,27-07-2021,307,245.09,213.28,37.24,15.1,145.43
Kerala,Thiruvananthapuram,29-07-2021,253,191.4,221.59,58.2,27.84,158.14
Kerala,Thiruvananthapuram,02-08-2021,189,231.19,109.61,46.28,73.09,131.03
Kerala,Thiruvananthapuram,13-08-2021,351,6.96,312.47,3.57,53.67,67.23
Kerala,Thiruvananthapuram,18-08-2021,366,135.91,7.91,161.02,82.42,45.09
Kerala,Thiruvananthapuram,24-08-2021,479,296.49,142.13,55.28,19.96,15.48
Kerala,Thiruvananthapuram,11-09-2021,322,17.29,324.81,66.55,91.74,151.8
Kerala,Thiruvananthapuram,19-09-2021,356,205.96,102.9,175.19,78.17,190.93
Kerala,Thiruvananthapuram,29-09-2021,182,118.49,127.84,152.82,80.74,126.26
Kerala,Thiruvananthapuram,04-10-2021,382,165.1,83.6,177.32,26.99,38.89
Kerala,Thiruvananthapuram,09-10-2021,382,149.74,323.83,102.67,35.41,56.93
Kerala,Thiruvananthapuram,16-10-2021,173,94.13,372.82,75.07,9.67,37.16
Kerala,Thiruvananthapuram,24-10-2021,343,294.67,360.16,179.14,98.74,130.6
Kerala,Thiruvananthapuram,25-10-2021,329,129.98,363.63,44.69,46.85,193.55
Kerala,Thiruvananthapuram,02-11-2021,37,280.34,170.71,113.28,15.11,170.52
Kerala,Thiruvananthapuram,08-11-2021,402,84.92,242.48,77.76,68.45,74.95
Kerala,Thiruvananthapuram,18-11-2021,325,36.26,2.3,195.08,27.53,58.46
Kerala,Thiruvananthapuram,26-11-2021,379,12.42,100.9,132.51,57.53,0.32
Kerala,Thiruvananthapuram,29-11-2021,433,150.94,224.54,50.62,51.79,91.35
Kerala,Thiruvananthapuram,30-11-2021,355,28.67,124.16,3.32,98.87,116.66
Kerala,Thiruvananthapuram,06-12-2021,273.5,145.51,227.675,91.125,50.425,139.325
Kerala,Thiruvananthapuram,20-12-2021,8,48.11,10.62,73.78,73.05,18.82
Kerala,Thiruvananthapuram,22-12-2021,181,99.42,345.78,148.42,18.11,116.99
Kerala,Thiruvananthapuram,30-12-2021,412,145.76,45.91,197.64,0.68,3.41
Kerala,Thiruvananthapuram,10-01-2022,140,270.65,130.78,120.85,9.02,53
Kerala,Thiruvananthapuram,21-01-2022,407,127.89,273.67,120.5,58.29,72.97
Kerala,Thiruvananthapuram,14-02-2022,211,136.4,268.11,1.18,33.13,187.25
Kerala,Thiruvananthapuram,15-02-2022,184,107.78,371.76,179.31,15.02,152.6
Kerala,Thiruvananthapuram,20-02-2022,82,246.95,32.49,122.71,24.51,54.19
Kerala,Thiruvananthapuram,21-02-2022,252.67,58.1,256.53,43.86,73.53,130.32
Kerala,Thiruvananthapuram,23-02-2022,244,33.98,161.16,178.82,59.41,70.01
Kerala,Thiruvananthapuram,01-03-2022,109,37.23,310.68,13.55,98.82,102.85
Kerala,Thiruvananthapuram,18-03-2022,98,112.1,32.31,47.72,39.43,17.61
Kerala,Thiruvananthapuram,29-03-2022,478,32.79,15.43,146.53,12.12,83.55
Kerala,Thiruvananthapuram,01-04-2022,397,154.35,161.79,17.03,46.48,101.38
Kerala,Thiruvananthapuram,04-04-2022,25,164.18,324.81,58.59,35.34,68.13
Kerala,Thiruvananthapuram,27-04-2022,87,128.33,284.24,152.14,54.43,113.54
Kerala,Thiruvananthapuram,04-05-2022,132,95.61,128.52,195.02,50.86,179.72
Kerala,Thiruvananthapuram,11-05-2022,25,286.21,375.36,31.76,57.25,39.96
Kerala,Thiruvananthapuram,12-05-2022,354,104.58,24.52,126.38,31.85,5.69
Kerala,Thiruvananthapuram,13-05-2022,426,242.92,150.72,156.06,23.12,128.21
Kerala,Thiruvananthapuram,15-05-2022,357,122.58,286.26,63.13,32.7,168.56
Kerala,Thiruvananthapuram,19-05-2022,179,143.78,346.63,10.2,38.35,14.8
Kerala,Thiruvananthapuram,28-05-2022,170,168.32,399.61,36.71,33.95,108.2
Kerala,Thiruvananthapuram,13-06-2022,400,244.03,3.24,20.9,35,160.72
Kerala,Thiruvananthapuram,26-06-2022,316,264.07,394.54,144.98,85.59,107.89
Kerala,Thiruvananthapuram,01-07-2022,257,50.72666667,197.25,152.4033333,21.75666667,72.11333333
Kerala,Thiruvananthapuram,09-07-2022,196,57.47,159.51,104.95,75.77,6.02
Kerala,Thiruvananthapuram,28-07-2022,360,211.58,285.31,93.44,94.79,157.87
Kerala,Thiruvananthapuram,29-07-2022,140,119.16,41.5,92.31,36.18,102.33
Kerala,Thiruvananthapuram,31-07-2022,56,167.46,39.79,155.81,86.46,69.05
Kerala,Thiruvananthapuram,14-08-2022,88,80.23,174.75,67.96,94.64,42.38
Kerala,Thiruvananthapuram,04-09-2022,292,289.58,316.52,33.84,33.96,88.58
Kerala,Thiruvananthapuram,05-09-2022,98,35.97,365.13,111.32,73.54,76
Kerala,Thiruvananthapuram,24-09-2022,276,241.07,254.46,5.44,16.5,72.76
Kerala,Thiruvananthapuram,01-11-2022,137,127.34,294.57,27.37,14.83,88.54
Kerala,Thiruvananthapuram,04-11-2022,428,192.82,179.84,56.18,34.01,19.9
Kerala,Thiruvananthapuram,10-11-2022,244,70.51,397.85,145.26,66.62,154.2
Kerala,Thiruvananthapuram,17-11-2022,174,142.38,192.87,129.13,14.86,140.73
Kerala,Thiruvananthapuram,19-11-2022,70,169.93,94.99,185.43,97.94,91.98
Kerala,Thiruvananthapuram,22-11-2022,112,45.9,381.28,139.74,51.41,26.81
Kerala,Thiruvananthapuram,18-12-2022,441,62.7,262.1,83.74,27.97,73.85
Maharashtra,Mumbai,01-01-2015,7,193.27,398.96,77.41,63.92,92.79
Maharashtra,Mumbai,04-01-2015,417,223.69,198.6,12.29,71.62,188.04
Maharashtra,Mumbai,23-02-2015,450,14,257.16,55.43,23.69,197.97
Maharashtra,Mumbai,24-02-2015,364,72.51,272.34,15.93,82.08,80.11
Maharashtra,Mumbai,09-03-2015,113,60.29,110.57,40.98,26.76,175.92
Maharashtra,Mumbai,18-03-2015,131,61.02,397.6,7.02,3.6,146.98
Maharashtra,Mumbai,29-03-2015,60,241.03,360.04,81.34,85.6,176.6
Maharashtra,Mumbai,24-04-2015,263,130.76,38.86,168.41,21.54,169.76
Maharashtra,Mumbai,29-04-2015,462,48.04,9.89,124.79,63.18,11.73
Maharashtra,Mumbai,07-05-2015,101,136.39,240.53,111.97,74.91,12.75
Maharashtra,Mumbai,12-05-2015,425,247.85,386.18,110.62,74.28,195.54
Maharashtra,Mumbai,22-05-2015,408,130.3,204.25,153.37,64.2,124.09
Maharashtra,Mumbai,23-05-2015,67,226.5,295.74,16.69,72.93,144.8
Maharashtra,Mumbai,27-05-2015,346,56.07,234.11,0.43,47.42,82.32
Maharashtra,Mumbai,09-06-2015,252.67,33.38,18.89,169.19,27.58,106.32
Maharashtra,Mumbai,10-06-2015,299,70.6,157.86,153.55,9.03,162.77
Maharashtra,Mumbai,13-06-2015,143,83.23,184.85,186,72.19,168.59
Maharashtra,Mumbai,17-06-2015,453,176.39,97.78,68.08,47.7,164.41
Maharashtra,Mumbai,11-07-2015,111,49.04,154.81,187.04,71.37,141.62
Maharashtra,Mumbai,15-07-2015,131,49.97,88.69,37.83,68.25,39.21
Maharashtra,Mumbai,17-07-2015,340,16.44,362.54,42.39,6.64,107.57
Maharashtra,Mumbai,04-08-2015,375,62.68,271.75,126.17,75.15,12.59
Maharashtra,Mumbai,11-08-2015,78,222.21,229.88,107.42,1.8,82.44
Maharashtra,Mumbai,19-08-2015,487,201.81,27.32,178.71,88.55,52.61
Maharashtra,Mumbai,01-09-2015,479,165.09,16.12,12.76,14.45,36.72
Maharashtra,Mumbai,21-09-2015,459,33.25,112.88,198.67,16.25,98.59
Maharashtra,Mumbai,02-10-2015,28,138.36,69,75.68,7.49,186.1
Maharashtra,Mumbai,03-10-2015,195,245.01,332.42,27.69,88.08,79.67
Maharashtra,Mumbai,13-10-2015,251,240.3,364.04,100.88,87.4,130.11
Maharashtra,Mumbai,16-10-2015,131,178.75,44,78.26,0.27,132.82
Maharashtra,Mumbai,19-10-2015,214,270.48,180.96,56.94,49.02,129.93
Maharashtra,Mumbai,20-10-2015,84,10,19.23,78.69,15.16,137.56
Maharashtra,Mumbai,07-11-2015,235,7.11,360.62,189.54,39.99,74.83
Maharashtra,Mumbai,26-11-2015,391,149.66,244.34,83.45,16.85,146
Maharashtra,Mumbai,30-11-2015,277,91.68,296.45,177.96,49.06,120.05
Maharashtra,Mumbai,29-12-2015,293,128.5,163.25,155.03,42.08,37.54
Maharashtra,Mumbai,01-01-2016,162,8.17,308.64,116.37,75.15,73.89
Maharashtra,Mumbai,15-01-2016,216,6.03,27.96,61.99,82.15,194.9
Maharashtra,Mumbai,28-01-2016,200,51.93,236.83,122.63,80.16,135.91
Maharashtra,Mumbai,10-02-2016,144,108.16,298.77,44.76,10.08,113.12
Maharashtra,Mumbai,11-02-2016,335,277.7,337.15,77.54,91.5,194.63
Maharashtra,Mumbai,28-02-2016,70,216.1,175.68,105.08,10.3,168.15
Maharashtra,Mumbai,04-03-2016,255,65.37,377.54,80.48,5.76,93.28
Maharashtra,Mumbai,06-03-2016,326,203.53,92.02,117.94,62.04,96.41
Maharashtra,Mumbai,15-03-2016,197.5,163.28,248.04,107.21,64.945,67.44
Maharashtra,Mumbai,17-03-2016,302,114.89,181.09,166.63,54.08,115.27
Maharashtra,Mumbai,18-03-2016,477,216.85,253.71,196.67,88.08,131.43
Maharashtra,Mumbai,23-03-2016,270,92.34,83.72,123.47,39.16,187.94
Maharashtra,Mumbai,04-04-2016,169,39.61,391.31,94.17,37.32,46.74
Maharashtra,Mumbai,09-04-2016,241,74.31,264.06,63.24,26.15,84.49
Maharashtra,Mumbai,21-04-2016,38,82.09,77.08,95.95,92.44,9.88
Maharashtra,Mumbai,22-04-2016,221,181.17,176.23,24.76,8.51,141.62
Maharashtra,Mumbai,23-04-2016,73,168.25,147.42,62.18,66.75,165.93
Maharashtra,Mumbai,09-05-2016,151,46.88,392.36,107.86,53.28,73.18
Maharashtra,Mumbai,12-05-2016,217,56.09,49.44,78.2,85.71,183.28
Maharashtra,Mumbai,14-05-2016,99,277.25,143.74,107.4,80.51,193.99
Maharashtra,Mumbai,16-05-2016,141,7.36,262.76,159.84,17.89,147.96
Maharashtra,Mumbai,26-05-2016,470,164.26,285.75,45.01,17.78,143.49
Maharashtra,Mumbai,31-05-2016,410,296.56,249.14,191.53,15.4,58.29
Maharashtra,Mumbai,02-06-2016,16,53.5,101.3,41.18,36.79,63.68
Maharashtra,Mumbai,06-06-2016,271.5,135.485,196.01,129.515,36.145,102.955
Maharashtra,Mumbai,07-06-2016,38,233.52,12.06,133.32,47.38,114.83
Maharashtra,Mumbai,21-06-2016,249,287.52,302.28,167.28,13.84,98.37
Maharashtra,Mumbai,26-06-2016,201,260.34,45.3,17.51,60.35,116.37
Maharashtra,Mumbai,30-06-2016,252.67,292.33,36.8,141.8,18.25,129.22
Maharashtra,Mumbai,17-07-2016,388,74.13,143.46,159,4.96,176.9
Maharashtra,Mumbai,18-07-2016,371,127.41,122.78,85.66,29.36,192.41
Maharashtra,Mumbai,21-07-2016,440,167.16,14.92,126.38,29.02,75.46
Maharashtra,Mumbai,04-09-2016,329,283.84,287.88,132.09,89.89,199.48
Maharashtra,Mumbai,08-09-2016,322,153.19,325.62,37.73,22.8,153.75
Maharashtra,Mumbai,13-09-2016,373,78.05,262.37,50.92,29.11,111.35
Maharashtra,Mumbai,29-09-2016,332,9.14,284.09,102.48,36.54,166.06
Maharashtra,Mumbai,11-10-2016,25,284.17,155.28,23.45,17.56,37.34
Maharashtra,Mumbai,21-10-2016,345,159.47,254.13,118.52,64.42,54.72
Maharashtra,Mumbai,28-10-2016,137,117.51,62.5,184.68,45.97,154.41
Maharashtra,Mumbai,31-10-2016,112,265.81,164.02,113.03,30.6,65.42
Maharashtra,Mumbai,04-11-2016,333,176.52,384.71,109.34,9.01,139.24
Maharashtra,Mumbai,06-11-2016,378,0.29,123.21,36.06,96.97,16.6
Maharashtra,Mumbai,09-11-2016,407,107.03,68.59,133.12,28.3,130.31
Maharashtra,Mumbai,19-11-2016,37,102.24,190.24,108.12,35.01,71.49
Maharashtra,Mumbai,25-11-2016,364,224.56,297.6,7.61,45.54,149.11
Maharashtra,Mumbai,21-12-2016,166,194.74,293.48,24.3,21.4,156.82
Maharashtra,Mumbai,22-12-2016,409,226.41,320.13,191.36,68.24,79.4
Maharashtra,Mumbai,09-01-2017,380,268.38,338.31,94.69,80.82,167.53
Maharashtra,Mumbai,20-01-2017,441,161.93,25.45,12.04,25.61,196.85
Maharashtra,Mumbai,28-01-2017,129,205.41,362.3,46.23,35.04,82.27
Maharashtra,Mumbai,01-02-2017,225,234.68,376.05,173.81,10.61,27.93
Maharashtra,Mumbai,02-02-2017,288,162.56,260.26,139.62,78.5,163.36
Maharashtra,Mumbai,24-02-2017,431,18.84,282.48,79.66,69.49,24.99
Maharashtra,Mumbai,21-03-2017,393,47.2,323.77,181.48,58.67,196.26
Maharashtra,Mumbai,08-04-2017,165,15.39,30.68,176.81,23.9,30.02
Maharashtra,Mumbai,18-04-2017,324,36.84,10.89,73.65,81.67,193.99
Maharashtra,Mumbai,06-05-2017,151,236.09,119.34,152.3,0.49,1.18
Maharashtra,Mumbai,28-05-2017,51,251.67,295.72,6.03,22.68,126.44
Maharashtra,Mumbai,01-06-2017,433,45.6,14.15,6.75,73.39,11.32
Maharashtra,Mumbai,14-06-2017,376,74.26,222.87,25.25,57.69,112.35
Maharashtra,Mumbai,16-06-2017,447,168.61,316.43,80.13,75.52,85.51
Maharashtra,Mumbai,21-06-2017,41.5,154.505,65.575,52.795,50.205,96.855
Maharashtra,Mumbai,22-06-2017,368,229.33,295.54,115.66,58.75,100.66
Maharashtra,Mumbai,23-06-2017,453,199.97,177.55,161.31,16.31,121.53
Maharashtra,Mumbai,10-07-2017,239,2.15,74.66,178.93,60.17,84.07
Maharashtra,Mumbai,01-08-2017,362,189.74,167.7,112.19,86.47,84.27
Maharashtra,Mumbai,23-08-2017,357,119.85,304.98,41.51,48.07,188.69
Maharashtra,Mumbai,01-09-2017,129,109.13,124.93,46.095,77.775,104.745
Maharashtra,Mumbai,15-09-2017,456,225.83,55.51,173.73,22.23,139.55
Maharashtra,Mumbai,19-09-2017,337,78.21,164.39,39.02,17.33,33.34
Maharashtra,Mumbai,27-09-2017,174,264.17,206.6833333,157.9833333,54.93333333,88.98666667
Maharashtra,Mumbai,08-10-2017,481,229.09,243.68,11.94,79.34,176.37
Maharashtra,Mumbai,09-10-2017,421,213.33,38.91,191.57,46.35,116.16
Maharashtra,Mumbai,15-10-2017,47,8.21,279.37,51.71,47.26,188.62
Maharashtra,Mumbai,16-10-2017,237,43.1,8.18,65.28,85.15,46.55
Maharashtra,Mumbai,19-10-2017,425,3.44,320.63,93.34,76.56,37.53
Maharashtra,Mumbai,21-10-2017,411,86.15,393.39,6.83,72.96,6.77
Maharashtra,Mumbai,02-11-2017,118,137.7,326.26,21.18,35.4,165.64
Maharashtra,Mumbai,08-11-2017,212,135.01,263.68,29.79,46.01,113.99
Maharashtra,Mumbai,17-11-2017,498,173.44,44.54,115.05,57.03,59.36
Maharashtra,Mumbai,22-11-2017,69,122.95,107.36,152.04,69.41,127.11
Maharashtra,Mumbai,23-11-2017,48,134.82,174.71,39.5,29.61,24.07
Maharashtra,Mumbai,10-12-2017,498,26.74,366.08,121.82,72.56,57.91
Maharashtra,Mumbai,16-12-2017,411,95.58,234.6,80.54,33.31,78.71
Maharashtra,Mumbai,02-01-2018,310,129.31,353.79,199.75,50.23,198.19
Maharashtra,Mumbai,06-01-2018,62,142.57,20.26,196.75,94.94,52.54
Maharashtra,Mumbai,11-01-2018,8,142.98,270.98,160.01,78.92,153.96
Maharashtra,Mumbai,12-01-2018,221,78.18,396.16,75.69,90.3,45.45
Maharashtra,Mumbai,16-01-2018,218,211.31,372.02,7.35,12.01,142.18
Maharashtra,Mumbai,11-02-2018,292,169.34,162.24,90.23,88.02,69.86
Maharashtra,Mumbai,16-02-2018,40,110.77,255.79,135.61,44.53,187.52
Maharashtra,Mumbai,17-02-2018,138,216.36,184.99,152.75,31.89,6.85
Maharashtra,Mumbai,04-03-2018,132,254.97,345.8,172.47,19.4,173.42
Maharashtra,Mumbai,15-03-2018,463,108.49,340.08,70.79,19.47,4.33
Maharashtra,Mumbai,16-03-2018,418,2.77,217.61,34.96,15.64,18
Maharashtra,Mumbai,21-03-2018,8,136.05,324.3,181.26,78.15,117.56
Maharashtra,Mumbai,29-03-2018,348,3.44,81.28,37.59,17.84,29.11
Maharashtra,Mumbai,13-04-2018,450,157.87,217.95,140.61,0.58,79.36
Maharashtra,Mumbai,16-04-2018,181,60.08,333.7,87.55,59.67,1.88
Maharashtra,Mumbai,15-05-2018,7,14.27,219.43,106.32,26.01,116.02
Maharashtra,Mumbai,24-05-2018,21,188.79,336.47,129.6,69.86,108.66
Maharashtra,Mumbai,07-06-2018,282,44.69,359.22,195.55,11.05,162.12
Maharashtra,Mumbai,22-06-2018,341,67.16,197.36,153.06,84.9,190.8
Maharashtra,Mumbai,30-06-2018,496,273.27,104.35,77.78,27.04,4.11
Maharashtra,Mumbai,05-07-2018,227,268.73,328.51,104.12,3.16,66.91
Maharashtra,Mumbai,09-07-2018,209,201.76,258.51,51.16,92.07,137.83
Maharashtra,Mumbai,17-07-2018,189,39.26,243.93,82.41,32.89,54.33
Maharashtra,Mumbai,22-07-2018,260,115.08,169.87,62.13,78.54,81.93
Maharashtra,Mumbai,26-07-2018,259,31.52,126.84,154.42,17.42,72.42
Maharashtra,Mumbai,12-08-2018,313.5,164.995,228.705,152.405,26.75,85.125
Maharashtra,Mumbai,19-08-2018,445,278.53,342.5,31.22,98.07,18.95
Maharashtra,Mumbai,06-09-2018,322,138.04,20.6,72.81,27.95,59.88
Maharashtra,Mumbai,30-09-2018,311,3.03,371.01,153.18,65.66,94.54
Maharashtra,Mumbai,08-10-2018,165,248.88,345.2,124.51,51.33,94.09
Maharashtra,Mumbai,16-10-2018,360,189.98,356.03,94.87,70.78,24.34
Maharashtra,Mumbai,18-10-2018,92,89.49,262.98,108.77,26.46,120.48
Maharashtra,Mumbai,22-10-2018,425,10.79,223.36,69.65,97.57,66.17
Maharashtra,Mumbai,20-11-2018,15,10.97,104.59,170.57,74.66,21.94
Maharashtra,Mumbai,24-11-2018,202,134.13,45.23,191.66,56.23,178.33
Maharashtra,Mumbai,26-11-2018,258,261.33,23.83,190.12,75.66,104.7
Maharashtra,Mumbai,07-01-2019,30,259.53,259.63,193.46,25.87,106.79
Maharashtra,Mumbai,23-01-2019,20,283.03,106.21,23.75,43.86,125.09
Maharashtra,Mumbai,24-01-2019,17,198.6,305,159.41,72.2,33.84
Maharashtra,Mumbai,26-01-2019,359,6.65,340.37,113.57,78.17,159.67
Maharashtra,Mumbai,27-01-2019,56,97.61,215.14,165.56,14.29,156.53
Maharashtra,Mumbai,28-01-2019,292,134.48,250.47,139.86,10.91,173.08
Maharashtra,Mumbai,30-01-2019,185,171.68,356.1,35.15,55.9,22.98
Maharashtra,Mumbai,14-02-2019,462,20.67,348.04,23.69,10.65,29.15
Maharashtra,Mumbai,26-02-2019,257,33.63,243.57,151.2,20.72,103.13
Maharashtra,Mumbai,28-02-2019,289,198.99,300.44,153.5,24.9,110.33
Maharashtra,Mumbai,04-03-2019,499,115.69,98.34,122.55,8.73,181.86
Maharashtra,Mumbai,08-03-2019,141,0.59,374.87,33.2,0.3,53.47
Maharashtra,Mumbai,24-03-2019,403,264.46,325.73,141.2,28.19,120.82
Maharashtra,Mumbai,28-03-2019,328,253.41,174.88,173.54,18.74,27.69
Maharashtra,Mumbai,06-04-2019,267,164.39,49.84,55.61,99.82,89.39
Maharashtra,Mumbai,10-04-2019,123,292.19,45.43,90.54,80.46,161.74
Maharashtra,Mumbai,22-04-2019,323,105.75,274.53,24.9,65.15,138.34
Maharashtra,Mumbai,27-04-2019,41,84.545,199.44,79.95,33.73,155.455
Maharashtra,Mumbai,02-05-2019,389,123.26,67.44,107.5,61.77,134.1
Maharashtra,Mumbai,04-05-2019,479,197.36,53.66,17.11,96.37,126.07
Maharashtra,Mumbai,08-05-2019,92,230.02,329.92,157.97,80.95,127.53
Maharashtra,Mumbai,10-05-2019,485,82.71,56.55,24.18,40.29,24.47
Maharashtra,Mumbai,01-06-2019,452,32.53,204.74,142.29,21.17,157.7
Maharashtra,Mumbai,03-06-2019,307,91.26,62.07,126.26,16.63,169.81
Maharashtra,Mumbai,05-06-2019,399,252.51,136.08,155.04,39.37,122.09
Maharashtra,Mumbai,04-07-2019,312,86.01,213.84,53.92,24.73,112.42
Maharashtra,Mumbai,20-07-2019,342,47.43,58.87,187.82,30.75,9.02
Maharashtra,Mumbai,02-08-2019,303,277.15,70.66,140.78,5.64,63.19
Maharashtra,Mumbai,05-08-2019,112,272.12,169.27,125.2,66.22,61.81
Maharashtra,Mumbai,14-08-2019,251,23.58,57.47,3.26,74.25,19.82
Maharashtra,Mumbai,15-08-2019,118,47.46,95.47,149.18,31.37,142.09
Maharashtra,Mumbai,11-09-2019,351,247.35,355.36,135.41,0.35,39.2
Maharashtra,Mumbai,16-09-2019,320,97.43,261.81,182.77,77.83,190.98
Maharashtra,Mumbai,19-09-2019,474,131.33,361.31,17.34,88.98,156.74
Maharashtra,Mumbai,01-10-2019,99,124.32,347.28,139.97,39.35,17.02
Maharashtra,Mumbai,03-10-2019,310,167.81,9.09,126.17,30.74,24.37
Maharashtra,Mumbai,05-10-2019,405,254.18,152.91,74.23,46.53,146.27
Maharashtra,Mumbai,09-10-2019,273,120.57,188.88,42.86,98.47,94.85
Maharashtra,Mumbai,10-10-2019,218,282.09,299.59,95.52,14.85,195.58
Maharashtra,Mumbai,11-10-2019,147,238.22,8.19,69.95,90.33,116.96
Maharashtra,Mumbai,21-10-2019,135,121.41,213.85,127.43,59.69,115.41
Maharashtra,Mumbai,13-11-2019,386,92.09,276.07,85.15,31.19,12.79
Maharashtra,Mumbai,29-11-2019,11,253.83,36.18,36.55,41.74,108.96
Maharashtra,Mumbai,13-12-2019,250,21.85,284.54,11.41,61.58,61.25
Maharashtra,Mumbai,19-12-2019,259.5,9.555,260.43,135.96,48.08,126.37
Maharashtra,Mumbai,25-12-2019,319,163.22,0.58,115.65,47.12,18.01
Maharashtra,Mumbai,08-01-2020,190,241.96,362.01,117.81,2.33,8.93
Maharashtra,Mumbai,19-01-2020,203,214.36,373.03,118.08,59.66,162.82
Maharashtra,Mumbai,22-01-2020,393,229.52,288.18,107.37,44.09,84.67
Maharashtra,Mumbai,23-01-2020,242.5,80.99,323.975,102.08,82.91,23.285
Maharashtra,Mumbai,31-01-2020,99,270.75,33.03,53.48,6.01,70.01
Maharashtra,Mumbai,11-02-2020,327,62.66,168.62,21.06,23.68,85.44
Maharashtra,Mumbai,15-02-2020,150,84.48,30.16,128.08,43.94,174.69
Maharashtra,Mumbai,09-03-2020,393,252.11,384.72,78.35,7.4,122.58
Maharashtra,Mumbai,12-03-2020,199,202.22,12.1,80.35,34.82,157.15
Maharashtra,Mumbai,25-03-2020,39,111.76,110.52,177.77,93.9,38.22
Maharashtra,Mumbai,27-03-2020,337,175.56,305.45,37.42,94.05,60.17
Maharashtra,Mumbai,31-03-2020,26,189.41,75.69,84.05,19.04,114.13
Maharashtra,Mumbai,05-04-2020,454,107.3,373.87,171.12,15.64,77.26
Maharashtra,Mumbai,13-04-2020,191,89.18,211.09,74.49,86.5,198.03
Maharashtra,Mumbai,28-04-2020,322,122.58,290.36,142.44,90.42,42.77
Maharashtra,Mumbai,02-05-2020,408,298.86,213.72,184.71,31.17,101.45
Maharashtra,Mumbai,21-05-2020,208,185.11,156.01,96.33,61.26,86.3
Maharashtra,Mumbai,26-05-2020,451,133.02,39.76,102.93,25.35,10.55
Maharashtra,Mumbai,29-05-2020,345,295.61,398.22,96.46,6.06,194.63
Maharashtra,Mumbai,20-06-2020,110,192.58,288.12,16.71,25.35,83.09
Maharashtra,Mumbai,16-07-2020,278,292.86,65.69,3.61,90.52,166.18
Maharashtra,Mumbai,21-07-2020,283,194.17,89.85,29.43,39.24,147.56
Maharashtra,Mumbai,31-07-2020,264,158.53,280.58,2.41,50.12,122.73
Maharashtra,Mumbai,08-08-2020,104,276.02,138.61,96.73,81.08,195.52
Maharashtra,Mumbai,11-08-2020,408,264.5,48.25,157.55,77.79,121.49
Maharashtra,Mumbai,13-08-2020,77,294.68,142.39,26.58,52.48,79.95
Maharashtra,Mumbai,20-08-2020,186,181.49,179.67,171.2,72.51,170.33
Maharashtra,Mumbai,28-08-2020,119,226.49,168.39,81.62,9.56,171.84
Maharashtra,Mumbai,09-09-2020,240,172.04,325.51,124.6,32.46,174.37
Maharashtra,Mumbai,13-09-2020,54,11.8,114.92,168.36,84.73,164.09
Maharashtra,Mumbai,14-09-2020,306,297.32,15.55,56.05,37.94,80.17
Maharashtra,Mumbai,28-09-2020,317,212.08,177.07,195.21,69.39,99.14
Maharashtra,Mumbai,04-10-2020,225,259.43,50.87,107.95,93.7,94.43
Maharashtra,Mumbai,20-10-2020,340,96.37,352.64,188.58,88.53,57.66
Maharashtra,Mumbai,11-11-2020,181,38.83,389.67,192.34,41.37,46.86
Maharashtra,Mumbai,14-11-2020,213,69.29,165.43,85.44,90.54,60.88
Maharashtra,Mumbai,19-11-2020,369,34.27,81.86,22.23,65.7,59.35
Maharashtra,Mumbai,21-11-2020,239,231.99,9.87,130.5,23.52,30.9
Maharashtra,Mumbai,22-11-2020,435,232.44,29.47,163.93,52.43,56.15
Maharashtra,Mumbai,06-12-2020,347,213.17,37.99,66.28,26.89,9.85
Maharashtra,Mumbai,18-12-2020,172,83.25,19.61,175.66,16.38,4.37
Maharashtra,Mumbai,19-12-2020,66,39.84,206.46,170.5,29.83,198.25
Maharashtra,Mumbai,24-12-2020,145,249.29,107.23,37.56,82.22,95.41
Maharashtra,Mumbai,22-01-2021,388,218.72,4.37,30.16,80.52,145.41
Maharashtra,Mumbai,09-02-2021,485,250.88,166.3,145.15,44.08,102.64
Maharashtra,Mumbai,15-02-2021,350,297.9,177.69,168.16,91.05,112.36
Maharashtra,Mumbai,18-02-2021,62,233.79,363.98,155.93,6.9,126.74
Maharashtra,Mumbai,20-03-2021,163,35.69,367.63,65.15,93.26,31.21
Maharashtra,Mumbai,05-04-2021,36,273.02,202.16,170.56,34.74,60.3
Maharashtra,Mumbai,09-04-2021,411,6.52,306.72,191.06,59.18,196.24
Maharashtra,Mumbai,02-05-2021,3,214.58,28.65,134.27,73.35,181.49
Maharashtra,Mumbai,05-05-2021,104,211.83,72.18,143.3,41.55,123.74
Maharashtra,Mumbai,01-07-2021,266,109.78,303.02,60.07,92.41,70.74
Maharashtra,Mumbai,05-07-2021,236,119.44,267.47,97.04,85.1,19.38
Maharashtra,Mumbai,29-07-2021,187,176.45,35.54,78.12,68.52,59.87
Maharashtra,Mumbai,13-08-2021,283,252.64,54.66,8,37.58,77.93
Maharashtra,Mumbai,20-08-2021,328,54.65,238.63,18.08,90.05,164.27
Maharashtra,Mumbai,22-08-2021,31,51.01,111.68,65.63,97.26,167.99
Maharashtra,Mumbai,25-08-2021,15,284.17,239.97,6.02,84.37,97.62
Maharashtra,Mumbai,24-09-2021,216,196.05,277.15,177.81,34.1,118.62
Maharashtra,Mumbai,11-10-2021,197,172.17,201.46,166.65,49.12,23.54
Maharashtra,Mumbai,15-10-2021,54,80.12,192.03,18.28,89.57,196.01
Maharashtra,Mumbai,26-10-2021,102,31.31,286.1,99.65,13.15,0.54
Maharashtra,Mumbai,28-10-2021,343,226.84,54.76,160.57,20.64,29.12
Maharashtra,Mumbai,30-10-2021,408,115.71,14.01,39.81,11.63,111.28
Maharashtra,Mumbai,03-11-2021,486,181.58,383.24,22.34,64.32,64.11
Maharashtra,Mumbai,04-11-2021,433,54,134.38,101.46,54.02,110.42
Maharashtra,Mumbai,09-11-2021,448,206.85,57.84,52.87,97.52,65.1
Maharashtra,Mumbai,13-11-2021,247,0.13,299.9,156.86,2.64,24.92
Maharashtra,Mumbai,15-11-2021,477,224.16,362.28,105.46,14.3,61.21
Maharashtra,Mumbai,28-11-2021,114,212.29,203.33,178.81,59.78,102.17
Maharashtra,Mumbai,10-12-2021,449,80.24,206.84,149.69,73.13,181.21
Maharashtra,Mumbai,15-12-2021,251,34.25,49.06,104.43,50.65,20.85
Maharashtra,Mumbai,30-12-2021,348,103.96,269.7,93.1,16.11,33.72
Maharashtra,Mumbai,02-01-2022,290,55.03,242.75,65.53,96.12,19.73
Maharashtra,Mumbai,07-01-2022,409,289.64,224.22,70.04,98.6,130.88
Maharashtra,Mumbai,06-02-2022,46,210.9,71.65,151.03,48.27,135.84
Maharashtra,Mumbai,23-02-2022,41,49.84,124.98,0.04,54.06,148.07
Maharashtra,Mumbai,25-02-2022,240,50.71,45.27,56.16,43.33,118.06
Maharashtra,Mumbai,20-03-2022,226,174.21,66.72,128,99.43,156.59
Maharashtra,Mumbai,17-04-2022,133,229.86,105.38,183.03,5.5,194.63
Maharashtra,Mumbai,22-04-2022,185,53.24,204.44,82.66,68.74,149
Maharashtra,Mumbai,11-05-2022,355,109.73,126.2,22.64,37.77,116.96
Maharashtra,Mumbai,15-05-2022,138,132.29,112.99,183.34,7.01,151.29
Maharashtra,Mumbai,03-06-2022,486,126.98,350.73,6.62,57.52,60.73
Maharashtra,Mumbai,06-06-2022,211,273.7,63.21,28.49,48.28,136.92
Maharashtra,Mumbai,19-06-2022,223,245.54,102.16,26.06,77.57,42.02
Maharashtra,Mumbai,22-06-2022,21,296.62,17.54,8.39,75.27,108.21
Maharashtra,Mumbai,26-06-2022,238,7.97,269.87,2.01,94.7,87.79
Maharashtra,Mumbai,04-07-2022,378,207.94,277.59,91.92,30.7,94.68
Maharashtra,Mumbai,05-07-2022,143,45.64,244.05,82.52,72.92,48.59
Maharashtra,Mumbai,08-07-2022,161,250.62,161.53,116.73,61.7,69.48
Maharashtra,Mumbai,09-07-2022,420,261.82,283.29,97.78,11.07,55.85
Maharashtra,Mumbai,12-07-2022,366,92.64,178.51,165.92,81.17,190.55
Maharashtra,Mumbai,08-08-2022,428,215.23,367.24,76.4,67.38,42.48
Maharashtra,Mumbai,25-08-2022,462,87.1,69.22,116.49,47.5,178.84
Maharashtra,Mumbai,05-09-2022,93.5,165.305,197.635,84.475,69.485,51.12
Maharashtra,Mumbai,07-09-2022,315,103.52,217.335,123.055,73.975,134.985
Maharashtra,Mumbai,16-09-2022,304,124.6,70.99,2.17,2.71,31.89
Maharashtra,Mumbai,20-09-2022,325,146.38,163.76,100.1,24.85,20.12
Maharashtra,Mumbai,26-09-2022,189,136.34,234.02,6.33,7.54,6.87
Maharashtra,Mumbai,01-10-2022,304,208.77,105.42,50,17.22,126.28
Maharashtra,Mumbai,04-10-2022,282,164.91,54.25,52.18,32.59,79.11
Maharashtra,Mumbai,21-10-2022,104,296.66,153.66,22.08,19.28,5.77
Maharashtra,Mumbai,24-10-2022,232,101.84,343.5,16.33,37.97,174.54
Maharashtra,Mumbai,02-11-2022,435,7.96,386.61,105.12,29.47,18.78
Maharashtra,Mumbai,17-11-2022,378,233.98,392.79,128.8,62.31,139.93
Maharashtra,Mumbai,18-11-2022,435,29.93,57.33,122.94,98.52,121.38
Maharashtra,Mumbai,30-11-2022,5,28.31,23.08,114.92,48.87,85.76
Maharashtra,Mumbai,05-12-2022,37,166.33,65.38,82.2,35.12,25.22
Maharashtra,Mumbai,06-12-2022,478,261.98,241.83,102.55,85.24,113.52
Maharashtra,Mumbai,09-12-2022,95,169.13,81.7,124.83,22.86,62.41
Maharashtra,Mumbai,18-12-2022,13,257.98,399.85,142.74,53.19,194.27
Maharashtra,Mumbai,26-12-2022,159,92.01,150.27,123.08,33.59,114.33
Maharashtra,Mumbai,29-12-2022,116,198.03,385.96,162.63,59.66,150.52
Maharashtra,Nagpur,07-01-2015,142,65.04,14.93,71.29,10.19,115.69
Maharashtra,Nagpur,23-01-2015,229,282.9,148.8,198.49,56.72,10.93
Maharashtra,Nagpur,25-01-2015,283,125.99,270.61,139.51,70.89,185.51
Maharashtra,Nagpur,28-01-2015,419,176.57,226.65,44.2,33.11,145.81
Maharashtra,Nagpur,05-02-2015,447,124.45,334.1,9.99,43.62,8.34
Maharashtra,Nagpur,07-02-2015,32,287.85,395.44,160.38,45.84,43.14
Maharashtra,Nagpur,14-02-2015,175,82.46,316.56,192.59,41.95,59.86
Maharashtra,Nagpur,27-02-2015,120,201.11,171.02,18.24,3.52,109.32
Maharashtra,Nagpur,02-03-2015,36,183.23,301.32,166.79,57.82,163.15
Maharashtra,Nagpur,25-03-2015,135,78.06,345.36,169.63,82.98,133.16
Maharashtra,Nagpur,02-04-2015,210,169.89,233.47,119.32,13.08,73.8
Maharashtra,Nagpur,03-04-2015,469,242.45,0.6,187.26,86.33,96.47
Maharashtra,Nagpur,15-04-2015,77,224.22,330.31,107.44,61.84,161.6
Maharashtra,Nagpur,28-04-2015,147,5.93,103.21,22.22,18.11,142.47
Maharashtra,Nagpur,26-05-2015,176,221.27,0.27,4.38,81.17,10.45
Maharashtra,Nagpur,02-06-2015,82,209.69,276.4,122.39,69.58,35.52
Maharashtra,Nagpur,15-06-2015,247,68.06,103.47,30.77,43.02,68.78
Maharashtra,Nagpur,16-06-2015,123,208.95,255.54,157.55,24.54,168.33
Maharashtra,Nagpur,25-06-2015,370,252.72,211.78,49.24,99.84,133.36
Maharashtra,Nagpur,12-07-2015,236,173.32,3.53,51.03,1.6,88.94
Maharashtra,Nagpur,14-07-2015,11,9.49,191.18,108.66,19.33,171.55
Maharashtra,Nagpur,19-07-2015,174,154.8,170.03,173.84,94.55,57.88
Maharashtra,Nagpur,21-07-2015,100,95.52,328.32,135.32,15.78,108.37
Maharashtra,Nagpur,23-08-2015,466,94.09,351.08,90.45,66.88,167.79
Maharashtra,Nagpur,08-09-2015,39,200.83,338.65,128.47,73.01,68.94
Maharashtra,Nagpur,15-09-2015,166,242.25,318.39,2.49,12.82,184.46
Maharashtra,Nagpur,26-09-2015,299.5,119.22,189.035,74.255,62.04,149.645
Maharashtra,Nagpur,18-10-2015,92,30.2,190.48,22.97,13.45,16.82
Maharashtra,Nagpur,22-10-2015,219,23.19,152.665,115.84,58.335,85.365
Maharashtra,Nagpur,01-11-2015,460,245.12,333,195.11,29.37,175.71
Maharashtra,Nagpur,07-11-2015,174,137.86,79.81,93.24,27.92,85.17
Maharashtra,Nagpur,10-11-2015,445,17.03,318.66,28.83,78.98,1.81
Maharashtra,Nagpur,23-11-2015,443,124.63,395.82,186.08,62.61,80.75
Maharashtra,Nagpur,26-11-2015,123,220.81,51.42,44.95,35.33,183.81
Maharashtra,Nagpur,05-12-2015,171,172.87,105.28,176.37,61.76,49.78
Maharashtra,Nagpur,15-12-2015,403,239.17,230.79,120.29,0.37,180.96
Maharashtra,Nagpur,25-12-2015,320,138.86,174.73,182.99,30.35,37.29
Maharashtra,Nagpur,10-01-2016,462,285.8,368.7,98.21,95.52,19.16
Maharashtra,Nagpur,17-01-2016,347,189.67,157.7,182.35,85.3,146.71
Maharashtra,Nagpur,24-01-2016,182,56.94,32.46,141.97,34.33,145.16
Maharashtra,Nagpur,29-01-2016,474,40.07,265.37,182.75,52.48,158.24
Maharashtra,Nagpur,05-02-2016,143,189.28,324.35,97.87,81.47,88.64
Maharashtra,Nagpur,09-02-2016,120,71.84,170.86,128.4,79.24,65.4
Maharashtra,Nagpur,20-02-2016,439,60.27,300.6,61.75,79.61,59.87
Maharashtra,Nagpur,21-02-2016,473,16.77,46.76,90.67,14.12,12.92
Maharashtra,Nagpur,06-03-2016,89,272.61,217.51,189.48,51.54,196.07
Maharashtra,Nagpur,01-04-2016,391,104.35,170.72,105.35,34.94,143.32
Maharashtra,Nagpur,23-04-2016,102,287.08,16.55,2.03,26.5,64.32
Maharashtra,Nagpur,28-04-2016,402,225.33,308.82,174.47,79.04,139.06
Maharashtra,Nagpur,11-05-2016,237,223.92,336.26,42.11,11.47,53.21
Maharashtra,Nagpur,14-05-2016,26,192.78,326.32,90.51,61.32,90.23
Maharashtra,Nagpur,27-05-2016,313,204.96,59.135,108.005,58.775,159.61
Maharashtra,Nagpur,11-06-2016,494,48.74,271.39,32.76,6.57,156.2
Maharashtra,Nagpur,17-06-2016,234,53.52,75.92,30.76,9.13,15.8
Maharashtra,Nagpur,26-06-2016,112,252.02,124.82,174.49,4.14,174.73
Maharashtra,Nagpur,07-07-2016,335,243.75,194.82,181.61,51.6,71.25
Maharashtra,Nagpur,11-07-2016,294,5.11,88.4,69.09,60.31,179.83
Maharashtra,Nagpur,14-07-2016,313,107.45,313.24,194,50.35,94.24
Maharashtra,Nagpur,19-07-2016,481,77.95,296.55,196.73,15.22,27.49
Maharashtra,Nagpur,20-07-2016,497,167.33,386.48,144.26,71.59,76.35
Maharashtra,Nagpur,05-08-2016,428,217.03,185.68,172.84,47.02,3.22
Maharashtra,Nagpur,14-08-2016,259,40.49,117.3,96.86,58,156.1
Maharashtra,Nagpur,25-08-2016,417,27.17,26.2,135.06,7.83,45.66
Maharashtra,Nagpur,02-09-2016,355,242.43,222.54,176.29,62.13,106.87
Maharashtra,Nagpur,05-09-2016,194,160.83,60.68,144.03,56.37,90.99
Maharashtra,Nagpur,27-09-2016,5,240.22,122.64,128.73,93.41,68.39
Maharashtra,Nagpur,13-10-2016,297.5,116.15,104.955,98.045,34.26,143.26
Maharashtra,Nagpur,22-10-2016,399,107.81,90.96,16.58,19.33,188.22
Maharashtra,Nagpur,01-11-2016,417,254.09,352.78,26.61,18.09,76.97
Maharashtra,Nagpur,09-11-2016,245,7.59,126.76,60.97,92.87,111.81
Maharashtra,Nagpur,20-11-2016,457,156.92,50.09,156.64,23.51,33.02
Maharashtra,Nagpur,22-11-2016,122,229.47,16.66,10.51,81.23,183.63
Maharashtra,Nagpur,11-12-2016,88,70.55,310.17,149.54,12.99,167.43
Maharashtra,Nagpur,14-12-2016,350,237.41,280.7,195.11,17.74,107.8
Maharashtra,Nagpur,28-12-2016,42,107.33,357.47,174.07,14.85,66.24
Maharashtra,Nagpur,22-01-2017,194,216.41,74.46,168.25,29.65,180.06
Maharashtra,Nagpur,06-02-2017,244,293.01,34.42,33.91,60.41,183.26
Maharashtra,Nagpur,09-02-2017,489,246.88,150.67,36.67,15.62,39.15
Maharashtra,Nagpur,13-02-2017,233,39.83,281.97,155.7,38.25,168.83
Maharashtra,Nagpur,14-02-2017,64,149.83,148.13,125.69,7.57,52.53
Maharashtra,Nagpur,19-02-2017,478,190.24,130.07,102.04,77.75,35.81
Maharashtra,Nagpur,24-02-2017,232,259.19,61.24,52.69,56.04,107.5
Maharashtra,Nagpur,28-02-2017,411,15.35,218.89,0.97,81.45,125.56
Maharashtra,Nagpur,21-03-2017,51,68.34,125.22,56.56,33.6,187.15
Maharashtra,Nagpur,23-03-2017,266,20.6,121.45,122.7,96.39,149.69
Maharashtra,Nagpur,02-04-2017,278,11.94,246.5,150.55,23.29,185.75
Maharashtra,Nagpur,03-04-2017,238,275.42,376.79,140.52,69.71,103.79
Maharashtra,Nagpur,05-04-2017,322,171.26,144.19,17.25,29.29,8.2
Maharashtra,Nagpur,14-04-2017,464,61.31,190.97,71.87,95.17,81.3
Maharashtra,Nagpur,25-04-2017,356,50.37,162.51,4.91,18.72,23.55
Maharashtra,Nagpur,12-05-2017,8,102.27,81.27,158.52,96.27,27.58
Maharashtra,Nagpur,18-05-2017,114,248.35,319.45,189.24,23.76,146.9
Maharashtra,Nagpur,22-05-2017,388,10.99,301.43,100.58,67.03,175.47
Maharashtra,Nagpur,26-05-2017,293,83.26,159.32,172.98,23.15,160.25
Maharashtra,Nagpur,03-06-2017,339,19.44,392.95,184.35,65.77,31.66
Maharashtra,Nagpur,30-06-2017,451,11.52,361.67,66.8,9.96,197.4
Maharashtra,Nagpur,10-07-2017,105,163.26,131.26,3.27,63.56,33.34
Maharashtra,Nagpur,18-07-2017,304,101.415,90.56,160.79,56.27,128.185
Maharashtra,Nagpur,20-07-2017,143,254.41,80.86,56.88,42.41,157.72
Maharashtra,Nagpur,08-08-2017,476,245.76,159.81,99,43.46,174.54
Maharashtra,Nagpur,13-08-2017,21,229.23,174.54,107.93,9.93,119.84
Maharashtra,Nagpur,17-08-2017,183,146.79,306.85,72.46,50.51,136.68
Maharashtra,Nagpur,04-09-2017,277,20.86,54.66,22.22,20.07,22.13
Maharashtra,Nagpur,07-09-2017,33,120.72,34.38,142.23,8.77,1.9
Maharashtra,Nagpur,10-09-2017,30,211.99,103.89,97.34,29.16,197.94
Maharashtra,Nagpur,09-10-2017,195,141.3,91.14,65.06,3.18,50.42
Maharashtra,Nagpur,13-10-2017,154,1.52,311.8,22,31.9,132.46
Maharashtra,Nagpur,31-10-2017,255.5,119.24,246.105,146.255,57.705,112.735
Maharashtra,Nagpur,03-11-2017,171,160.57,151.88,28.26,30.46,53.1
Maharashtra,Nagpur,10-11-2017,243,19.02,92.05,118.9,12.53,73.99
Maharashtra,Nagpur,14-11-2017,150,292.89,102.35,19.52,47.34,132.54
Maharashtra,Nagpur,23-12-2017,438,5.34,397.7,143.25,93.62,110.56
Maharashtra,Nagpur,05-01-2018,129,35.24,289.34,133.77,89.03,78.45
Maharashtra,Nagpur,05-02-2018,245,295.9,28.46,23.75,34.71,167.28
Maharashtra,Nagpur,09-02-2018,345,1.57,18.61,165.47,38.5,93.3
Maharashtra,Nagpur,26-02-2018,395,52.67,331.38,30.77,17.31,198.27
Maharashtra,Nagpur,01-03-2018,215,130.12,297.74,83.52,28.01,129.45
Maharashtra,Nagpur,28-03-2018,436,195.08,245.1,20.34,66.44,153.89
Maharashtra,Nagpur,02-04-2018,210,274.44,303.8,98.72,79.14,190.31
Maharashtra,Nagpur,04-04-2018,48,268.82,399.88,108.38,28.68,72.21
Maharashtra,Nagpur,07-04-2018,411,159.15,81.96,119.65,39.84,58.32
Maharashtra,Nagpur,13-04-2018,128,5.91,115.08,147.85,39.94,176.34
Maharashtra,Nagpur,20-04-2018,257,135.98,283.49,51.82,24.14,23.38
Maharashtra,Nagpur,26-04-2018,383,296.97,247.22,158.36,36.39,80.14
Maharashtra,Nagpur,03-06-2018,307,175.06,389.56,41.65,29.02,13.05
Maharashtra,Nagpur,09-06-2018,241,279.25,188.09,146.93,69.89,34.34
Maharashtra,Nagpur,14-06-2018,224,56.14,99.24,1.72,25.75,88.07
Maharashtra,Nagpur,05-07-2018,144,71.44,49.73,78.78,48.575,107.295
Maharashtra,Nagpur,08-07-2018,316,281.37,59.85,61.56,71.64,17.16
Maharashtra,Nagpur,15-07-2018,466,73.02,68.35,195.64,92.15,86.31
Maharashtra,Nagpur,18-07-2018,54,141.56,248.65,139.59,97.87,99.46
Maharashtra,Nagpur,02-08-2018,340,270.98,137.36,178.62,93.96,63.76
Maharashtra,Nagpur,25-08-2018,32,25.35,306.11,32.63,15.04,43.04
Maharashtra,Nagpur,02-09-2018,344,97.67,19.05,6.78,0.22,14.3
Maharashtra,Nagpur,08-09-2018,192.5,242.31,289.05,71.75,74.39,148.29
Maharashtra,Nagpur,03-10-2018,431,209.22,328.19,198.13,24.59,101.24
Maharashtra,Nagpur,12-10-2018,212,32.58,324.58,136.31,23.27,56.23
Maharashtra,Nagpur,15-10-2018,342,80.58,277.84,3.03,53.12,25.36
Maharashtra,Nagpur,30-10-2018,142,33.35,97.25,6.29,10.01,37.88
Maharashtra,Nagpur,08-11-2018,33,296.92,317.03,180.2,91.55,145.44
Maharashtra,Nagpur,19-11-2018,490,276.49,397.3,46.66,2.75,83.19
Maharashtra,Nagpur,20-11-2018,442,245.06,203.02,31.91,14.42,121.74
Maharashtra,Nagpur,28-11-2018,259,202.11,145.4,17.55,81.18,21.7
Maharashtra,Nagpur,02-01-2019,280,106.95,286.2,44.55,87.44,163.73
Maharashtra,Nagpur,05-01-2019,85,271.27,306.3,76.08,21.4,173.86
Maharashtra,Nagpur,13-01-2019,419,88.35,201.13,31.98,77.74,22.38
Maharashtra,Nagpur,17-01-2019,104,109.32,398.11,184.81,76.65,135.4
Maharashtra,Nagpur,19-02-2019,237,169.1,279.14,127.95,15.19,143.68
Maharashtra,Nagpur,20-02-2019,59,150.93,171.25,4.79,43.17,156.48
Maharashtra,Nagpur,21-02-2019,258,140.21,350.31,78.28,5.78,30.21
Maharashtra,Nagpur,22-02-2019,71,133.66,64.28,169.19,18.46,51.96
Maharashtra,Nagpur,27-02-2019,170,4.81,145.93,71.2,90.54,156.16
Maharashtra,Nagpur,16-03-2019,484,114.64,379.72,18.56,91.65,99.38
Maharashtra,Nagpur,01-04-2019,79,9.32,115.79,118.73,5.09,149.46
Maharashtra,Nagpur,03-04-2019,269,276.06,287.29,183.21,66.51,22.26
Maharashtra,Nagpur,09-04-2019,196,40.75,368.14,34.15,6.92,12.52
Maharashtra,Nagpur,10-04-2019,414,134.16,251.6,40.1,22,0.52
Maharashtra,Nagpur,24-04-2019,449,50.68,115.27,21.22,50.68,175.68
Maharashtra,Nagpur,08-05-2019,415,2.34,17.13,6.27,4.09,33.75
Maharashtra,Nagpur,25-05-2019,62,103.68,330.73,145.82,10.01,2.51
Maharashtra,Nagpur,08-06-2019,474,128.11,42.15,127.68,76.65,86.61
Maharashtra,Nagpur,15-06-2019,177,114.16,201.34,96.75,97.03,184.44
Maharashtra,Nagpur,26-06-2019,381,156.9,152.58,31.13,62.61,177.06
Maharashtra,Nagpur,08-07-2019,191,110.98,392.63,85.31,62.9,195.11
Maharashtra,Nagpur,09-07-2019,75,135.74,327.71,120.04,41.655,142.325
Maharashtra,Nagpur,19-07-2019,107,45.8,358.82,135.21,72.2,148.33
Maharashtra,Nagpur,04-08-2019,271,56.07,224.1,145.5,95.24,28.35
Maharashtra,Nagpur,06-09-2019,258,75.35,206.71,51.08,25.87,26.67
Maharashtra,Nagpur,08-09-2019,163,67.1,175,81.63,14.41,51.38
Maharashtra,Nagpur,12-09-2019,205,274.04,170.78,49.01,62.68,196.59
Maharashtra,Nagpur,22-09-2019,436,177.23,387.75,173.61,37.14,187.22
Maharashtra,Nagpur,25-09-2019,338,126.54,300.18,10.79,84.35,197.73
Maharashtra,Nagpur,09-10-2019,473,137.86,23.97,86.43,35.82,186.79
Maharashtra,Nagpur,24-10-2019,324,240.99,367.05,168.68,33.7,66.77
Maharashtra,Nagpur,27-10-2019,431,160.325,52.605,81.275,49,173.26
Maharashtra,Nagpur,29-10-2019,273,213.3,202.595,49.725,75.855,52.775
Maharashtra,Nagpur,07-11-2019,281,270.59,295.78,19.66,75.51,157.67
Maharashtra,Nagpur,09-11-2019,323,45.74,238.26,93.1,66.3,84.2
Maharashtra,Nagpur,11-11-2019,405,179.78,338.76,31.86,80.68,163.88
Maharashtra,Nagpur,23-11-2019,429,164.61,260.09,196.68,96.74,105.3
Maharashtra,Nagpur,26-11-2019,401,265.51,272.16,186.78,58.51,46.16
Maharashtra,Nagpur,21-12-2019,353,217.29,104.21,174.87,22.86,49.21
Maharashtra,Nagpur,22-12-2019,310,77.33,245.5,95.12,64.19,81.02
Maharashtra,Nagpur,31-12-2019,369,95.14,133.48,90.81,18.98,33.09
Maharashtra,Nagpur,01-01-2020,381,299.21,386.76,159.16,0.29,28.36
Maharashtra,Nagpur,02-01-2020,479,41.57,65.12,31.32,35.85,17.89
Maharashtra,Nagpur,22-01-2020,42,49.48,177.09,93.34,71.9,162.7
Maharashtra,Nagpur,26-01-2020,138,94.3,138.94,34.72,54.37,176.58
Maharashtra,Nagpur,03-02-2020,322,264.71,180.59,110.7,34.12,113.01
Maharashtra,Nagpur,04-02-2020,247,115.96,241.6,106.97,57.12,17.5
Maharashtra,Nagpur,02-03-2020,186,109.36,315.27,33.05,64.38,198.62
Maharashtra,Nagpur,05-03-2020,37,142.83,74.63,117.82,84.03,113.21
Maharashtra,Nagpur,15-03-2020,145,9.82,251.7,133.25,83.59,123.15
Maharashtra,Nagpur,18-03-2020,293,250.94,390.56,167.59,40.05,182.21
Maharashtra,Nagpur,09-04-2020,315,226.49,222.68,185.85,70.14,105.41
Maharashtra,Nagpur,13-04-2020,19,123.83,298.81,101.1,24.3,105.86
Maharashtra,Nagpur,15-04-2020,262,88.36,324.62,140.91,59.27,169.16
Maharashtra,Nagpur,24-04-2020,178,297.56,355.07,72.78,48.03,42.34
Maharashtra,Nagpur,25-04-2020,432,267.28,99.34,178.24,26.34,153.9
Maharashtra,Nagpur,10-05-2020,330,189.9,184.01,151.12,60.41,105.89
Maharashtra,Nagpur,22-05-2020,61,264.91,136.91,108.45,35.19,127.05
Maharashtra,Nagpur,01-06-2020,219,167.48,248.75,153.05,13.46,172.91
Maharashtra,Nagpur,03-06-2020,110,46.11,189.93,193.35,36.85,97.24
Maharashtra,Nagpur,07-06-2020,268,294.32,64.23,13.92,82.25,60.28
Maharashtra,Nagpur,15-06-2020,121,40.18,193.67,98.23,39.47,117.37
Maharashtra,Nagpur,16-06-2020,122,264.89,60.43,184,3.94,156.76
Maharashtra,Nagpur,25-06-2020,72,99.43,43.94,170.77,21.82,172.62
Maharashtra,Nagpur,03-07-2020,455,237.97,382.7,82.56,49,161.6
Maharashtra,Nagpur,22-07-2020,304,94.33,92.24,108.06,66.44,40.26
Maharashtra,Nagpur,06-08-2020,224,259.49,154.48,114.19,65.77,60.93
Maharashtra,Nagpur,07-08-2020,254,295.17,89.72,109.95,91.56,93.65
Maharashtra,Nagpur,16-08-2020,104,131.95,178.16,125.03,5.7,157.24
Maharashtra,Nagpur,25-08-2020,468,161.1,8.27,166.25,54.45,184.54
Maharashtra,Nagpur,30-08-2020,120,134.14,205.59,136.46,77.5,11.53
Maharashtra,Nagpur,04-09-2020,400.5,151.2,315.475,110.03,90.98,157.535
Maharashtra,Nagpur,07-10-2020,319,129.09,273.66,145.59,10.87,129.45
Maharashtra,Nagpur,20-11-2020,466,182.09,101.13,15.12,39.59,120.16
Maharashtra,Nagpur,29-11-2020,190,70.63,361.7,187.69,69.86,112.29
Maharashtra,Nagpur,11-12-2020,168,176.45,326.06,111.53,4.06,48.93
Maharashtra,Nagpur,12-12-2020,192,64.64,280.53,55.63,50.16,30.21
Maharashtra,Nagpur,18-12-2020,296,164.61,396.57,194.9,56.52,88.32
Maharashtra,Nagpur,06-01-2021,396,177.86,174.58,184.31,54.46,137.95
Maharashtra,Nagpur,11-01-2021,394,24.28,131.28,183.31,72.78,111.02
Maharashtra,Nagpur,16-01-2021,79,293.03,161.69,50.33,57.33,168.09
Maharashtra,Nagpur,22-01-2021,87,265.86,145.31,99.08,28.96,130.82
Maharashtra,Nagpur,27-01-2021,251,203.54,348.74,101.22,8.23,123.05
Maharashtra,Nagpur,03-02-2021,180,167.83,234.27,49.37,38.48,88.69
Maharashtra,Nagpur,17-02-2021,390,58.46,154.52,37.42,4.05,148.48
Maharashtra,Nagpur,21-02-2021,485,70.83,131.32,113.25,52.15,87.68
Maharashtra,Nagpur,12-03-2021,182,221,386.52,106.44,99.35,41.64
Maharashtra,Nagpur,20-03-2021,364,205.4,382.03,98.72,52.21,198.83
Maharashtra,Nagpur,27-03-2021,477,48.2,356.13,6.84,99.37,79.81
Maharashtra,Nagpur,05-04-2021,178,99.97,234.98,96.14,20.05,113.32
Maharashtra,Nagpur,01-05-2021,376,186.6,260.77,158.82,8.32,83.44
Maharashtra,Nagpur,04-05-2021,213,256.04,233.82,120.99,18.32,23.18
Maharashtra,Nagpur,05-05-2021,232,210.14,109.57,32.07,48.07,1.48
Maharashtra,Nagpur,23-05-2021,36,133.51,109.96,70.87,42.03,19.3
Maharashtra,Nagpur,12-06-2021,54,156.36,368.57,185.58,14.09,28.92
Maharashtra,Nagpur,14-06-2021,279,84.42,201.35,40.59,90.69,23.16
Maharashtra,Nagpur,18-06-2021,271,268.27,130.34,192.15,11.97,110.21
Maharashtra,Nagpur,19-06-2021,61,243.21,13.47,124.59,23.79,107.19
Maharashtra,Nagpur,27-06-2021,426,200.62,52.55,32.2,56.21,112.67
Maharashtra,Nagpur,06-07-2021,271,218.08,142.35,12.11,29.38,71.07
Maharashtra,Nagpur,07-07-2021,373,228.28,18.72,162.14,61.03,37.13
Maharashtra,Nagpur,22-07-2021,231,123.43,106.19,55.08,97.42,85.03
Maharashtra,Nagpur,27-07-2021,401,5.17,107.58,67.73,46.94,63.85
Maharashtra,Nagpur,29-07-2021,168,82,63.08,138.95,59.61,140.16
Maharashtra,Nagpur,30-07-2021,100,274.68,43.8,137.3,33.01,83.64
Maharashtra,Nagpur,04-08-2021,169,110.39,210.49,160.95,25.91,34.84
Maharashtra,Nagpur,09-08-2021,302,86.58,268.15,112.16,10.56,26.1
Maharashtra,Nagpur,10-08-2021,245,97.66,250.25,59.8,44.86,63.87
Maharashtra,Nagpur,14-08-2021,297,296.57,168.93,43.49,17.49,84.92
Maharashtra,Nagpur,25-08-2021,158,56.3,137.95,101.14,88.85,143.97
Maharashtra,Nagpur,06-09-2021,145,245.62,386.83,119.83,42.2,142.88
Maharashtra,Nagpur,11-09-2021,415,175.65,95.61,25.57,35.26,164.47
Maharashtra,Nagpur,18-09-2021,346,211.89,71.28,180.85,78.63,137.03
Maharashtra,Nagpur,13-10-2021,129,255.55,163.98,46.44,94.03,26.2
Maharashtra,Nagpur,29-10-2021,2,126.16,361.9,143.09,6.22,60.51
Maharashtra,Nagpur,02-11-2021,180,100.38,72.46,11.73,23.3,130.08
Maharashtra,Nagpur,08-12-2021,475,168.78,37.74,113.68,50.22,110.16
Maharashtra,Nagpur,07-01-2022,64,46.04,283.58,174.92,43.39,73.39
Maharashtra,Nagpur,10-01-2022,7,298.27,371.67,20.7,81.01,84.72
Maharashtra,Nagpur,15-01-2022,316,237.74,193.66,132.57,21.62,165.53
Maharashtra,Nagpur,21-01-2022,146,35.95,127.72,141.93,42.98,182.14
Maharashtra,Nagpur,23-01-2022,94,77.77,108.02,14.43,1.98,162.9
Maharashtra,Nagpur,30-01-2022,362,38.93,23.19,142.72,30.47,116.43
Maharashtra,Nagpur,03-02-2022,351,172.25,171.79,10.43,8.71,81.86
Maharashtra,Nagpur,16-02-2022,268,179.37,188.24,89.33,51.6,42.57
Maharashtra,Nagpur,23-02-2022,408,138.37,182.77,36.29,17.87,12.49
Maharashtra,Nagpur,12-03-2022,200.5,202.09,186.335,130.445,30.76,54.09
Maharashtra,Nagpur,28-03-2022,129,132.2,280.76,24.28,21.11,48.32
Maharashtra,Nagpur,07-04-2022,416,27.44,318.56,44.59,92.6,18.56
Maharashtra,Nagpur,15-04-2022,344,221.42,389.4,101.79,41.55,21.65
Maharashtra,Nagpur,17-04-2022,395,12.21,38.39,8.1,73.56,140.79
Maharashtra,Nagpur,23-04-2022,489,224.07,205,169.61,81.01,184.39
Maharashtra,Nagpur,02-05-2022,224,228.32,224.04,91.85,68.03,39.53
Maharashtra,Nagpur,11-05-2022,206,70.7,377.72,136.33,66.67,2.57
Maharashtra,Nagpur,16-05-2022,287.5,170.525,296.635,77.9,54.485,77.71
Maharashtra,Nagpur,02-07-2022,373,177.15,393.47,23.01,6.28,171.92
Maharashtra,Nagpur,03-07-2022,316,194.775,183.52,168.02,34.92,155.18
Maharashtra,Nagpur,08-07-2022,38,111.07,157.83,36.78,53.63,190.82
Maharashtra,Nagpur,18-07-2022,460,155.31,222.56,78.61,86.27,50.09
Maharashtra,Nagpur,03-08-2022,453,115.97,178.01,69.84,81.81,72.36
Maharashtra,Nagpur,04-08-2022,161,225.1,45.54,176.06,48.83,90.05
Maharashtra,Nagpur,05-09-2022,256,22.09,9.57,37.39,98.95,102.95
Maharashtra,Nagpur,06-09-2022,453,131.66,53.28,195.25,2.85,61.01
Maharashtra,Nagpur,14-09-2022,476,63.82,132.63,117.86,4.88,13.05
Maharashtra,Nagpur,06-10-2022,195,6.86,384.4,86.45,3.2,116.02
Maharashtra,Nagpur,05-11-2022,259,180.06,303.26,135.03,95.72,81.75
Maharashtra,Nagpur,06-11-2022,199,148.83,197.06,35.55,90.15,76.8
Maharashtra,Nagpur,20-11-2022,300,243.32,182.57,196.83,7.65,79.45
Maharashtra,Nagpur,08-12-2022,99,77.94,95.74,4.59,26.35,185.34
Maharashtra,Nagpur,10-12-2022,368,97.96,71.38,138.86,17.56,128.71
Maharashtra,Nagpur,12-12-2022,336,272.38,190.82,59.09,5.36,23.04
Maharashtra,Nagpur,28-12-2022,455,89.09,67.98,32.06,44.53,38.39
Maharashtra,Pune,03-01-2015,355,287.36,396.56,73.91,64.17,8.21
Maharashtra,Pune,07-01-2015,268,140.15,210.19,196.65,41.77,196.38
Maharashtra,Pune,13-01-2015,76,38.76,123.97,175.47,56.63,97.53
Maharashtra,Pune,19-01-2015,247,1.63,14.67,124.54,33.22,10.21
Maharashtra,Pune,23-02-2015,130.5,220.34,324.705,140.415,48.39,159.695
Maharashtra,Pune,17-03-2015,202,173.11,184.51,133.54,76.16,71.46
Maharashtra,Pune,27-03-2015,100,212.68,337.46,10.47,94.1,98.99
Maharashtra,Pune,14-04-2015,301,75,209.04,21.97,72.2,81.45
Maharashtra,Pune,16-04-2015,62,284.49,101,174.37,61.56,15.08
Maharashtra,Pune,25-04-2015,366,277.78,383.17,188.17,50.82,66.72
Maharashtra,Pune,03-05-2015,319,295.08,381.25,153.85,14.49,87.55
Maharashtra,Pune,04-05-2015,45,205.88,78.2,197.39,7.13,181.63
Maharashtra,Pune,02-06-2015,213,150.44,342.23,153.93,98.16,90.09
Maharashtra,Pune,17-07-2015,204,161.29,398.87,127.59,96.47,75.31
Maharashtra,Pune,22-07-2015,499,162.35,299.34,134.75,44.13,54.98
Maharashtra,Pune,23-07-2015,222,148,225.87,190.29,34.51,22.13
Maharashtra,Pune,21-08-2015,432,250.86,292.84,164.97,72.73,65.38
Maharashtra,Pune,01-09-2015,139.5,137.735,226.665,133.05,75.865,21.985
Maharashtra,Pune,05-09-2015,41,125.42,216.19,198.02,89.24,122.62
Maharashtra,Pune,19-09-2015,108,249.67,248.44,58.28,27.04,163.05
Maharashtra,Pune,25-09-2015,471,240.26,380.99,198.42,83.42,165.01
Maharashtra,Pune,09-10-2015,195,146.57,132.89,63.82,10.32,104.7
Maharashtra,Pune,20-10-2015,55,42.14,352.32,124.65,0.42,65.31
Maharashtra,Pune,23-10-2015,422,68.55,93.08,40.49,17.25,58.23
Maharashtra,Pune,23-11-2015,96,64.2,126.29,80.31,57.29,170.57
Maharashtra,Pune,04-12-2015,409,236.79,294.47,49.04,44.94,3.03
Maharashtra,Pune,14-12-2015,175,59.58,305.89,51.67,31.73,186.72
Maharashtra,Pune,07-01-2016,481,103.12,102.48,118.9,44.35,165.96
Maharashtra,Pune,20-01-2016,402,22.47,253.01,10.82,62.33,98.67
Maharashtra,Pune,21-01-2016,198,17.11,141.73,130.79,2.92,58.79
Maharashtra,Pune,25-01-2016,290,215.09,328.87,152.72,13.01,128.4
Maharashtra,Pune,26-01-2016,365,125.17,113.38,19.75,17.79,87.95
Maharashtra,Pune,28-01-2016,275,226.47,108.74,36.07,81.57,143.45
Maharashtra,Pune,02-02-2016,243,251,37,156.29,51.77,4.05
Maharashtra,Pune,04-03-2016,397,186.61,299.75,133.66,3.49,31.28
Maharashtra,Pune,11-03-2016,272,237.2833333,264.4033333,133.8466667,63.93666667,95.63
Maharashtra,Pune,15-03-2016,460,44.12,255.62,120.44,51.9,137.7
Maharashtra,Pune,22-03-2016,342,117.17,326.95,20.2,6.37,75.03
Maharashtra,Pune,24-03-2016,277,30.04,209.4,153.2,87.58,68.91
Maharashtra,Pune,28-03-2016,368,236.37,93.41,94.25,51.07,142.81
Maharashtra,Pune,06-04-2016,464,140.39,330.75,67.45,56.57,75.26
Maharashtra,Pune,29-04-2016,323,12.52,66.53,152.53,89.97,198.79
Maharashtra,Pune,18-05-2016,296,265.27,305.11,12.86,83.07,87.93
Maharashtra,Pune,22-05-2016,343,251.89,286.57,155.98,50.86,152.89
Maharashtra,Pune,29-05-2016,247,122.285,150.79,91.62,50.38,106.57
Maharashtra,Pune,14-06-2016,302,169.03,104.39,170.18,74.11,98.77
Maharashtra,Pune,10-07-2016,360,74.05,43.92,67.35,42.62,143.23
Maharashtra,Pune,16-07-2016,10,6.12,305.31,109.9,91.06,64.17
Maharashtra,Pune,19-07-2016,482,257.54,270.6,138.74,44.54,167.67
Maharashtra,Pune,26-07-2016,16,96.25,361.69,6.9,83.89,190.48
Maharashtra,Pune,31-07-2016,28,206.24,25.41,53.82,85.21,81.13
Maharashtra,Pune,09-08-2016,382,198,362.2,11.4,12.13,132.44
Maharashtra,Pune,11-08-2016,275,176.95,179.38,60.56,11.17,157.84
Maharashtra,Pune,17-08-2016,444,180.77,388.04,59.96,17.95,41.08
Maharashtra,Pune,20-08-2016,212,260.6,154.92,127.24,76.95,156.6
Maharashtra,Pune,27-08-2016,60,211.2,145.57,47.53,26.42,69.17
Maharashtra,Pune,08-09-2016,233,81.41,261.28,97.16,94.66,81.63
Maharashtra,Pune,08-10-2016,92,264.33,302.13,191.01,58.16,75.6
Maharashtra,Pune,09-10-2016,382,266.57,359.42,189.31,10.38,152.44
Maharashtra,Pune,15-10-2016,398.5,81.815,220.225,49.37,39.765,7.585
Maharashtra,Pune,25-10-2016,330,195.76,247.15,90.75,35.57,85.88
Maharashtra,Pune,04-11-2016,493,184.57,221.39,179.76,75.76,189.99
Maharashtra,Pune,28-11-2016,149,120.04,360.17,195.15,29.6,92.3
Maharashtra,Pune,01-12-2016,331,141,368.94,122.67,13.96,193.76
Maharashtra,Pune,14-12-2016,216,4.17,302.57,58.5,14.59,100.35
Maharashtra,Pune,18-12-2016,404,123.99,371.14,171.49,55.41,175.97
Maharashtra,Pune,24-12-2016,160,45.43,242.46,6.09,29.09,29.56
Maharashtra,Pune,27-12-2016,205,81.63,68.17,186.37,30.82,33.43
Maharashtra,Pune,28-12-2016,349,135.54,1.01,78.03,47.83,161.99
Maharashtra,Pune,01-02-2017,459,149.47,23.74,140.16,67.56,174.25
Maharashtra,Pune,02-02-2017,197,108.78,303.45,123.61,52.1,48.61
Maharashtra,Pune,08-02-2017,385,194.14,50.75,25.81,85.66,145.54
Maharashtra,Pune,10-02-2017,39,208.49,352.26,96.55,81.5,184.42
Maharashtra,Pune,12-02-2017,42,51.48,278.85,116.3,45.63,184.22
Maharashtra,Pune,21-02-2017,264,75.88,278.86,145.94,18.47,198.28
Maharashtra,Pune,01-04-2017,412,183.98,189.72,160.4,98.28,28.82
Maharashtra,Pune,15-04-2017,395,184.11,247.38,15.84,79.64,130.17
Maharashtra,Pune,23-04-2017,339,203.95,146.15,152.78,94.73,178.29
Maharashtra,Pune,16-05-2017,258,94.02,1.9,35.02,45.65,192.72
Maharashtra,Pune,18-05-2017,250,89.38,254.98,180.62,21.03,154.43
Maharashtra,Pune,21-05-2017,322,262.63,335.2,179.86,13.14,117.53
Maharashtra,Pune,10-06-2017,19,103.66,331.02,175.13,51.23,150.07
Maharashtra,Pune,22-06-2017,425,207.39,176.59,13.91,46.43,160.78
Maharashtra,Pune,27-07-2017,76,296.57,378.77,16.29,16.09,168.17
Maharashtra,Pune,30-07-2017,187,155.53,189.59,133.78,36.98,134.77
Maharashtra,Pune,16-08-2017,198,27.84,388.83,133.57,44.53,14.59
Maharashtra,Pune,01-09-2017,239,31.395,194.235,124.315,32.805,110.53
Maharashtra,Pune,02-09-2017,500,35.45,99.44,161.07,16.9,180.52
Maharashtra,Pune,29-09-2017,359,295.38,266.92,131.35,8.05,12.85
Maharashtra,Pune,04-10-2017,402,221.32,221.74,94.32,98.87,20.95
Maharashtra,Pune,10-10-2017,357,249,201.5,186.8,57.51,69.83
Maharashtra,Pune,18-10-2017,240,90.31,82.06,145.07,56.24,108.63
Maharashtra,Pune,27-10-2017,212,200.55,198.56,88.76,96.9,153.02
Maharashtra,Pune,01-11-2017,62,203.63,184.29,159.09,42.49,2.49
Maharashtra,Pune,23-11-2017,450,6.52,57.11,3.14,2.07,165.38
Maharashtra,Pune,13-12-2017,342,184.62,106.76,181.16,87.61,194.32
Maharashtra,Pune,14-12-2017,335.5,163.26,207.21,119.54,49.72,128.43
Maharashtra,Pune,31-12-2017,67,76.13,154.47,128.54,44.28,56.32
Maharashtra,Pune,12-01-2018,464,59.68,121.6,146.86,68.56,18.58
Maharashtra,Pune,16-01-2018,492,290.03,19.78,4.23,33.02,25.19
Maharashtra,Pune,29-01-2018,60,5.64,343.22,117.43,59.23,198.36
Maharashtra,Pune,30-01-2018,477,88.44,40.14,194.14,90.31,178.56
Maharashtra,Pune,25-02-2018,58,292.52,90.91,38.08,29.85,8.44
Maharashtra,Pune,26-02-2018,452,61.5,278.44,81.85,81.68,106.5
Maharashtra,Pune,10-03-2018,61,267.33,338.06,132.68,57.47,17.14
Maharashtra,Pune,26-04-2018,493,91.72,192.09,51.94,39.24,76.07
Maharashtra,Pune,08-05-2018,362,223.59,274.13,180.04,18.16,194.14
Maharashtra,Pune,22-05-2018,174,234.61,359.4,80.53,7.64,50.9
Maharashtra,Pune,26-05-2018,172.5,97.03,247.895,56.06,46.87,119.88
Maharashtra,Pune,29-05-2018,150,41.43,386.62,174.82,28.87,33.76
Maharashtra,Pune,07-06-2018,318,107.91,21.91,127.76,42.99,46.37
Maharashtra,Pune,15-06-2018,203,181.02,178.6,95.41,25.16,110.07
Maharashtra,Pune,26-06-2018,197,142.17,317.465,125.61,49.58,70.95
Maharashtra,Pune,10-07-2018,171,122.59,297.28,159.32,49.785,58.61
Maharashtra,Pune,21-07-2018,91,75.86,197.04,164.17,1.75,63.76
Maharashtra,Pune,23-07-2018,204,100.2,342.14,27.29,7.52,151.08
Maharashtra,Pune,29-07-2018,469,2.29,19.7,72.7,45.86,24.64
Maharashtra,Pune,18-08-2018,284,296.2,281.55,178.01,18.12,177.91
Maharashtra,Pune,02-09-2018,94,209.94,398.95,137.96,90.27,68.68
Maharashtra,Pune,09-09-2018,12,279.19,126.64,117.94,8.65,171.77
Maharashtra,Pune,12-09-2018,364,93.54,40.73,125.82,52.14,88.77
Maharashtra,Pune,19-09-2018,233,20.88,305.81,67.46,19.89,60.92
Maharashtra,Pune,04-11-2018,119,113.47,204.95,193.21,39.63,137.96
Maharashtra,Pune,22-11-2018,341,99.31,334.14,189.02,48.61,162.46
Maharashtra,Pune,23-11-2018,42,15.36,343,112.8,83.03,43.13
Maharashtra,Pune,06-12-2018,442,154.56,7.19,192.8,12.31,176.43
Maharashtra,Pune,07-12-2018,93,56.87,132.59,182.09,46.03,9.98
Maharashtra,Pune,15-12-2018,17,299.61,58.58,69.35,3.36,129.91
Maharashtra,Pune,25-12-2018,29,35.74,291.25,19.58,5.86,145.94
Maharashtra,Pune,12-01-2019,174,87.2,257.55,81.29,5.66,83.84
Maharashtra,Pune,26-01-2019,382,191.26,339.61,178.18,34.17,117.76
Maharashtra,Pune,01-02-2019,230.5,174.78,89.87,90.05,86.59,74.67
Maharashtra,Pune,16-02-2019,196,227.12,136.95,165.4,29.25,60.06
Maharashtra,Pune,09-03-2019,439,206.11,209.68,126.09,74.96,194.62
Maharashtra,Pune,07-04-2019,244,121.31,14.75,90.31,30.13,26.86
Maharashtra,Pune,10-04-2019,357,294.41,301.23,179.9,7.28,115.47
Maharashtra,Pune,22-04-2019,92,245.67,325.4,110.78,68.71,127.52
Maharashtra,Pune,24-04-2019,9,189.1,80.78,160.32,60.31,77.87
Maharashtra,Pune,10-05-2019,22,26.56,129.37,172.11,35.73,1.25
Maharashtra,Pune,13-05-2019,68,170.93,367.52,96.18,68.34,111.53
Maharashtra,Pune,23-05-2019,151,1.8,395.9,40.28,54.73,150.76
Maharashtra,Pune,06-06-2019,90,297.16,315.8,82.16,76.08,138.85
Maharashtra,Pune,09-07-2019,22,167.88,389.26,157.95,30.09,134.63
Maharashtra,Pune,13-07-2019,29,9.32,127.68,39.31,35.84,163.99
Maharashtra,Pune,24-07-2019,370,226.67,279.66,37.59,21.41,50.31
Maharashtra,Pune,30-07-2019,482,273.77,233.74,101.36,5.19,115.59
Maharashtra,Pune,09-09-2019,480,271.05,390,30.17,38.13,14.28
Maharashtra,Pune,25-09-2019,412,70.26,253.39,35.36,10.98,175.78
Maharashtra,Pune,26-09-2019,54,46.82,396.55,50.14,26.35,164.23
Maharashtra,Pune,28-09-2019,58,183.01,270.41,104.06,87.89,165.59
Maharashtra,Pune,01-10-2019,293,298.58,209.52,33.15,2.33,40.8
Maharashtra,Pune,06-10-2019,71,237.22,222.94,82.44,17.84,103.7
Maharashtra,Pune,13-10-2019,165,64.78,367.73,24.92,55.57,73.39
Maharashtra,Pune,27-10-2019,122,267.29,222.75,116.93,53.06,86.27
Maharashtra,Pune,29-10-2019,414,140.09,116.5,42.65,86.61,129.13
Maharashtra,Pune,30-10-2019,444,271.6,303.38,161.17,38.58,106.61
Maharashtra,Pune,01-11-2019,180,96.42,295.58,196.21,80.36,131.87
Maharashtra,Pune,06-11-2019,492,59.95,161.02,1.41,16.11,116.88
Maharashtra,Pune,08-11-2019,36,105.4,100.55,89.6,95.12,170.26
Maharashtra,Pune,02-12-2019,21,28.32,46.92,124.12,42.55,0.27
Maharashtra,Pune,09-12-2019,377,246.29,6.71,138.6,12.89,10.45
Maharashtra,Pune,11-12-2019,315,143.22,343.71,145.65,23.58,65.48
Maharashtra,Pune,18-12-2019,93,164.79,85.76,75.09,58.05,42.81
Maharashtra,Pune,30-12-2019,422,208.12,295.58,139.53,19,35.98
Maharashtra,Pune,09-01-2020,124,95.69,53.56,109.57,6.61,8.96
Maharashtra,Pune,17-03-2020,141,132.7,289.13,118.09,1.04,115.83
Maharashtra,Pune,20-03-2020,145,258.11,370.51,135.91,26.26,26.98
Maharashtra,Pune,01-04-2020,235,145.03,255.71,89.22,94.62,155.06
Maharashtra,Pune,04-04-2020,434,221.39,260.01,182.69,76.97,170.76
Maharashtra,Pune,07-04-2020,291,254.34,241.83,100.44,91.48,178.69
Maharashtra,Pune,08-04-2020,136,202.45,97.83,74.06,5.14,130.26
Maharashtra,Pune,09-04-2020,443,187.18,181.01,59.48,69.97,33.44
Maharashtra,Pune,18-04-2020,427,72.5,1.18,148.52,17.44,91.83
Maharashtra,Pune,28-04-2020,490,23.87,66.32,149.28,88.22,147.92
Maharashtra,Pune,01-05-2020,160,101.78,138.02,138.2,38.17,131.37
Maharashtra,Pune,05-05-2020,224,190.4,163.15,120.52,8.11,141.24
Maharashtra,Pune,10-05-2020,61,48.38,273.85,50.29,78.15,14.16
Maharashtra,Pune,14-05-2020,389,167.65,112.8,100.51,74.56,143.6
Maharashtra,Pune,04-06-2020,263,259.18,244.24,61.34,75.36,105.85
Maharashtra,Pune,07-06-2020,320,189.17,192.48,51.27,55.84,22.02
Maharashtra,Pune,11-06-2020,352,40.58,98.42,46.66,84.27,167.68
Maharashtra,Pune,16-06-2020,275,167.99,210.97,139.18,76.31,86.41
Maharashtra,Pune,24-06-2020,229,218.68,268.22,69.07,51.25,114.71
Maharashtra,Pune,29-06-2020,138,80.94,70.2,22.62,91.63,2.71
Maharashtra,Pune,03-07-2020,235,92.24,49.37,12.78,84.5,123.78
Maharashtra,Pune,06-07-2020,129,172.61,232.41,138.84,13.78,35.46
Maharashtra,Pune,17-07-2020,479,21.08,299.93,160.76,4.88,107.85
Maharashtra,Pune,01-08-2020,95,15.77,115.69,130.19,53.46,19.67
Maharashtra,Pune,03-08-2020,72,32.68,204.59,185.49,27.05,154.11
Maharashtra,Pune,14-08-2020,457.5,63.58,83.26,63.49,63.72,64.045
Maharashtra,Pune,23-08-2020,17,31.74,369.75,164.12,76.05,81.52
Maharashtra,Pune,28-08-2020,352,130.36,248,40.32,77.27,196.28
Maharashtra,Pune,06-09-2020,395,217.67,310.68,95.85,56.45,58.63
Maharashtra,Pune,07-09-2020,75,37.59,273.46,15.38,95.46,45.85
Maharashtra,Pune,13-09-2020,234,5.24,102.14,183.77,35.82,56.41
Maharashtra,Pune,22-10-2020,259,157.69,26.64,150.25,14.22,113.55
Maharashtra,Pune,26-10-2020,272,39.78,300.29,136.37,32.07,38.93
Maharashtra,Pune,12-11-2020,383,188.56,171.53,187.67,66.44,172.07
Maharashtra,Pune,20-11-2020,178,121.04,197.62,195.02,68.85,15.22
Maharashtra,Pune,12-12-2020,253,205.27,251.33,158.54,20.81,120.43
Maharashtra,Pune,18-12-2020,462,22.18,244.83,30.17,91.43,1.34
Maharashtra,Pune,28-12-2020,140,201.43,120.89,141.66,58.94,110.75
Maharashtra,Pune,04-01-2021,137,290.62,135.55,118.9,41.62,190.08
Maharashtra,Pune,08-01-2021,287,185.76,104.75,178.18,43.43,145.99
Maharashtra,Pune,10-01-2021,397,22.62,45.35,74.74,1.55,161.5
Maharashtra,Pune,03-02-2021,66,6.05,194.63,97.09,35.84,1.22
Maharashtra,Pune,01-03-2021,259,192.96,381.26,13.73,27.72,115.22
Maharashtra,Pune,13-03-2021,221,195.07,386.83,32.01,1.56,170.45
Maharashtra,Pune,20-03-2021,259,246.89,60.27,92.84,54.79,105.62
Maharashtra,Pune,24-03-2021,15,133.35,115.11,49.15,9.7,4.83
Maharashtra,Pune,25-03-2021,410.5,62.595,172.99,70.95,49.64,157.4
Maharashtra,Pune,14-04-2021,27,246.15,245.2,46.44,86.51,157.17
Maharashtra,Pune,12-05-2021,278,95.085,160.55,96.735,42.13,134.105
Maharashtra,Pune,24-06-2021,442,189.91,102.49,107.71,81.08,44.82
Maharashtra,Pune,25-06-2021,357,111.92,214.46,137.06,89.66,7.43
Maharashtra,Pune,01-07-2021,209,233.97,81.22,1.21,91.36,137.5
Maharashtra,Pune,02-07-2021,280,41.1,48.24,30.47,9.04,144.72
Maharashtra,Pune,20-07-2021,329,106.86,204.51,114.89,76.88,50.43
Maharashtra,Pune,21-07-2021,99,146.93,76.13,64.82,27.27,103.91
Maharashtra,Pune,22-07-2021,361,104.93,100.83,28.51,43.29,126.37
Maharashtra,Pune,23-07-2021,495,155.91,105.76,8.54,91.86,139.44
Maharashtra,Pune,29-07-2021,141,53.79,134.79,53.93,73.03,137.33
Maharashtra,Pune,30-07-2021,425,267.34,51.01,23.94,34.86,174.03
Maharashtra,Pune,13-08-2021,470,69.62,343.75,21.54,32.84,62.4
Maharashtra,Pune,17-08-2021,8,139.07,260.83,0.36,91.66,70.78
Maharashtra,Pune,19-08-2021,244,149.6,193.77,194.27,93.67,102.52
Maharashtra,Pune,24-08-2021,446,210.62,209.18,123.94,98.71,191.66
Maharashtra,Pune,31-08-2021,185,241.54,255.62,16.58,5.07,61.46
Maharashtra,Pune,14-09-2021,136,192.67,150.53,28.14,76,39.68
Maharashtra,Pune,23-09-2021,19,52.96,358.35,146.75,59.02,84.59
Maharashtra,Pune,26-09-2021,120,123.53,184.58,124.31,32.03,152.74
Maharashtra,Pune,11-10-2021,423,151.87,353.8,21.57,87.99,183.97
Maharashtra,Pune,20-10-2021,307,82.06,374.86,4.05,90.05,124.77
Maharashtra,Pune,31-10-2021,294,269.62,9.3,128.81,90.1,3.52
Maharashtra,Pune,03-11-2021,92,129.57,12.19,9.06,21.96,22.09
Maharashtra,Pune,09-11-2021,66,256.27,368.59,21.63,56.48,106.55
Maharashtra,Pune,13-11-2021,393.5,213.935,166.145,170.17,92.24,89.83
Maharashtra,Pune,16-11-2021,86,126.5,44.29,187.57,49.96,38.61
Maharashtra,Pune,27-11-2021,25,41.75,97.63,136.82,18.55,178.48
Maharashtra,Pune,30-11-2021,60,168.05,199.76,185.57,88.84,34.88
Maharashtra,Pune,16-12-2021,131,134.29,151.23,100.45,17.92,69.65
Maharashtra,Pune,02-01-2022,198,246.9,98.77,175.98,30.51,192.17
Maharashtra,Pune,14-01-2022,392,130.31,84.99,37.64,79.35,92.22
Maharashtra,Pune,19-01-2022,18,194.69,227.7,118.8,38.91,123.74
Maharashtra,Pune,07-02-2022,324,164.66,25.55,121.64,37.92,22.18
Maharashtra,Pune,25-02-2022,245,89.62,162.97,184.32,41.95,53.43
Maharashtra,Pune,01-04-2022,294,11.91,79.27,98.14,19.71,196.7
Maharashtra,Pune,09-04-2022,212,156.24,27.02,37.86,83.42,184.54
Maharashtra,Pune,28-04-2022,424,93.4,334,5.84,82.53,12.68
Maharashtra,Pune,12-05-2022,201,280.47,236.35,155.7,69.13,113.54
Maharashtra,Pune,18-05-2022,226,84.8,11.51,16.67,91.02,182.04
Maharashtra,Pune,30-05-2022,140,247.03,132.58,45.53,78.45,24
Maharashtra,Pune,07-06-2022,352,224.3133333,144.2266667,108.9166667,52.11666667,100.8933333
Maharashtra,Pune,13-06-2022,236,25.05,243.75,62.96,94.42,23.97
Maharashtra,Pune,14-06-2022,242,35.9,204.1,114.55,90.12,187.71
Maharashtra,Pune,20-06-2022,69,158.5,226.09,19.56,21.06,161.47
Maharashtra,Pune,01-07-2022,307,119.95,124.29,159.43,98.61,190.81
Maharashtra,Pune,03-07-2022,472,26.43,391.58,20.31,78.99,73.21
Maharashtra,Pune,18-07-2022,293,45.47,247.34,126.34,10.93,155.79
Maharashtra,Pune,31-07-2022,266,96.79,220.6,70.31,6.19,83.71
Maharashtra,Pune,04-08-2022,484,220.24,196.08,104.02,47.43,152.61
Maharashtra,Pune,05-08-2022,96,201.42,107.72,142.8,79.78,9.93
Maharashtra,Pune,20-08-2022,97.5,127.065,221.595,57.25,11.28,84.88
Maharashtra,Pune,30-08-2022,156,148.01,334.14,103.38,65.02,143.66
Maharashtra,Pune,02-09-2022,429,123.63,229.36,88.47,67.27,19.26
Maharashtra,Pune,21-09-2022,399,67.97,123.1,84.02,25.76,54.63
Maharashtra,Pune,27-09-2022,262,86.53,203.17,109.16,65.155,105.85
Maharashtra,Pune,03-10-2022,351,234.13,114.45,55.2,25.38,35.5
Maharashtra,Pune,04-10-2022,259,7.5,331.08,58.97,29.19,98.14
Maharashtra,Pune,05-10-2022,209,187.875,111.495,143.105,54.065,173.325
Maharashtra,Pune,08-10-2022,409,263.81,187.86,81.17,45.3,76.11
Maharashtra,Pune,12-10-2022,16,21.13,145.36,176.43,31.68,143.84
Maharashtra,Pune,14-10-2022,166,260.67,170.38,12.72,42.42,84.05
Maharashtra,Pune,18-10-2022,237,112.38,134.09,47.11,64.12,87.35
Maharashtra,Pune,01-11-2022,282,145.36,386.44,82.08,92.7,35.22
Maharashtra,Pune,04-11-2022,453,289.23,372.26,154.15,40.28,41.58
Maharashtra,Pune,05-12-2022,365,165.22,170.76,66.42,61.05,102.67
Maharashtra,Pune,22-12-2022,196,237.59,190.01,158.25,77.65,142.41
Maharashtra,Pune,24-12-2022,409,281.51,335.56,39.21,91.29,199.19
Maharashtra,Pune,25-12-2022,434,297.79,302.61,160.95,88.39,1.05
Punjab,Amritsar,03-01-2015,453,253.65,188.88,155.29,74,192.15
Punjab,Amritsar,05-01-2015,237,224.59,211.97,168.99,75.61,162.09
Punjab,Amritsar,08-01-2015,110,182.3,293.27,52.9,44.39,167.42
Punjab,Amritsar,28-01-2015,458,216.06,108.64,109.78,19.02,179.61
Punjab,Amritsar,31-01-2015,159,4.33,34.12,8.48,79.95,40.86
Punjab,Amritsar,10-02-2015,360,13.15,249.22,50.91,65.91,58.05
Punjab,Amritsar,15-02-2015,15,53.3,43.05,190.18,40.62,100.45
Punjab,Amritsar,17-02-2015,287,153.58,107.475,62.485,59.3,114.485
Punjab,Amritsar,18-02-2015,341,139.03,347.31,145.74,98.56,62.04
Punjab,Amritsar,20-02-2015,96,227.45,151.76,134.48,2.5,108.2
Punjab,Amritsar,25-02-2015,270,194.21,167.22,31.68,49.8,171.02
Punjab,Amritsar,26-02-2015,298,253.47,186.115,80.005,27.71,55.775
Punjab,Amritsar,27-03-2015,322.3333333,116.1633333,126.9266667,71.02,60.43,66.23
Punjab,Amritsar,25-04-2015,410,135.33,240.06,32.12,96.14,7.63
Punjab,Amritsar,27-04-2015,367,260.13,96.29,31.8,49.56,195.27
Punjab,Amritsar,18-05-2015,293,152.04,210.97,102.92,50.05,21.37
Punjab,Amritsar,24-05-2015,399,273.71,164.61,142.78,86.43,133.12
Punjab,Amritsar,25-05-2015,327,31.31,294.25,141.16,75.69,3.74
Punjab,Amritsar,11-06-2015,144,128.52,372.63,93.68,93.48,51.16
Punjab,Amritsar,02-07-2015,402,62.08,261.36,12.57,54.22,114.1
Punjab,Amritsar,03-07-2015,125,74.43,300.16,24.77,28.23,171.19
Punjab,Amritsar,05-07-2015,16,161.76,264.56,144.27,16.46,52.82
Punjab,Amritsar,11-07-2015,117,44.29,96.56,78.15,81.96,143.99
Punjab,Amritsar,13-07-2015,450,287.32,57.6,183.92,94.93,45.64
Punjab,Amritsar,05-08-2015,266,59.34,244.9,145.96,42.41,163.88
Punjab,Amritsar,14-08-2015,162,140.32,184.315,113.825,63.05,38.195
Punjab,Amritsar,15-08-2015,306,283.04,34.45,175.54,36.99,82.17
Punjab,Amritsar,23-08-2015,377,130.82,191.11,84.32,70.12,34.06
Punjab,Amritsar,31-08-2015,232,289.55,389.11,3.25,83.64,103.67
Punjab,Amritsar,01-09-2015,109,282.96,252.64,47.46,91.51,5.48
Punjab,Amritsar,11-09-2015,29,32.76,11.57,67.37,61.2,115.9
Punjab,Amritsar,14-09-2015,471,119.42,155.18,174.54,46.04,53.69
Punjab,Amritsar,27-09-2015,99.5,91.095,350.02,136.825,37.16,59.585
Punjab,Amritsar,21-10-2015,214,52.72,152.73,182,22.18,50.58
Punjab,Amritsar,22-10-2015,322,215.33,271.96,140.68,67.46,96.2
Punjab,Amritsar,12-12-2015,294,95.98,218.4,198.58,17.79,185.41
Punjab,Amritsar,13-12-2015,293,122.34,7.16,18.67,79.24,133.02
Punjab,Amritsar,16-12-2015,248,32.39,225.4,133.5,49.93,58.39
Punjab,Amritsar,01-01-2016,122,50.55,331.65,23.87,96.04,154.72
Punjab,Amritsar,06-02-2016,72,211.72,337.02,15.91,90.81,157.16
Punjab,Amritsar,09-02-2016,143,279.92,247.78,161.61,64.09,162.14
Punjab,Amritsar,11-02-2016,251,229.92,101.07,142.05,88.29,194.17
Punjab,Amritsar,15-02-2016,284,115.24,307.06,159.62,6.79,152.24
Punjab,Amritsar,17-02-2016,202.5,79.61,285.325,40.915,54.315,87.11
Punjab,Amritsar,19-02-2016,315,34.62,32.82,34.13,38.52,47.17
Punjab,Amritsar,27-02-2016,333,85.61,395.37,173.79,55.45,6.06
Punjab,Amritsar,02-03-2016,399,277.12,358.61,102.57,38.68,86.7
Punjab,Amritsar,13-03-2016,208,162.82,286.13,32.98,59.71,103.78
Punjab,Amritsar,24-03-2016,208,50.91,57.52,40.35,35.76,64.34
Punjab,Amritsar,21-04-2016,356,82.08,47.31,70.86,51.13,115.36
Punjab,Amritsar,29-04-2016,417,225.92,317.14,198.96,29.81,199.13
Punjab,Amritsar,05-05-2016,67,205.55,221.47,176.99,3.56,36.32
Punjab,Amritsar,16-05-2016,51,259.87,128.98,48.49,61.74,26.56
Punjab,Amritsar,10-06-2016,269,161.245,201.42,133.555,2.51,59.22
Punjab,Amritsar,21-06-2016,270,203.86,311.55,190.92,70.46,91.01
Punjab,Amritsar,07-07-2016,284,142.4,319.22,160.26,25.79,122.32
Punjab,Amritsar,09-07-2016,14,48.83,220.85,39.25,3.62,88.35
Punjab,Amritsar,10-07-2016,450,89.29,19.48,103.73,28.72,192.81
Punjab,Amritsar,14-07-2016,266,115.59,138.41,138.73,49.84,87.73
Punjab,Amritsar,17-07-2016,116,67.81,293.5,24.22,17.02,83.13
Punjab,Amritsar,27-07-2016,347,157.06,237.08,155.86,92.34,179.58
Punjab,Amritsar,30-07-2016,470,195.94,394.23,17.27,84.99,66.56
Punjab,Amritsar,02-08-2016,412,175.11,367.13,177.31,44.56,17.91
Punjab,Amritsar,08-08-2016,362,35.21,144.04,97.7,83.8,128.92
Punjab,Amritsar,10-08-2016,228,171.03,236.03,15.5,46.23,33.79
Punjab,Amritsar,11-08-2016,208,108.76,231.71,84.96,5.96,175.3
Punjab,Amritsar,12-08-2016,459,81.8,394.26,56.36,44.64,153.08
Punjab,Amritsar,25-08-2016,111,229.92,183.85,119.2,97.75,152.07
Punjab,Amritsar,31-08-2016,468,71.08,126.76,166.6,81.8,77.35
Punjab,Amritsar,04-09-2016,470,293.01,39.72,12.57,74.16,96.72
Punjab,Amritsar,05-09-2016,416,189.35,289.53,195.14,39.11,146.08
Punjab,Amritsar,02-10-2016,458,276.42,315.73,133.74,22.56,29.92
Punjab,Amritsar,08-10-2016,436.5,121.055,228.595,82.055,58.14,126.085
Punjab,Amritsar,29-10-2016,37.5,23.055,192.015,146.265,46.765,53.11
Punjab,Amritsar,10-11-2016,145,236.89,369.02,62.38,60.72,75.83
Punjab,Amritsar,15-11-2016,205,219.54,235.75,17.2,54.07,27.19
Punjab,Amritsar,23-11-2016,439,248.64,211.35,21.7,35.46,116.01
Punjab,Amritsar,06-12-2016,173,262.29,180.75,19.35,81.5,89.31
Punjab,Amritsar,14-12-2016,183,103.11,168.05,127.84,12.23,62.01
Punjab,Amritsar,23-12-2016,74,85.02,240.55,98.85,45.6,107.82
Punjab,Amritsar,25-12-2016,106,282.78,347.83,58.46,97.82,16.36
Punjab,Amritsar,30-12-2016,448,108.16,236.87,118.84,68.03,132.42
Punjab,Amritsar,05-01-2017,260,169.39,87.81,80.08,21.84,149.93
Punjab,Amritsar,15-01-2017,495,26.48,203.69,195.21,60.44,12.68
Punjab,Amritsar,22-01-2017,300,81.12,390.99,58.01,42.78,60.51
Punjab,Amritsar,30-01-2017,375,246.67,198.1,171.69,96.41,133.64
Punjab,Amritsar,24-02-2017,82,8.81,341.7,141.43,72.17,58.68
Punjab,Amritsar,28-02-2017,40,237.74,345.42,118.67,24.8,114.47
Punjab,Amritsar,04-03-2017,456,39.34,130.44,76.74,8.46,48.71
Punjab,Amritsar,20-03-2017,317,121.09,175.12,37.44,72.59,51.4
Punjab,Amritsar,30-03-2017,102,0.71,225.04,78.72,99.79,7.1
Punjab,Amritsar,21-04-2017,365,156,124.27,104.37,20.23,117.42
Punjab,Amritsar,09-05-2017,397,209.4,255.37,78.02,54.37,107.56
Punjab,Amritsar,19-05-2017,65,67.02,277.93,91.87,75.48,60.36
Punjab,Amritsar,22-05-2017,123,233.26,117.28,64.93,90.86,125.22
Punjab,Amritsar,06-06-2017,114,46.65,122.08,70.23,0.46,53.94
Punjab,Amritsar,28-06-2017,376,161.36,399.22,52.87,33.62,121.7
Punjab,Amritsar,15-07-2017,3,97.85,78.93,179.36,39.25,124.06
Punjab,Amritsar,21-07-2017,105,59.58,189.75,185.12,49.21,63.55
Punjab,Amritsar,09-08-2017,375,92.87,3.48,69.74,41.39,156.75
Punjab,Amritsar,17-08-2017,41,212.94,180.35,175.25,77.47,133.56
Punjab,Amritsar,18-08-2017,207,48.42,351.22,179.3,52.4,179.54
Punjab,Amritsar,26-08-2017,486,228.53,12.73,74.29,0.08,122.6
Punjab,Amritsar,27-08-2017,102,236.12,131.29,193.32,83.5,85.94
Punjab,Amritsar,04-09-2017,105,74.64,171.22,189.6,73.57,85.73
Punjab,Amritsar,12-09-2017,337,44.19,138.77,51.31,31.49,182.1
Punjab,Amritsar,08-10-2017,361,118.88,46.86,104.03,43.48,87.88
Punjab,Amritsar,09-10-2017,173,242.21,177.6,47.02,45.47,111.77
Punjab,Amritsar,10-10-2017,316,154.66,189.69,164.91,18.87,159.5
Punjab,Amritsar,01-11-2017,314,194.31,37.29,72.34,0.15,129.35
Punjab,Amritsar,22-11-2017,133,29.03,240.83,10.77,44.19,87.6
Punjab,Amritsar,08-12-2017,310,292.07,158.65,183.6,45.46,61.01
Punjab,Amritsar,09-12-2017,87,286.75,272.71,9.18,36.32,40.51
Punjab,Amritsar,13-12-2017,346,206.35,355.3,117.6,18.06,46.08
Punjab,Amritsar,03-01-2018,282,182.16,82.45,91.41,52.93,199.53
Punjab,Amritsar,15-01-2018,301,117.55,253.15,39.77,42.03,179.6
Punjab,Amritsar,23-01-2018,60,250.96,5.75,87.82,83.15,190.42
Punjab,Amritsar,16-02-2018,400,239.57,60.92,109.57,44.56,1.09
Punjab,Amritsar,22-02-2018,220,52.83,164.86,97.46,53.93,101.13
Punjab,Amritsar,25-03-2018,145,187.23,390.74,177.26,29.48,64.19
Punjab,Amritsar,26-03-2018,472,118.77,306.45,1.91,66.35,184.6
Punjab,Amritsar,10-04-2018,430,33.85,19.75,46.33,5.57,43.65
Punjab,Amritsar,17-04-2018,234,108.22,45.66,108.09,38.33,32.2
Punjab,Amritsar,19-04-2018,400,189.13,21.5,13.13,69.61,138.48
Punjab,Amritsar,27-04-2018,59,178.71,309.39,29.68,23.1,67.36
Punjab,Amritsar,02-05-2018,309,54.49,136.12,199.2,1.35,196.4
Punjab,Amritsar,07-05-2018,261,5.82,311.77,98.32,75,170.27
Punjab,Amritsar,10-05-2018,403,279.52,134.53,95.14,80.76,188.25
Punjab,Amritsar,16-05-2018,11,154.38,36.9,150.17,95.61,62.11
Punjab,Amritsar,31-05-2018,470,217.26,384.72,187.68,51.2,160.2
Punjab,Amritsar,01-06-2018,16,89.69,350.73,91.28,31.63,17.3
Punjab,Amritsar,13-06-2018,268,119.11,44.24,163.1,78.23,7.33
Punjab,Amritsar,15-06-2018,420,229.25,164.71,171.01,3.6,195.69
Punjab,Amritsar,09-07-2018,130,67.69,36.01,26.74,22.99,156.01
Punjab,Amritsar,14-07-2018,391,184.33,34.69,137.51,41.69,19.55
Punjab,Amritsar,09-08-2018,31,195.49,394.2,41.64,13.81,133.69
Punjab,Amritsar,16-08-2018,86,241.64,107.67,119.64,49.7,90.46
Punjab,Amritsar,10-09-2018,419,55.12,138.58,46.68,63.97,86.44
Punjab,Amritsar,20-09-2018,363,169.43,216.63,151.32,69.79,191.2
Punjab,Amritsar,27-09-2018,79.5,164.66,235.46,148.2,46.1,12.07
Punjab,Amritsar,29-09-2018,206,185.79,241.695,143.86,37.21,79.89
Punjab,Amritsar,30-09-2018,479,117.27,172.6,46.69,61.38,46.95
Punjab,Amritsar,11-10-2018,275,227.98,215.18,124.85,59.41,34.58
Punjab,Amritsar,13-10-2018,350,162.3,150.38,31.04,30.3,184.44
Punjab,Amritsar,17-10-2018,272,41.59,137.74,51.92,6.82,109.04
Punjab,Amritsar,27-10-2018,165,132.69,339.89,182.89,58.22,54.32
Punjab,Amritsar,27-11-2018,186,244.985,136.66,95.965,52.635,135.225
Punjab,Amritsar,03-12-2018,312,266.34,38.55,186.95,79.18,54.43
Punjab,Amritsar,10-12-2018,83,148.19,19.03,83.39,81.74,180.69
Punjab,Amritsar,17-12-2018,219,129.5,197.82,115.625,54.205,58.305
Punjab,Amritsar,20-12-2018,172,171.43,204.93,46.06,80.01,126.62
Punjab,Amritsar,02-01-2019,197,205.72,145.3,74.89,29.54,104.69
Punjab,Amritsar,04-01-2019,483,264.23,42.63,21.8,97.19,199.03
Punjab,Amritsar,05-01-2019,379,152.89,34.53,72.38,92.07,112.63
Punjab,Amritsar,09-01-2019,98,96.59,352.05,77.4,18.18,107.83
Punjab,Amritsar,11-01-2019,144,231.57,23,142.03,37.8,161.3
Punjab,Amritsar,13-01-2019,214,27.8,69.41,164.23,75.12,132.96
Punjab,Amritsar,18-01-2019,55,293.83,204.74,113.63,83.17,22.47
Punjab,Amritsar,20-01-2019,329,192.45,191.89,164.39,2.02,76.71
Punjab,Amritsar,22-01-2019,400,20.86,323.93,140.17,64.62,184.09
Punjab,Amritsar,29-01-2019,61,3.58,222.25,171.43,39.13,139.13
Punjab,Amritsar,01-02-2019,446,264.9,55.94,124.01,8.21,135.84
Punjab,Amritsar,03-02-2019,70,24.31,173.61,37.67,18.16,38.28
Punjab,Amritsar,06-02-2019,40,11.1,140.55,166.14,80.65,41.02
Punjab,Amritsar,14-02-2019,203,152.31,310.95,158.72,28.58,17.57
Punjab,Amritsar,22-02-2019,213.5,199.035,81.59,67.28,60.795,80.54
Punjab,Amritsar,06-03-2019,81,171.76,219.76,49.68,79.07,141.37
Punjab,Amritsar,08-03-2019,143,193.57,268.81,188.91,55.01,193.15
Punjab,Amritsar,13-03-2019,95,51.87,301.06,183.94,13.7,159.07
Punjab,Amritsar,16-03-2019,89,234.46,358.61,61.78,77.13,56.71
Punjab,Amritsar,18-03-2019,97,207.37,337.32,125.64,71.48,132.27
Punjab,Amritsar,20-03-2019,409,288.99,112.5,47.38,26.6,54.6
Punjab,Amritsar,01-04-2019,286,175.76,110.12,141.05,16.48,185.64
Punjab,Amritsar,07-04-2019,16,270.52,78.84,123.48,7.16,198.17
Punjab,Amritsar,10-04-2019,72,259.54,122.78,29.29,95.86,94.31
Punjab,Amritsar,14-04-2019,12,132.96,23.01,171.38,2.5,191.6
Punjab,Amritsar,24-04-2019,235,118.42,167.32,196.58,32.7,192.25
Punjab,Amritsar,18-05-2019,26,6.57,154.16,171.67,20.2,144.22
Punjab,Amritsar,20-05-2019,202,79.78,228.68,25.05,27.48,116.33
Punjab,Amritsar,30-05-2019,382,60.65,44.7,97.37,83.34,194.11
Punjab,Amritsar,02-06-2019,290,88.99,135.15,111.86,27.06,41.93
Punjab,Amritsar,28-06-2019,88,170.02,152.61,41.65,3.01,11.3
Punjab,Amritsar,07-07-2019,253,183.42,264.04,134.63,44.62,187.34
Punjab,Amritsar,10-07-2019,46,134.65,268.13,59.45,44.99,52.28
Punjab,Amritsar,11-07-2019,215,139.6,101.8,16.74,4.28,150.74
Punjab,Amritsar,25-07-2019,69,224.77,291.07,148.77,72.71,11.43
Punjab,Amritsar,02-08-2019,340,252.9,230.56,166.66,32.92,179.73
Punjab,Amritsar,03-08-2019,476,6.7,14.97,89.77,83.13,67.42
Punjab,Amritsar,07-08-2019,99,278.28,0.96,13.03,8.64,16.8
Punjab,Amritsar,24-08-2019,285,238.26,301.55,112.76,85.44,152.05
Punjab,Amritsar,25-08-2019,90,135.57,163.58,184.98,55.38,128.2
Punjab,Amritsar,26-08-2019,463,296.45,274.1,127.26,98.22,155.45
Punjab,Amritsar,06-09-2019,107,247.49,118.13,191.53,18.16,110.82
Punjab,Amritsar,18-09-2019,43,276.96,94.46,186.11,2.18,13.23
Punjab,Amritsar,01-10-2019,179,285.71,89.74,21.09,73.18,142.74
Punjab,Amritsar,14-10-2019,263,37.14,199.95,53.14,86.73,62.56
Punjab,Amritsar,20-10-2019,387,168.39,115.77,129.15,27.72,52.54
Punjab,Amritsar,24-10-2019,378,203.14,205.25,118.56,22.28,95.61
Punjab,Amritsar,21-11-2019,303,82.5,282.67,28.41,6.99,55.74
Punjab,Amritsar,06-12-2019,418,134.77,297.02,118.71,46.55,71.77
Punjab,Amritsar,29-12-2019,57,168.71,71.68,154.12,48.23,107.49
Punjab,Amritsar,14-01-2020,259,75.23,395.44,136.49,1.43,60.05
Punjab,Amritsar,15-01-2020,303,250.675,196.38,141.71,32.85,123.525
Punjab,Amritsar,17-01-2020,266,157.18,122.11,73.24,39.06,120.53
Punjab,Amritsar,31-01-2020,65,52.11,375.69,176.95,52.21,34.48
Punjab,Amritsar,16-02-2020,378,141.42,376.3,146.77,38.42,123.62
Punjab,Amritsar,17-03-2020,484.5,37.655,257.35,85.01,62.035,75.43
Punjab,Amritsar,20-03-2020,103,65.29,360.41,25.13,57.41,120.62
Punjab,Amritsar,27-04-2020,253,173.16,393.94,68.73,75.15,73.72
Punjab,Amritsar,29-04-2020,154,190.7,334.19,57.98,71.8,113.7
Punjab,Amritsar,13-05-2020,242,124.77,195.58,21.47,31.67,109.02
Punjab,Amritsar,19-05-2020,57,68.04,264.57,24.02,93.74,66.36
Punjab,Amritsar,22-05-2020,115,123.65,306.42,31.51,92.48,37.99
Punjab,Amritsar,27-05-2020,305,80.45,137.12,12.38,81.92,173.79
Punjab,Amritsar,02-06-2020,188,170.25,180.25,17.67,40.32,178.37
Punjab,Amritsar,10-06-2020,200,182.11,368.17,111.94,24.91,170.29
Punjab,Amritsar,12-06-2020,108,93.84,117.75,159.32,32.59,133.27
Punjab,Amritsar,20-06-2020,37,37.06,29.7,111.69,3.49,78.94
Punjab,Amritsar,26-06-2020,325,58.47,177.79,66.23,90.17,24.76
Punjab,Amritsar,29-06-2020,348,168.99,198.58,80.44,50.83,131.94
Punjab,Amritsar,30-06-2020,171,8.63,229.89,34.6,68.64,164.52
Punjab,Amritsar,19-07-2020,442,55.33,96.02,9.52,92.24,68.25
Punjab,Amritsar,20-07-2020,425,126.62,37.29,164.48,18.5,138.79
Punjab,Amritsar,25-07-2020,407,14.44,328.11,166.34,56.44,168.1
Punjab,Amritsar,06-08-2020,84,211.99,391.69,61.68,90.42,198.64
Punjab,Amritsar,08-08-2020,278,193.11,311.85,146.53,86.14,10.47
Punjab,Amritsar,24-08-2020,315,75.28,365.25,69.48,41.11,13.25
Punjab,Amritsar,03-09-2020,102,224.89,323.14,166.42,81.14,36.71
Punjab,Amritsar,15-09-2020,460,231.64,69.48,148.48,55.43,152.59
Punjab,Amritsar,13-10-2020,257,280.25,397.95,16.56,42.8,98.93
Punjab,Amritsar,16-10-2020,251,26.69,176.91,80.02,99.4,159.66
Punjab,Amritsar,20-10-2020,464,175,59.26,29.36,6.47,42.38
Punjab,Amritsar,21-10-2020,409,271.98,23.2,46.88,60.3,95.03
Punjab,Amritsar,26-10-2020,23,35.78,354.03,151.4,91.82,41.79
Punjab,Amritsar,02-11-2020,329,258.17,198.91,27.92,73.37,150.39
Punjab,Amritsar,10-11-2020,40,242.86,206.57,15.19,69.02,118.37
Punjab,Amritsar,11-11-2020,441,68.81,93.79,115.65,81.33,49.53
Punjab,Amritsar,15-11-2020,444,35.75,284.02,115.23,23.36,30.65
Punjab,Amritsar,24-11-2020,108,82.52,308.38,181.62,23,186.87
Punjab,Amritsar,27-11-2020,472,200.26,323.14,97.19,14.43,68.5
Punjab,Amritsar,29-11-2020,441,32.07,342.66,11.35,1.53,25.88
Punjab,Amritsar,02-12-2020,69,264.2,72.73,132.33,50.16,37.2
Punjab,Amritsar,16-12-2020,128,19.07,29.11,160.72,48.36,8.39
Punjab,Amritsar,27-12-2020,308,239.38,377.94,127.05,94.99,27.05
Punjab,Amritsar,09-01-2021,396,13.35,121.3,38.76,4.3,21.77
Punjab,Amritsar,19-01-2021,291,95.15,248.29,123.89,64.085,19.225
Punjab,Amritsar,12-02-2021,222,275.64,126.18,152.4,71.09,81.38
Punjab,Amritsar,13-03-2021,391,147.99,184.8,11.75,4.79,128.21
Punjab,Amritsar,26-03-2021,403,156.59,318.71,115.98,74.36,195.58
Punjab,Amritsar,30-03-2021,295,215.43,19.11,173.43,90.91,33.53
Punjab,Amritsar,01-04-2021,18,252.54,156.02,15.21,58.99,176.26
Punjab,Amritsar,14-04-2021,133,214.75,236.95,87.55,95.79,43.94
Punjab,Amritsar,30-04-2021,155,53.85,180.12,116.93,54.64,145.98
Punjab,Amritsar,02-05-2021,263,284.91,364.47,169.95,83.01,7.16
Punjab,Amritsar,19-05-2021,18,16.67,260.52,4.55,11.42,92.54
Punjab,Amritsar,08-06-2021,99,47.43,359.56,35.99,74.29,131.04
Punjab,Amritsar,09-06-2021,266,280.5,269.93,83.53,27.54,90.24
Punjab,Amritsar,17-06-2021,472,240.92,94.01,5.94,4.61,113.46
Punjab,Amritsar,22-06-2021,82,95.05,160.21,56.72,76.9,33.12
Punjab,Amritsar,08-07-2021,11,24.68,134.52,186.55,47.24,84.14
Punjab,Amritsar,10-07-2021,220,152,55.61,198.4,83.61,187.4
Punjab,Amritsar,14-07-2021,443,208.22,211.01,29.39,12.66,67.67
Punjab,Amritsar,26-07-2021,339,56.76,312.67,36.3,62.52,46.59
Punjab,Amritsar,19-08-2021,156,198.37,217.54,144.2,16.91,161.56
Punjab,Amritsar,15-09-2021,291,271.64,206.39,90.85,21.92,157.89
Punjab,Amritsar,20-09-2021,390,246.92,348.37,189.52,23.48,96.98
Punjab,Amritsar,08-10-2021,208,71.17,153.15,77.9,88.88,37.68
Punjab,Amritsar,18-10-2021,299,36.34,0.41,3.06,22.83,59.13
Punjab,Amritsar,26-10-2021,281,95.19,302.13,156.79,29.17,54.97
Punjab,Amritsar,08-11-2021,224,193.26,343.06,131.21,38.05,0.92
Punjab,Amritsar,11-11-2021,248,178.235,285.13,105.645,89.295,55.93
Punjab,Amritsar,17-11-2021,328,152.67,140.05,54.14,43.07,116.16
Punjab,Amritsar,20-11-2021,185.5,171.78,90.34,108.705,59.55,153.23
Punjab,Amritsar,24-11-2021,429,254.87,133.92,27.04,80.76,199
Punjab,Amritsar,08-12-2021,454,46.97,206.25,180.39,76.42,60.9
Punjab,Amritsar,17-12-2021,306,295.03,108.58,5.15,83.71,164.24
Punjab,Amritsar,18-12-2021,11,211.17,254.07,139.01,50.4,113.93
Punjab,Amritsar,05-01-2022,369,254.82,305.06,98.93,36.5,128.08
Punjab,Amritsar,11-01-2022,142,113.79,387.68,180.72,7.93,95.93
Punjab,Amritsar,19-01-2022,486,157.79,284.64,13.37,98.83,47.55
Punjab,Amritsar,31-01-2022,197,187.9,27.96,74.97,86.8,14.61
Punjab,Amritsar,06-02-2022,130,279.1,331.96,170.53,46.64,39.65
Punjab,Amritsar,15-02-2022,382,158.92,234.51,137.54,1.44,79.16
Punjab,Amritsar,18-02-2022,2,299.46,331.82,171.27,9.62,109.34
Punjab,Amritsar,22-02-2022,276,234.57,347.54,153.85,25.25,186.19
Punjab,Amritsar,10-03-2022,409,176.31,115.64,192.96,50.47,199.89
Punjab,Amritsar,11-03-2022,350,278.24,1.71,64.06,40.97,160.57
Punjab,Amritsar,14-03-2022,199,185.39,292.08,69.03,95.12,170.67
Punjab,Amritsar,17-03-2022,327,146.43,375.58,0.19,29.52,133.16
Punjab,Amritsar,18-03-2022,256,144.92,77.29,14.54,91.27,179.54
Punjab,Amritsar,04-04-2022,23,61.39,296.33,35.86,9.3,71.76
Punjab,Amritsar,07-04-2022,31,217.77,243.95,177.63,8.64,98.91
Punjab,Amritsar,08-04-2022,359,87.41,108.19,164.38,54.68,3.22
Punjab,Amritsar,27-04-2022,271,196.33,95.86,196.99,17.85,89.73
Punjab,Amritsar,03-05-2022,412,224.24,231.28,14.19,64.35,7.93
Punjab,Amritsar,12-05-2022,322,83.37,230.16,119.06,32.22,8.07
Punjab,Amritsar,30-05-2022,246,51.21,181.18,23.8,22.12,56.72
Punjab,Amritsar,12-06-2022,53,297.12,51.12,142.04,47.39,82.47
Punjab,Amritsar,15-06-2022,191,18.06,380.85,7.76,61.3,58.46
Punjab,Amritsar,20-06-2022,255,110.58,129.7,69.6,14.73,9.55
Punjab,Amritsar,22-06-2022,292.5,257.735,116.88,43.075,54.48,67.11
Punjab,Amritsar,28-06-2022,223,28.66,336.6,131,40.2,128.16
Punjab,Amritsar,02-07-2022,23,269.09,18.83,134.56,20.73,122.19
Punjab,Amritsar,07-07-2022,270,33.96,147.35,107.55,60.66,44.97
Punjab,Amritsar,21-07-2022,443,169.19,28.34,54.99,70.34,6.17
Punjab,Amritsar,31-07-2022,193,228.37,340.36,95.35,25.21,95.71
Punjab,Amritsar,08-08-2022,374,57.28,334.89,153.36,19.5,181.17
Punjab,Amritsar,10-08-2022,56,34.81,74.76,61.79,72.54,152.1
Punjab,Amritsar,17-09-2022,77,105.02,206.15,102.48,38.91,137.81
Punjab,Amritsar,30-09-2022,452,280.28,319.5,181.21,22.55,116.48
Punjab,Amritsar,02-10-2022,302,24.11,244.36,50.33,63.57,189.08
Punjab,Amritsar,14-10-2022,468,80.54,97.12,56.16,12.38,30.58
Punjab,Amritsar,15-10-2022,89,186.37,233.37,147.12,56.5,184.09
Punjab,Amritsar,17-10-2022,333,167.38,87.12,1.05,63.32,80.24
Punjab,Amritsar,19-10-2022,15,62.97,292.24,28.88,82.83,112.31
Punjab,Amritsar,20-10-2022,123,250.29,192.25,92.82,35.61,27.08
Punjab,Amritsar,08-11-2022,285,148.47,68.45,17.53,80.84,29.25
Punjab,Amritsar,18-11-2022,417,153.51,248.44,60.75,34.77,96.04
Punjab,Amritsar,16-12-2022,438,8.41,160.12,173.54,64.08,125.51
Punjab,Ludhiana,05-01-2015,430,108.21,209.18,187.17,97.57,111.68
Punjab,Ludhiana,12-01-2015,475,70.84,159.05,136.52,48.82,192.29
Punjab,Ludhiana,15-01-2015,79,279.95,291.36,143.69,14.27,189.37
Punjab,Ludhiana,16-01-2015,482,30.49,164.68,65.26,75.4,156.26
Punjab,Ludhiana,21-01-2015,370.5,118.545,185.79,74.26,43.06,54.725
Punjab,Ludhiana,03-02-2015,96,7.65,45.77,93.59,73.1,4.79
Punjab,Ludhiana,10-02-2015,391,45.34,362.78,44.06,24.04,97.32
Punjab,Ludhiana,15-02-2015,443,55.88,144.78,25.4,45.69,81.51
Punjab,Ludhiana,19-02-2015,119,23.69,327.42,88.34,26.18,193.28
Punjab,Ludhiana,23-02-2015,28,237.33,124.84,192.72,38.86,167.19
Punjab,Ludhiana,25-03-2015,210,262.8,343.07,197.87,22.46,149.05
Punjab,Ludhiana,28-03-2015,498,277.68,378.04,119.1,44.76,135.84
Punjab,Ludhiana,30-03-2015,332,115.49,206.64,9.73,23.89,170.69
Punjab,Ludhiana,16-05-2015,419,219.73,11.02,167.98,52.87,165.96
Punjab,Ludhiana,22-05-2015,94,240.1,250.76,139.38,26.74,150.41
Punjab,Ludhiana,30-05-2015,30,109.32,207.96,6.5,81.24,187.92
Punjab,Ludhiana,14-06-2015,373,114.39,391.88,116.35,67.26,4.77
Punjab,Ludhiana,25-06-2015,386,116.2,12.83,174.04,68.87,51.85
Punjab,Ludhiana,10-07-2015,216,5.82,389.28,14.59,23.52,113.58
Punjab,Ludhiana,12-07-2015,216.5,103.975,289.66,128.58,38.32,168.07
Punjab,Ludhiana,20-07-2015,244,140.73,190.66,121.5,59.65,130.08
Punjab,Ludhiana,22-07-2015,283,166.1,255.07,196.15,57.71,61.56
Punjab,Ludhiana,24-07-2015,116,21.145,221.275,64.575,79.245,110.64
Punjab,Ludhiana,06-08-2015,168,68.53,371.83,154.19,53.8,62.05
Punjab,Ludhiana,28-08-2015,386,9.33,335.65,47.96,84.23,50.7
Punjab,Ludhiana,24-09-2015,32,161.65,176.31,110.59,91.06,133.28
Punjab,Ludhiana,27-09-2015,355,170.31,181.65,70.9,86.84,131.31
Punjab,Ludhiana,09-10-2015,96,111.54,202.1,121.76,77.485,102.465
Punjab,Ludhiana,01-11-2015,275,162.155,143.495,105.365,62.175,146.72
Punjab,Ludhiana,09-11-2015,210,291.71,106.53,196.6,0.63,32.84
Punjab,Ludhiana,15-11-2015,420,10.76,349.86,22.75,71.37,155.83
Punjab,Ludhiana,16-11-2015,237,235.52,72.47,127,34.76,45.42
Punjab,Ludhiana,22-11-2015,311,67.95,207.83,131.7,49.94,6.43
Punjab,Ludhiana,28-11-2015,489,223.13,367.38,91.56,85.01,93.22
Punjab,Ludhiana,29-11-2015,129,119.13,216.34,109.28,11.12,64.07
Punjab,Ludhiana,04-12-2015,134,112.68,125.11,34.55,78.81,171.55
Punjab,Ludhiana,06-12-2015,34,215.37,318.75,96.82,92.13,23.79
Punjab,Ludhiana,12-12-2015,236,188.26,327.74,130.8,37.3,132.22
Punjab,Ludhiana,23-12-2015,455,135.4,391.43,152.04,72.45,117.36
Punjab,Ludhiana,08-01-2016,440,283.02,247.49,76.38,96.23,81.61
Punjab,Ludhiana,10-01-2016,460,132.39,300.32,183.97,46.55,75.26
Punjab,Ludhiana,14-01-2016,216,290.42,234.12,83.67,26.46,89.69
Punjab,Ludhiana,16-01-2016,387,149.11,159.78,141.53,0.57,178.57
Punjab,Ludhiana,03-02-2016,14,226.62,301.89,0.29,17.83,191.47
Punjab,Ludhiana,19-03-2016,218,69.41,357.22,193.25,1.61,63.47
Punjab,Ludhiana,27-03-2016,455,101.35,314.58,115.78,25.6,180.86
Punjab,Ludhiana,31-03-2016,470,94.5,241.94,183.29,85.31,34.64
Punjab,Ludhiana,06-04-2016,484,279.06,3.05,129.11,85.32,40.97
Punjab,Ludhiana,01-05-2016,380,2.69,54.54,127.24,51.07,169.34
Punjab,Ludhiana,06-05-2016,99,267.41,58.28,54.03,64.51,182.71
Punjab,Ludhiana,16-05-2016,300,133.41,132.19,57.72,83.67,21.61
Punjab,Ludhiana,29-05-2016,99,279.3,153.62,7.53,16.74,142.72
Punjab,Ludhiana,01-06-2016,76,25.47,51.82,98.95,81.95,154.3
Punjab,Ludhiana,14-06-2016,135,41.48,201.84,176.1,15.67,16.72
Punjab,Ludhiana,07-07-2016,253,222.1,149.85,24.38,63.99,155.95
Punjab,Ludhiana,13-07-2016,434,159.02,94.79,189.09,28.29,140.66
Punjab,Ludhiana,17-07-2016,412,66.06,3.81,156.06,71.31,166.08
Punjab,Ludhiana,26-07-2016,427,44.5,51.57,178.37,82.73,28.1
Punjab,Ludhiana,30-07-2016,487,171.54,278.66,159.07,86.54,75.53
Punjab,Ludhiana,13-08-2016,186,95.55,53.77,55.91,49.32,68.26
Punjab,Ludhiana,16-08-2016,301,286.76,15.21,3.89,11.13,73.39
Punjab,Ludhiana,17-08-2016,147,161.97,324.99,53.64,11.3,77.96
Punjab,Ludhiana,22-08-2016,278,52,128.81,68.42,52.16,197.39
Punjab,Ludhiana,16-09-2016,318,233.75,31.9,159.59,55.56,33.21
Punjab,Ludhiana,19-10-2016,136,88.89,25.74,124.78,82,160.56
Punjab,Ludhiana,03-11-2016,218,180.85,306.3,153.725,75.42,63.585
Punjab,Ludhiana,04-11-2016,314,241.6,211.44,125.24,8.95,23.48
Punjab,Ludhiana,05-11-2016,118,210.79,87.2,1.22,97.14,28.83
Punjab,Ludhiana,15-11-2016,355,116.79,142.77,95.23,95.8,186.16
Punjab,Ludhiana,17-11-2016,340,219.15,164.42,164.46,43.67,179.76
Punjab,Ludhiana,24-11-2016,116,30.68,247.13,80.63,69.04,143.59
Punjab,Ludhiana,29-11-2016,275,292.59,75.14,87.49,35.64,12.56
Punjab,Ludhiana,02-12-2016,265,46.11,306.32,139.45,53.02,140.01
Punjab,Ludhiana,05-02-2017,194,30.895,253.41,73.035,34.63,83.02
Punjab,Ludhiana,22-02-2017,353,253.51,285.02,82.34,68.03,0.23
Punjab,Ludhiana,04-03-2017,253,230.94,374.67,51.24,54.18,141.26
Punjab,Ludhiana,05-03-2017,446,65.59,396.28,57.08,46.24,59
Punjab,Ludhiana,17-03-2017,298,97.57,189.4,113.96,90.85,195.08
Punjab,Ludhiana,25-03-2017,245,110.63,378.23,109.88,9.89,73.74
Punjab,Ludhiana,28-03-2017,352,211.29,290.35,24.61,59.17,166.69
Punjab,Ludhiana,05-04-2017,339,177.41,203.27,138.29,97.37,189.09
Punjab,Ludhiana,20-04-2017,204,37.54,126.08,16.77,64.83,82.33
Punjab,Ludhiana,26-04-2017,103,115.07,278.52,177.84,37.89,101.14
Punjab,Ludhiana,01-05-2017,403,23.38,274.7,9.74,55.69,5.71
Punjab,Ludhiana,04-05-2017,165,248.58,225.32,53.62,0.62,54.7
Punjab,Ludhiana,08-05-2017,441,70.28,159,84.11,36.18,61.18
Punjab,Ludhiana,28-06-2017,401,74.62,277.9,40.17,30.62,111.54
Punjab,Ludhiana,11-07-2017,458.5,219.735,181.785,127.63,93.5,148.735
Punjab,Ludhiana,14-07-2017,215,100.15,178.34,50.21,33.45,101.79
Punjab,Ludhiana,20-07-2017,137,91.53,46.87,72.01,59.34,57.56
Punjab,Ludhiana,27-07-2017,122,183.13,296.67,191.52,24.4,159.63
Punjab,Ludhiana,13-08-2017,55,177.96,182.51,45.63,20.6,150.59
Punjab,Ludhiana,25-08-2017,184,283.5,209.69,44.55,99.65,166.34
Punjab,Ludhiana,10-09-2017,412,147.76,314.67,199.76,77.97,105.73
Punjab,Ludhiana,11-09-2017,320,169.39,337.2,101.09,43.11,197.54
Punjab,Ludhiana,25-09-2017,132,235.42,291.58,18.12,96.39,51.96
Punjab,Ludhiana,05-10-2017,145,19.41,134.89,14.74,27.03,105.75
Punjab,Ludhiana,12-10-2017,146,271.65,81.45,112.27,65.6,132.93
Punjab,Ludhiana,24-10-2017,70,57.62,277.33,103.02,22.84,137.36
Punjab,Ludhiana,11-12-2017,313,286.67,224.51,76.58,11.91,167.51
Punjab,Ludhiana,05-01-2018,69,138.97,224.04,125.84,62.28,65.95
Punjab,Ludhiana,09-01-2018,101,221.38,70.53,108.98,29.32,84.79
Punjab,Ludhiana,28-01-2018,434,239.85,134.36,37.76,85.18,113.22
Punjab,Ludhiana,05-02-2018,203,207.64,379.58,16.54,8.02,1.38
Punjab,Ludhiana,15-02-2018,112,226.91,346.09,73.91,52.27,170.65
Punjab,Ludhiana,18-02-2018,277,119.69,321.93,178.47,65.34,107.99
Punjab,Ludhiana,04-03-2018,24,49.8,175.57,4.49,43.24,174.53
Punjab,Ludhiana,06-03-2018,443,44.12,352.52,40.66,44.56,69.88
Punjab,Ludhiana,09-03-2018,466,211.4,104.77,186.95,28.71,186.1
Punjab,Ludhiana,15-03-2018,457.5,88.36,167.09,89.785,68.995,54.1
Punjab,Ludhiana,16-03-2018,486,210.2,229.16,84.22,39.3,14.48
Punjab,Ludhiana,19-03-2018,243,134.46,299.31,175.02,30.29,36.91
Punjab,Ludhiana,21-03-2018,287,295.66,280.82,73.89,22.63,95.69
Punjab,Ludhiana,02-04-2018,254,200.215,290.27,129.385,47.21,72.78
Punjab,Ludhiana,26-04-2018,173,210.86,335.84,67.37,13.96,35.36
Punjab,Ludhiana,28-04-2018,134,96.99,298.4,1.9,35.25,153.57
Punjab,Ludhiana,05-05-2018,350,98.47,66.54,53.21,98.99,132.58
Punjab,Ludhiana,16-05-2018,485,295.89,277.69,8.28,5.9,104.59
Punjab,Ludhiana,22-05-2018,12,187.33,59.55,131.26,30.67,186.89
Punjab,Ludhiana,26-05-2018,47,41.23,224.13,104.03,15.19,107.76
Punjab,Ludhiana,31-05-2018,231,159.81,129.19,149.41,58.8,176.25
Punjab,Ludhiana,08-06-2018,460,108.99,302.42,38.59,22.18,109.6
Punjab,Ludhiana,12-06-2018,210,206.57,278.93,148.86,92.13,30.6
Punjab,Ludhiana,22-06-2018,60,121.02,205.37,126.28,35.8,35.79
Punjab,Ludhiana,08-07-2018,65,90.19,362.94,135.22,24.28,103.8
Punjab,Ludhiana,10-07-2018,291,227.36,54.08,79.78,15.08,158.62
Punjab,Ludhiana,17-07-2018,266,225.19,347.48,95.71,97.16,62.43
Punjab,Ludhiana,20-07-2018,334,141.2,138.75,29.4,68.81,79.82
Punjab,Ludhiana,22-07-2018,374,171.19,322.7,82.05,72.54,112.51
Punjab,Ludhiana,25-08-2018,90,201.18,284.52,86.28,15.34,29.05
Punjab,Ludhiana,06-09-2018,268,247.49,101.82,121.68,12.94,113.6
Punjab,Ludhiana,25-09-2018,116,18.44,193.8,138.09,63.63,186.96
Punjab,Ludhiana,04-10-2018,272,298.63,290.93,36.15,95.92,96.43
Punjab,Ludhiana,11-12-2018,334,70.05,108.4,156.995,9.665,54.935
Punjab,Ludhiana,21-12-2018,495,286.4,111.53,167.71,99.89,118.11
Punjab,Ludhiana,06-01-2019,452,150.13,83.1,120.6,70.24,190.76
Punjab,Ludhiana,21-01-2019,468,24.91,378.43,52.78,45.3,8.73
Punjab,Ludhiana,01-02-2019,423,151.82,358.74,181.63,77.32,30.9
Punjab,Ludhiana,09-02-2019,121,75.28,263.05,129.98,46.31,84.04
Punjab,Ludhiana,10-02-2019,189,167.83,213.97,124.1,75.12,4.4
Punjab,Ludhiana,17-02-2019,345,110.5,371.27,177.44,67.46,98.06
Punjab,Ludhiana,18-02-2019,163,10,200.44,81.64,79.9,92.02
Punjab,Ludhiana,20-02-2019,421,12.14,42.95,52.93,14.11,16.49
Punjab,Ludhiana,21-02-2019,365,131.52,279.93,120.91,44.74,63.13
Punjab,Ludhiana,01-03-2019,119,138.31,25.45,122.72,70.87,42.56
Punjab,Ludhiana,20-03-2019,222,107.49,334.02,69.8,54.28,132.32
Punjab,Ludhiana,22-03-2019,430,150.32,236.06,20.14,90.6,158.61
Punjab,Ludhiana,31-03-2019,79,214.43,140.88,135.7,48.17,127.57
Punjab,Ludhiana,06-04-2019,15,260.12,250.18,43.37,76.74,146
Punjab,Ludhiana,18-04-2019,441,274.6,199.64,157.82,4.2,184.34
Punjab,Ludhiana,21-04-2019,130,245.98,168.49,26.85,87.21,8.27
Punjab,Ludhiana,22-04-2019,344.5,36.89,176.055,86.735,60.24,119.79
Punjab,Ludhiana,23-04-2019,238,275.6,264.81,129.59,51.81,79.56
Punjab,Ludhiana,24-04-2019,403,248.56,346.68,172.11,82.94,88.96
Punjab,Ludhiana,01-05-2019,162,262.78,142.6,38.15,32.99,183.42
Punjab,Ludhiana,11-05-2019,93,108.11,196.37,78.1,88.14,122.15
Punjab,Ludhiana,15-05-2019,1,202.66,112.69,29.36,60.6,84.63
Punjab,Ludhiana,17-05-2019,272,100.69,197.65,7.18,67.51,182.61
Punjab,Ludhiana,18-05-2019,432,274.55,24.58,73.21,61.63,26.04
Punjab,Ludhiana,26-05-2019,190,261.99,285.93,176.55,64.41,70.39
Punjab,Ludhiana,31-05-2019,207,61.93,370.39,151.66,17.79,111.91
Punjab,Ludhiana,02-06-2019,494,23.62,156.23,88.05,79.81,20.4
Punjab,Ludhiana,19-07-2019,69,228.22,375.41,39.04,61.23,56.73
Punjab,Ludhiana,27-07-2019,57,274.49,149.47,8.95,18.09,129.83
Punjab,Ludhiana,28-07-2019,328,46.03,347.67,65.73,66.76,167.08
Punjab,Ludhiana,07-08-2019,304,0.56,191.24,99.84,27.42,153.05
Punjab,Ludhiana,08-08-2019,460,9.4,335.21,33.07,1.83,10.62
Punjab,Ludhiana,19-08-2019,348,89.25,110.64,189.82,36.23,65.72
Punjab,Ludhiana,31-08-2019,336,78.36,12.63,56.85,54.74,40.61
Punjab,Ludhiana,02-09-2019,232,96.81,318.36,190.11,22.01,9.42
Punjab,Ludhiana,11-09-2019,281,61.32,146.07,1.83,52.58,29.82
Punjab,Ludhiana,13-09-2019,452,20.2,370.21,194.23,34.54,8.58
Punjab,Ludhiana,18-09-2019,269,128.25,239.75,77.13,83.03,192
Punjab,Ludhiana,24-09-2019,212,11.79,8.77,52.66,18.5,0.04
Punjab,Ludhiana,09-10-2019,79,248.78,376.89,107.87,15.41,162.96
Punjab,Ludhiana,12-10-2019,401,59.56,98.98,177.76,87.26,133.43
Punjab,Ludhiana,21-10-2019,370,26.68,380.26,183.15,40.87,147.98
Punjab,Ludhiana,22-10-2019,258,11.64,379.02,41.89,89.13,167.89
Punjab,Ludhiana,23-10-2019,215,273.09,301.84,91.36,3.16,44.39
Punjab,Ludhiana,25-10-2019,76,223.32,242.49,124.81,10.03,35.52
Punjab,Ludhiana,01-11-2019,187,79.1,340.36,142.9,96.5,118
Punjab,Ludhiana,12-11-2019,350,218.45,155.06,37.21,49.05,5.86
Punjab,Ludhiana,24-11-2019,129,141.61,107.4,115.29,46.75,65.33
Punjab,Ludhiana,25-11-2019,164,10.6,127.76,192.33,43.77,190.6
Punjab,Ludhiana,02-12-2019,368,40.47,48.52,42.37,86.81,87.01
Punjab,Ludhiana,14-12-2019,292,161.04,250.25,28.32,80.93,68.63
Punjab,Ludhiana,18-12-2019,470,299.35,78.9,160.43,29.82,53.88
Punjab,Ludhiana,25-12-2019,441,20.81,340.92,64.47,14.54,0.31
Punjab,Ludhiana,05-01-2020,167,25.12,48.57,94.33,20.85,34.03
Punjab,Ludhiana,22-01-2020,139,81.55,263.15,45.71,29.63,114.26
Punjab,Ludhiana,23-01-2020,402,238.75,78.52,83.61,67.33,146.75
Punjab,Ludhiana,25-01-2020,203,71.84,107.01,45.6,14.98,73.07
Punjab,Ludhiana,31-01-2020,112,149.22,311.26,176.17,12.15,86.84
Punjab,Ludhiana,15-02-2020,437,89.88,101.14,160.51,94.49,104.07
Punjab,Ludhiana,16-02-2020,218,156.94,62.99,118.85,68.49,65.24
Punjab,Ludhiana,29-02-2020,356,72.93,123.04,110.72,61.77,180.61
Punjab,Ludhiana,12-03-2020,9,57.17,177.86,184.27,78.31,112.9
Punjab,Ludhiana,01-04-2020,358,203.94,76.95,143.18,98.77,99.38
Punjab,Ludhiana,05-05-2020,256,187.35,56.26,51.78,17.83,176
Punjab,Ludhiana,13-05-2020,130.5,163.075,220.46,116.895,50.06,81.085
Punjab,Ludhiana,17-05-2020,166,27.54,395.67,84.18,3,11.52
Punjab,Ludhiana,13-06-2020,82,49.97,99.08,8.48,42.2,164.18
Punjab,Ludhiana,24-06-2020,399,156.3,220.14,100.88,27.27,38.19
Punjab,Ludhiana,02-07-2020,154,143.21,140.63,37.17,52.35,6.95
Punjab,Ludhiana,05-07-2020,234,12.76,220.13,60.05,31.4,59.62
Punjab,Ludhiana,10-07-2020,339,211.03,207.89,116.44,65.76,126.93
Punjab,Ludhiana,19-07-2020,425,120.85,73.38,163.47,34.77,16.29
Punjab,Ludhiana,27-07-2020,495,270.6,72.56,156.32,65.95,102.84
Punjab,Ludhiana,02-08-2020,471,100.74,114.18,179.58,47.02,91.22
Punjab,Ludhiana,12-08-2020,133,298.4,205.47,193.23,48.55,166.38
Punjab,Ludhiana,25-08-2020,171,241.96,352.64,75.07,33.6,154.91
Punjab,Ludhiana,28-08-2020,220,47.42,214.16,83.49,27.23,128.05
Punjab,Ludhiana,04-09-2020,165,42.33,48.68,39.51,90.8,104.17
Punjab,Ludhiana,09-09-2020,92,278.22,40,17.47,10.57,51.55
Punjab,Ludhiana,12-09-2020,333,4.84,265.46,34.94,50.37,162.9
Punjab,Ludhiana,05-10-2020,294,32.92,141.36,27.66,13.69,171.58
Punjab,Ludhiana,17-10-2020,37,139.07,39.46,45.18,82.43,67.59
Punjab,Ludhiana,24-10-2020,328,242.565,165.545,33.115,54.785,124.84
Punjab,Ludhiana,28-10-2020,312.6666667,125.0466667,82.5,57.21666667,62.07333333,118.49
Punjab,Ludhiana,04-11-2020,249,196.47,368.78,188.34,31.25,84.34
Punjab,Ludhiana,20-11-2020,158,181.12,12.59,34.61,42.36,167.45
Punjab,Ludhiana,24-11-2020,158,89.22,125.15,162.8,34.44,93.83
Punjab,Ludhiana,26-11-2020,399,294.04,96.22,169.85,25.25,59.14
Punjab,Ludhiana,11-01-2021,327,161.36,204.85,5.38,31.29,16.09
Punjab,Ludhiana,14-01-2021,171,66.4,397.26,32.89,67.85,159.36
Punjab,Ludhiana,18-01-2021,194,280.28,247.28,62.69,63.61,5.54
Punjab,Ludhiana,31-01-2021,276,34.22,160.86,59.6,96.09,47.04
Punjab,Ludhiana,02-02-2021,209,78.09,114.63,174.23,55.69,4.01
Punjab,Ludhiana,04-02-2021,301,195.4,197.16,25.96,63.54,136.7
Punjab,Ludhiana,24-02-2021,379,257.34,55.93,97.48,31.91,156.24
Punjab,Ludhiana,25-02-2021,2,181.66,257.92,7.44,90.29,134.88
Punjab,Ludhiana,01-03-2021,335.5,192.87,179.235,187.42,52.295,93.91
Punjab,Ludhiana,06-03-2021,295,176.63,264.66,45.24,9.46,94.62
Punjab,Ludhiana,08-03-2021,300,173.375,73.49,45.26,39.72,106.345
Punjab,Ludhiana,28-03-2021,140,40.97,208.74,114.23,63.83,190.47
Punjab,Ludhiana,05-04-2021,147,62.25,200.88,62.74,88.99,182.85
Punjab,Ludhiana,18-04-2021,491,105.45,30.92,110.95,54.07,128.77
Punjab,Ludhiana,04-05-2021,398,260.09,397.49,2.83,9.78,25.59
Punjab,Ludhiana,07-05-2021,156,246.72,200.49,23.08,28.21,193.51
Punjab,Ludhiana,08-05-2021,429,281.26,164.91,159.83,91.21,162.68
Punjab,Ludhiana,11-05-2021,436,135.2,396.19,179.57,99.79,89.06
Punjab,Ludhiana,25-05-2021,246,107.14,147.94,120.83,58.66,62.14
Punjab,Ludhiana,28-05-2021,281,120.53,229.12,192.38,65.4,178.98
Punjab,Ludhiana,06-06-2021,34,84.48,334.59,47.02,11.93,152.17
Punjab,Ludhiana,17-06-2021,74,89.39,3.26,71.33,70.49,162.95
Punjab,Ludhiana,11-07-2021,447,281.33,392.2,110.71,70.09,71.59
Punjab,Ludhiana,14-07-2021,492,27.02,28.3,145.85,33.97,115.61
Punjab,Ludhiana,29-07-2021,11,121.8,396.48,181.67,25.76,167.29
Punjab,Ludhiana,03-08-2021,425,270.96,337.94,129.23,52.89,84.99
Punjab,Ludhiana,22-08-2021,215,61.61,49.68,93.73,52.69,134.77
Punjab,Ludhiana,29-08-2021,318,278.3,195.39,148,9.42,7.26
Punjab,Ludhiana,04-09-2021,148,249.14,296.66,122,9.45,37.4
Punjab,Ludhiana,20-09-2021,49,133.86,309.34,4.62,89.2,10.47
Punjab,Ludhiana,23-09-2021,439,76.24,294.43,1.18,25.53,66.05
Punjab,Ludhiana,25-09-2021,387,129.26,137.51,187.88,85.61,189.94
Punjab,Ludhiana,07-10-2021,65,264.85,254.69,5.04,29.25,187.97
Punjab,Ludhiana,19-10-2021,366,34.34,236.15,61.2,40.37,93.41
Punjab,Ludhiana,04-11-2021,412,5.32,310.8,115.02,88.6,16.92
Punjab,Ludhiana,07-11-2021,299,12.12,362.84,18.73,90.97,128.15
Punjab,Ludhiana,08-11-2021,422,175.44,124.9,172.73,48.28,1.27
Punjab,Ludhiana,07-12-2021,365,257.97,56.26,132.04,28.22,4.55
Punjab,Ludhiana,12-12-2021,385,74.98,23.46,67.03,87.04,3.88
Punjab,Ludhiana,19-12-2021,19,260.58,22.13,12.3,17.58,177.33
Punjab,Ludhiana,28-12-2021,461,0.92,235.11,83.37,45.51,106.83
Punjab,Ludhiana,31-12-2021,455,74.91,271.13,55.35,16.29,180.23
Punjab,Ludhiana,24-01-2022,157,237.04,334.97,50.55,33.69,179.49
Punjab,Ludhiana,28-01-2022,63,212.68,208.85,75.86,89.22,186.11
Punjab,Ludhiana,29-01-2022,385,59.72,378.9,73.57,87.57,62.44
Punjab,Ludhiana,03-03-2022,65,84.75,98.47,18.92,52.18,138.32
Punjab,Ludhiana,09-03-2022,240,270.77,40.85,122.47,82.78,177.29
Punjab,Ludhiana,12-03-2022,52,285.98,50.59,96.66,12.86,44.48
Punjab,Ludhiana,13-03-2022,391,284.74,225.92,167.14,51.4,17.11
Punjab,Ludhiana,27-03-2022,218,275.57,349.6,3.87,75.76,75.63
Punjab,Ludhiana,28-03-2022,347,264.85,171.79,39.31,48.75,165.7
Punjab,Ludhiana,02-04-2022,157,268.23,58.76,123.83,1.5,31.25
Punjab,Ludhiana,20-04-2022,312,282.31,344.08,66.37,79.7,151.53
Punjab,Ludhiana,24-04-2022,350,48.85,213.65,155.22,6.57,104.56
Punjab,Ludhiana,27-04-2022,186,123.63,154.22,130.73,57.16,33.74
Punjab,Ludhiana,02-05-2022,382,162.91,90.64,39.52,2.57,137.96
Punjab,Ludhiana,05-05-2022,130,147.19,96.93,118.74,20.03,97.08
Punjab,Ludhiana,14-05-2022,23,188.59,344.55,8.74,13.41,36.94
Punjab,Ludhiana,16-05-2022,235,278.75,161.03,108.32,34.53,70.05
Punjab,Ludhiana,17-05-2022,135,259.5,119.58,38.34,53.22,80.07
Punjab,Ludhiana,19-05-2022,168,44.89,359.95,99.96,16.23,64.17
Punjab,Ludhiana,31-05-2022,461,159.29,283.72,16.02,28.37,64.81
Punjab,Ludhiana,13-06-2022,464,159.99,42.53,156.62,66.66,115.36
Punjab,Ludhiana,15-06-2022,286,158.7,305.22,10.4,98.87,76.83
Punjab,Ludhiana,20-06-2022,28,254.09,186.25,53.89,78.77,21.44
Punjab,Ludhiana,23-06-2022,48,197.76,397.56,75.6,23.73,13.88
Punjab,Ludhiana,09-07-2022,148,174.13,160.82,158.19,28.78,5.09
Punjab,Ludhiana,18-07-2022,104,251.64,231.65,44.17,90.53,7.36
Punjab,Ludhiana,22-07-2022,205,206.59,95.36,84.98,58.87,94.42
Punjab,Ludhiana,26-07-2022,308,40.5,230.99,102.25,51.86,27.48
Punjab,Ludhiana,17-08-2022,119,12.54,121.02,136.08,39.14,83.22
Punjab,Ludhiana,02-09-2022,62,285.16,85.05,182.42,72.96,153.37
Punjab,Ludhiana,14-09-2022,151,47.67,92.94,51.54,7.15,71.15
Punjab,Ludhiana,02-10-2022,43,150.43,136.99,1.9,37.43,177.97
Punjab,Ludhiana,03-10-2022,415,29.06,261.73,155.76,50.4,177.26
Punjab,Ludhiana,04-10-2022,207.5,148.465,4.375,92.875,57.385,143.315
Punjab,Ludhiana,09-10-2022,263,214.43,339.89,30.33,20.92,87.22
Punjab,Ludhiana,08-11-2022,412,216.73,20.81,194.07,80.04,20.47
Punjab,Ludhiana,12-11-2022,76,84.1,295.07,150.05,36.28,73.68
Punjab,Ludhiana,21-11-2022,371,216.11,141.44,148.6,69.84,133.77
Punjab,Ludhiana,01-12-2022,335,176.66,16.83,193.58,42.02,161.88
Punjab,Ludhiana,05-12-2022,257.5,168.74,91.96,145.495,50.7,100.975
Punjab,Ludhiana,07-12-2022,55,81.4,375.21,127.24,3.81,157.27
Punjab,Ludhiana,20-12-2022,218,81.74,228.51,187,55.66,88.18
Punjab,Patiala,06-01-2015,263,187.24,308.44,161.22,74.96,23.01
Punjab,Patiala,27-01-2015,397,17.61,181.33,90.08,29.77,151.62
Punjab,Patiala,29-01-2015,38,178.22,189.07,98.72,58.67,136.06
Punjab,Patiala,13-02-2015,450,102.71,15.64,68.87,87.94,121.38
Punjab,Patiala,24-02-2015,233,241.22,330.76,162.15,86.65,43.59
Punjab,Patiala,13-03-2015,463,219.45,51.96,137.16,20.03,32.46
Punjab,Patiala,18-03-2015,384,57.67,57.56,111.38,65.12,150.33
Punjab,Patiala,09-04-2015,250,269.48,117.47,39.03,58.51,59.27
Punjab,Patiala,11-04-2015,39,57.38,288.7,197.2,66.74,87.09
Punjab,Patiala,27-04-2015,423,234.86,72.15,6.01,23.06,157.17
Punjab,Patiala,02-05-2015,370,149.6,278.99,91.14,6.75,97.48
Punjab,Patiala,12-05-2015,378,62.155,287.37,104.825,58.295,74.545
Punjab,Patiala,17-05-2015,71,265.54,248.68,131.82,45.97,117.15
Punjab,Patiala,29-06-2015,105,259.02,101.42,152.21,14.2,32.84
Punjab,Patiala,05-08-2015,20,164.28,384.65,57.76,6.02,15.19
Punjab,Patiala,06-08-2015,465,163.53,354.7,49.21,64.38,78.42
Punjab,Patiala,10-08-2015,462,14.01,222.4,163.12,56.17,18.64
Punjab,Patiala,12-08-2015,241,1.09,367.9,88.85,15.34,66.32
Punjab,Patiala,16-08-2015,268,14.89,244.5,175.95,20.51,180.03
Punjab,Patiala,01-09-2015,304,265.43,163.5,143.82,15.48,141.06
Punjab,Patiala,02-09-2015,350,152.87,341.58,38.56,82.6,56.64
Punjab,Patiala,06-09-2015,204,111.01,185.12,189.22,33.36,112.94
Punjab,Patiala,17-09-2015,475,289.96,33.4,62.57,62.92,199.83
Punjab,Patiala,05-10-2015,359,224.02,325.59,63.58,31.35,96.69
Punjab,Patiala,30-10-2015,27,160.53,312.85,101.53,63.56,43.73
Punjab,Patiala,26-11-2015,263,134.25,122.51,189.8,89.94,116.89
Punjab,Patiala,28-11-2015,289,228.83,355.36,30.54,94.84,154.75
Punjab,Patiala,04-12-2015,474,202.6,12.1,85.97,37.16,195.95
Punjab,Patiala,05-12-2015,101,249.81,364.6,183.64,99.31,12.56
Punjab,Patiala,07-12-2015,200,178.3,187.98,153.98,57.48,179.03
Punjab,Patiala,08-12-2015,113,270.98,217.29,143.34,92.34,53.24
Punjab,Patiala,13-12-2015,54,251.93,349.03,78.44,79.82,33.44
Punjab,Patiala,25-12-2015,368,138.62,304.87,115.74,50.11,158.29
Punjab,Patiala,26-12-2015,445,223.73,273.52,47.45,30.64,120.17
Punjab,Patiala,27-12-2015,191,215.64,369.81,194.6,4.7,189.95
Punjab,Patiala,05-01-2016,200,15.56,397.09,134.9,86.17,25.79
Punjab,Patiala,13-01-2016,289,136.68,74.28,81.8,62.31,37.87
Punjab,Patiala,17-01-2016,248,41.3,151.9,68.335,45.88,89.27
Punjab,Patiala,06-02-2016,141,42.78,186.25,132.34,19.33,43.13
Punjab,Patiala,16-02-2016,300,53.76,239.92,156.74,64.08,58.46
Punjab,Patiala,19-02-2016,131,225.68,234.2,32.79,77.6,188.85
Punjab,Patiala,25-02-2016,311,184.53,226.73,122.88,53.53,55.88
Punjab,Patiala,06-03-2016,371,81.23,80.54,137.26,38.21,59.95
Punjab,Patiala,08-03-2016,24,44.54,292.71,153.02,40.83,158.6
Punjab,Patiala,06-04-2016,378,14.28,211.94,141.6,65.64,58.57
Punjab,Patiala,07-04-2016,163,200.14,44.43,199.05,35.65,64.91
Punjab,Patiala,20-04-2016,126,59.71,197.77,58.75,99.05,61.77
Punjab,Patiala,23-04-2016,304,71.1,254.56,100.1,40.97,70.39
Punjab,Patiala,01-05-2016,145,186.3,107.37,127.48,93.79,120.88
Punjab,Patiala,08-05-2016,215,76.61,322.04,70.47,50.65,35.93
Punjab,Patiala,14-05-2016,269,60.24,123.72,0.94,13.66,158.15
Punjab,Patiala,15-05-2016,448,298.64,399.32,114.1,84.9,72.34
Punjab,Patiala,23-05-2016,165,188.64,266.99,175.18,17.69,30.96
Punjab,Patiala,11-06-2016,273,55.77,54.98,179.75,25.55,67.18
Punjab,Patiala,29-06-2016,222,168.8,157.07,104.39,95.19,52.62
Punjab,Patiala,01-07-2016,464,202.54,187.08,137.92,60.47,1.87
Punjab,Patiala,02-07-2016,93,199.43,309.91,199.06,9.61,94.29
Punjab,Patiala,07-07-2016,85,132.29,292.94,108.18,61.66,181.51
Punjab,Patiala,16-07-2016,267,265.92,153.26,83.43,75.59,51.49
Punjab,Patiala,24-07-2016,67,10.14,177.07,116.21,31.17,182.2
Punjab,Patiala,01-08-2016,124,179.61,55.25,86.01,70.83,198.61
Punjab,Patiala,02-08-2016,318,186.78,275.06,87.54,52.04,8.35
Punjab,Patiala,18-08-2016,472,167.99,327.74,196.95,62.29,92.98
Punjab,Patiala,03-09-2016,68,139.98,2.28,75.23,42.35,180.6
Punjab,Patiala,12-09-2016,327,71.33,99.28,44.74,3.07,52.14
Punjab,Patiala,12-10-2016,23,277,39.2,154.04,9.32,149.83
Punjab,Patiala,14-10-2016,237,156.52,356.72,185.66,11.58,191.8
Punjab,Patiala,17-10-2016,62,75.68,12.04,108.92,43.83,136.88
Punjab,Patiala,27-10-2016,320,114.39,30.09,111.84,45.17,136.69
Punjab,Patiala,01-11-2016,447,157.83,216.3,133.76,22.59,33.84
Punjab,Patiala,12-11-2016,476,219.23,300.96,110.93,7.88,81.99
Punjab,Patiala,12-12-2016,165,2.71,193.77,140.07,38.98,57.93
Punjab,Patiala,10-01-2017,240,171.45,61.37,71.82,34.06,46.78
Punjab,Patiala,16-01-2017,449,281.66,322.27,148.34,67.38,168.57
Punjab,Patiala,17-01-2017,293,185.38,94.68,185.13,3.53,133.21
Punjab,Patiala,28-01-2017,400,226.24,358.9,96.77,63.11,139.78
Punjab,Patiala,20-02-2017,255,1.21,296.97,115.36,27.29,139.55
Punjab,Patiala,10-03-2017,274,48.24,38.94,92.93,16.88,20.59
Punjab,Patiala,12-03-2017,432,230.26,173.15,167.39,50.37,83.53
Punjab,Patiala,26-03-2017,27,97.18,139.6,187.59,40.95,30.84
Punjab,Patiala,05-04-2017,40,110.2,324.48,105.91,3.34,31.25
Punjab,Patiala,22-04-2017,244,290.09,370.6,77.11,64.64,10.52
Punjab,Patiala,26-04-2017,12,163.52,258.9,133.2,52,4.51
Punjab,Patiala,02-05-2017,41,124.74,383.82,5.55,20.73,71.05
Punjab,Patiala,13-05-2017,77,166.1,233.6,4.47,7.79,10.43
Punjab,Patiala,24-05-2017,237,107.49,154.18,37.12,28.52,26.57
Punjab,Patiala,17-06-2017,381,135.01,17.6,187.17,26.39,14.59
Punjab,Patiala,03-07-2017,418.5,193.27,264.01,143.735,38.41,73.285
Punjab,Patiala,08-07-2017,424,37.35,178.88,50.94,17.37,41.8
Punjab,Patiala,18-07-2017,277,1.56,336.65,76.07,45.5,171.56
Punjab,Patiala,20-07-2017,417,222.56,237.86,8.13,22.89,114.25
Punjab,Patiala,06-08-2017,124,58.82,315.44,49.3,42.35,157.46
Punjab,Patiala,07-08-2017,190,264.7,305.96,159,83.82,132.47
Punjab,Patiala,19-08-2017,14,278.25,245.24,67.55,44.08,55.92
Punjab,Patiala,20-08-2017,303.5,217.275,203.97,39.45,56.925,79.825
Punjab,Patiala,01-09-2017,418,97.32,19.96,132.39,99.93,113.4
Punjab,Patiala,12-09-2017,363,36.41,18.34,199.65,77.06,197.74
Punjab,Patiala,17-09-2017,485,205.01,67.78,69.1,5.88,110.31
Punjab,Patiala,21-09-2017,241,122.8,301.82,20.74,14.95,123.91
Punjab,Patiala,26-09-2017,290,210.48,132.27,124.65,72.46,111.88
Punjab,Patiala,30-09-2017,358,150.61,126.65,86.3,54.79,95.39
Punjab,Patiala,01-10-2017,200,15.95,10.24,65.25,51.22,184.6
Punjab,Patiala,12-10-2017,475,20.41,115.89,160.96,22.06,181.28
Punjab,Patiala,14-10-2017,402,163.65,119.82,145.98,50.73,10.21
Punjab,Patiala,16-10-2017,101,94.62,266.48,131.85,21.21,160.02
Punjab,Patiala,17-10-2017,457,154.81,88.91,199.21,26.78,190.16
Punjab,Patiala,20-10-2017,451,242.03,372.72,29.31,77.69,19.35
Punjab,Patiala,30-10-2017,155,5.46,163.27,148.25,60.99,93.86
Punjab,Patiala,31-10-2017,490,191.56,102.86,166.15,30.81,6.31
Punjab,Patiala,01-11-2017,58,65.82,100.9,129.3,90.86,190.49
Punjab,Patiala,03-11-2017,318,70.9,186.93,35.65,78.32,135.27
Punjab,Patiala,08-11-2017,294,0.23,394.21,7.56,82.95,84.13
Punjab,Patiala,09-11-2017,194,255.555,259.065,65.83,9.035,145.455
Punjab,Patiala,13-11-2017,104,73.91,391.15,143.06,22.19,58.62
Punjab,Patiala,15-11-2017,37,149.64,135.25,157.91,62.44,64.54
Punjab,Patiala,06-12-2017,474,201.69,263.62,26.87,16.69,118.56
Punjab,Patiala,09-12-2017,31,13.07,9.16,104.92,20.26,144.22
Punjab,Patiala,12-12-2017,323,56.23,281.4,94.98,83.48,176.56
Punjab,Patiala,17-12-2017,308,179.21,297.74,139.81,59.08,134.25
Punjab,Patiala,21-12-2017,283,5.32,395.06,78.71,87.43,103.86
Punjab,Patiala,07-01-2018,246,266.58,259.81,161.33,94.17,17.7
Punjab,Patiala,10-01-2018,182,19.01,204.46,110.86,35.39,118.41
Punjab,Patiala,12-01-2018,31,4.9,344.44,63.88,99.31,140.13
Punjab,Patiala,13-01-2018,37,187.39,211.85,154.08,46.22,97.36
Punjab,Patiala,18-01-2018,279,187.82,205.69,39.74,51.56,180.9
Punjab,Patiala,08-02-2018,302,65.81,258.58,107.94,78.09,111.885
Punjab,Patiala,26-02-2018,470,11.27,260.37,32.28,66.89,102.18
Punjab,Patiala,04-03-2018,28,16.75,239.75,47.81,39.14,155.61
Punjab,Patiala,09-03-2018,378,74.83,183.02,33.61,37.94,58.68
Punjab,Patiala,21-03-2018,412,242.31,326.33,36.54,19.24,117.82
Punjab,Patiala,23-03-2018,458,94.63,316.83,173.47,49.54,2.99
Punjab,Patiala,25-03-2018,119,88.44,248.12,148.64,17.5,146.69
Punjab,Patiala,26-03-2018,410,178.12,125.81,136.76,61.06,43.39
Punjab,Patiala,30-03-2018,377,39.15,19.12,131.69,58.05,120.72
Punjab,Patiala,02-04-2018,500,150.15,76.89,36.25,71.84,14.97
Punjab,Patiala,03-04-2018,14,0.41,327.18,28.14,67.68,126.74
Punjab,Patiala,05-04-2018,435,111.52,76.5,58.01,90.36,150.4
Punjab,Patiala,14-04-2018,76,86.52,363.68,151.78,75.97,168.35
Punjab,Patiala,16-04-2018,119,164.05,133.19,148.08,99.01,133.32
Punjab,Patiala,19-04-2018,61,138.09,156.81,33.89,11.39,160.64
Punjab,Patiala,21-04-2018,434,227.12,385.35,159.91,26.93,111.35
Punjab,Patiala,27-04-2018,403,183.96,274.9,128.06,60.43,183.06
Punjab,Patiala,13-05-2018,289,271.22,331,35.17,23.88,12.58
Punjab,Patiala,14-05-2018,390,158.29,147.17,50.04,2.68,120.06
Punjab,Patiala,15-05-2018,198,94.31,297.85,139.39,41.69,8.61
Punjab,Patiala,08-06-2018,116,244.08,183.71,192.71,78.68,26.44
Punjab,Patiala,17-06-2018,302,57.21,139.19,84.24,50.88,176.1
Punjab,Patiala,19-06-2018,241,274.35,145.93,18.24,73.84,67.86
Punjab,Patiala,04-07-2018,477,233.31,153.92,194.88,4.84,60.75
Punjab,Patiala,05-07-2018,268,293.55,39.95,66.38,71.68,116.56
Punjab,Patiala,28-07-2018,190,188.49,52.5,9.39,60.05,2.54
Punjab,Patiala,05-08-2018,330,29.28,248.47,140.17,0.45,108.96
Punjab,Patiala,17-08-2018,311,41.4,260.06,27.17,12.45,163.46
Punjab,Patiala,21-08-2018,176,44.11,268.44,163.74,71.68,140.12
Punjab,Patiala,25-08-2018,437,213.23,76.28,77.51,14.68,173.02
Punjab,Patiala,28-08-2018,382,239.31,256.93,135.31,4.7,54.62
Punjab,Patiala,01-09-2018,399,126.13,267.47,2.1,77.59,119.05
Punjab,Patiala,03-09-2018,381,243.21,27.74,81.57,64.06,31.54
Punjab,Patiala,05-09-2018,399,64.48,202.86,82.03,91.08,122.52
Punjab,Patiala,15-09-2018,77,275.93,148.32,25.18,79.62,139.07
Punjab,Patiala,18-09-2018,80,208.54,206.59,49.27,18.95,50.88
Punjab,Patiala,22-09-2018,183,88.46,90.75,43.91,30.83,84
Punjab,Patiala,23-09-2018,247,23.66,302.76,36.66,22.9,187.2
Punjab,Patiala,25-09-2018,86,64.37,50.98,73.01,68.66,81.02
Punjab,Patiala,05-10-2018,302,236.85,209.04,7.17,91.3,129.43
Punjab,Patiala,06-10-2018,182,199.06,165.47,181.79,32.8,65.46
Punjab,Patiala,15-10-2018,65,253.49,379.11,166.79,76.66,70.1
Punjab,Patiala,25-10-2018,349,174.12,191.58,112.1,7.33,16.89
Punjab,Patiala,30-10-2018,487,135.22,111.84,18.96,87.93,99.52
Punjab,Patiala,12-11-2018,302,207.72,63.87,70.75,16.52,35.47
Punjab,Patiala,04-12-2018,24,155.73,344.66,103.52,32.47,161.87
Punjab,Patiala,05-12-2018,348,90.92,314.84,63.03,61.23,40.43
Punjab,Patiala,11-12-2018,247,201.56,322.58,63.2,55.28,190.39
Punjab,Patiala,14-12-2018,300,34.49,311.79,99.64,55.73,136.67
Punjab,Patiala,30-12-2018,394,17.56,395.21,26.67,84.08,107.05
Punjab,Patiala,06-01-2019,361,227,20.33,13.8,25.34,123.77
Punjab,Patiala,09-01-2019,104,139.29,108.5,166.84,96.33,137.42
Punjab,Patiala,14-01-2019,400,74.47,141.87,71.39,66.59,120.11
Punjab,Patiala,25-01-2019,185,87.26,376.4,185.47,94.85,163.02
Punjab,Patiala,03-03-2019,298,12.45,169.39,147.29,22.8,24.41
Punjab,Patiala,07-03-2019,455,186.09,213.58,74.58,51.49,182.72
Punjab,Patiala,09-03-2019,418,256.32,47.8,188.38,12.06,98
Punjab,Patiala,16-03-2019,322,94.42,182.43,90,27.73,191.66
Punjab,Patiala,01-04-2019,112,165.57,296.16,92.37,37.32,105.01
Punjab,Patiala,17-04-2019,182,243.31,203.865,71.145,48.105,53.805
Punjab,Patiala,29-04-2019,236,277.06,320.12,45.61,85.98,67.79
Punjab,Patiala,02-05-2019,310,200.385,154.875,49.045,52.43,67.595
Punjab,Patiala,06-05-2019,156,80.78,255.26,56.58,9.21,30.11
Punjab,Patiala,22-05-2019,356,219.57,365.52,131.41,88.72,168.79
Punjab,Patiala,12-06-2019,323,127.985,82.62,137.01,60.085,156.925
Punjab,Patiala,19-06-2019,207,289.14,179.37,97.06,49.27,148.38
Punjab,Patiala,20-07-2019,327,85.05,107.13,153.58,24.86,94.92
Punjab,Patiala,26-07-2019,196,56.17,121.26,156.38,69.28,167.77
Punjab,Patiala,30-07-2019,182,104.43,266.47,110.03,72.51,80.6
Punjab,Patiala,01-08-2019,106,165.19,137.55,4.95,25.54,187.61
Punjab,Patiala,10-08-2019,251,81.01,164.575,105.525,48.97,66.85
Punjab,Patiala,13-08-2019,459,160.99,326.64,173.91,69.42,35.88
Punjab,Patiala,02-09-2019,259,34.82,206.47,159.94,50.34,31.76
Punjab,Patiala,11-09-2019,310,120.45,255.04,149.73,94.66,121.88
Punjab,Patiala,22-09-2019,159,201.09,300.54,134.28,11.33,59.15
Punjab,Patiala,27-09-2019,453,166.33,150.49,24.75,22.73,167.36
Punjab,Patiala,07-10-2019,228.5,80.96,255.505,123.925,32.735,65.89
Punjab,Patiala,27-10-2019,373,190.75,354.68,66.59,54.59,149.81
Punjab,Patiala,28-10-2019,325,13.99,259.31,30.93,63.62,154.7
Punjab,Patiala,30-10-2019,390,288.26,163.08,90.61,17.54,140.59
Punjab,Patiala,31-10-2019,193,205.44,108.46,101.82,19.99,181.39
Punjab,Patiala,16-11-2019,190,234.57,59.06,191.75,37.41,135.9
Punjab,Patiala,23-11-2019,316,10.06,169.5,42.69,77.61,163.1
Punjab,Patiala,28-11-2019,330,148.62,101.92,198.48,89.02,19.26
Punjab,Patiala,30-12-2019,458,278.69,63.53,122.8,87.44,168.9
Punjab,Patiala,08-01-2020,440.5,128.67,278.005,93.27,56.35,117.165
Punjab,Patiala,18-01-2020,461,285.58,156.89,61.93,24.08,106.55
Punjab,Patiala,11-02-2020,79,21.64,259.77,188.89,96.62,162.2
Punjab,Patiala,06-03-2020,91,201.89,301.43,43.1,97.41,132.25
Punjab,Patiala,31-03-2020,181,9.62,353.44,173.82,18.27,149.01
Punjab,Patiala,10-04-2020,222,81.86,29.52,119.15,58.74,57.78
Punjab,Patiala,09-05-2020,135,144.03,141.66,142.89,99.32,68.46
Punjab,Patiala,20-05-2020,458,59.15,362.67,39.69,68.59,32.88
Punjab,Patiala,30-05-2020,195,299.06,353.11,199.8,14.64,61.47
Punjab,Patiala,01-06-2020,36,41.95,299.73,182.46,81.45,153.56
Punjab,Patiala,16-06-2020,302,287.36,137.34,73.83,61.1,29.98
Punjab,Patiala,22-06-2020,423,147.74,280.23,109.07,61.85,61.87
Punjab,Patiala,02-07-2020,424,94.81,198.19,11.58,66.91,46.91
Punjab,Patiala,04-07-2020,77,73.96,380.35,170.42,72.61,9.45
Punjab,Patiala,07-07-2020,122,245.13,396.21,140.59,84.36,73.07
Punjab,Patiala,26-07-2020,234,141.09,289.41,119.83,50.605,74.1
Punjab,Patiala,31-07-2020,9,158.17,327.94,80.39,76.76,53.61
Punjab,Patiala,23-08-2020,320,248.78,114.79,192.32,74.71,63.15
Punjab,Patiala,29-08-2020,416,131.78,170.21,158.24,56.07,26.07
Punjab,Patiala,17-09-2020,409,123.71,392.85,164.26,14.15,152.52
Punjab,Patiala,19-09-2020,330,195.74,34.49,7.13,5.09,142.21
Punjab,Patiala,20-09-2020,167,289.32,307.8,125.4,17.4,28.27
Punjab,Patiala,25-09-2020,99,23.61,249.94,168.82,81.5,82.35
Punjab,Patiala,27-09-2020,120,87.98,208.3,171.21,58.59,26.56
Punjab,Patiala,08-10-2020,161,145.11,336.99,185.49,7.01,52.57
Punjab,Patiala,03-11-2020,102,75.56,225.06,167.3,7.66,3.91
Punjab,Patiala,20-11-2020,494,267.94,43.94,180.85,20.69,141.47
Punjab,Patiala,23-11-2020,185,28.88,146.15,34.54,26.13,134.25
Punjab,Patiala,15-12-2020,190,243.48,142.26,192.19,16.89,72.44
Punjab,Patiala,25-12-2020,177,106.78,252.53,191.42,54.51,162.05
Punjab,Patiala,26-12-2020,162,295.36,256.14,185.22,35.02,44.99
Punjab,Patiala,08-01-2021,45,81.62,141.97,71.14,1.66,48.13
Punjab,Patiala,10-01-2021,455,206.42,72.85,194.92,59.77,140.98
Punjab,Patiala,14-01-2021,112,151.4,176.37,66.16,7.13,186.42
Punjab,Patiala,17-01-2021,115,235.49,215.32,40.45,19.29,51.28
Punjab,Patiala,31-01-2021,128,25.53,290.17,3.64,37.73,118.56
Punjab,Patiala,03-02-2021,278,74.17,311.38,193.49,62.68,71.06
Punjab,Patiala,05-02-2021,431,153.58,211.47,69.06,91.22,156.72
Punjab,Patiala,11-02-2021,441,271.28,366.07,24.07,83.06,187.45
Punjab,Patiala,01-03-2021,342,224.24,296.88,117.02,33.6,67.5
Punjab,Patiala,02-03-2021,119,167.13,102.39,24.84,80.82,146.25
Punjab,Patiala,01-05-2021,216,15.98,66.09,24.02,6.34,50.15
Punjab,Patiala,05-05-2021,454,184.63,72.59,168.91,24.89,125.92
Punjab,Patiala,15-05-2021,426,159.76,141.95,40.22,20.05,79.17
Punjab,Patiala,23-05-2021,68,299.3,339.9,149.43,30.75,123.78
Punjab,Patiala,02-06-2021,348.5,188.495,124.15,41.455,45.555,35.155
Punjab,Patiala,18-06-2021,120,242.6,77.91,183.71,99.68,59.61
Punjab,Patiala,28-06-2021,144,102.5,287.98,141.39,35.03,55.36
Punjab,Patiala,03-07-2021,125,209.78,229.27,135.05,16.11,132.29
Punjab,Patiala,17-07-2021,51,86.57,71.09,93.83,96.43,12.85
Punjab,Patiala,19-07-2021,187,92.54,375.44,129.62,21.95,174.09
Punjab,Patiala,13-08-2021,265,202.07,21.31,27.53,45.5,199.47
Punjab,Patiala,19-08-2021,111,29.11,229.06,190.73,9.23,79.91
Punjab,Patiala,09-09-2021,202,230.93,299.05,145.31,57.66,16.63
Punjab,Patiala,23-09-2021,91,78.1,34.26,25.26,4.9,57.79
Punjab,Patiala,26-09-2021,429,75.82,73.99,146.44,3.75,13.2
Punjab,Patiala,13-10-2021,134,248.52,349.96,140.28,2.89,108.37
Punjab,Patiala,15-10-2021,361,22.93,392.01,192.8,54.75,46.76
Punjab,Patiala,18-10-2021,3,223.37,334.11,127.99,99.1,128.89
Punjab,Patiala,01-11-2021,19,33.45,118.42,74.48,39.66,157.67
Punjab,Patiala,06-11-2021,17,277.59,52.83,171.67,26.36,141.71
Punjab,Patiala,08-11-2021,174,226.48,369.91,159.2,32.93,5.36
Punjab,Patiala,23-11-2021,130,219.93,242.25,21.31,28.21,183.19
Punjab,Patiala,30-11-2021,455,61.53,62.23,155.05,94.29,163.2
Punjab,Patiala,11-12-2021,93,141.28,361.44,193.29,30.37,82.25
Punjab,Patiala,16-12-2021,280,165.24,213.06,57.88,29.81,25.79
Punjab,Patiala,24-12-2021,32,171.17,114.55,115.84,59.33,100.14
Punjab,Patiala,25-12-2021,457,106.32,61.8,170.94,38.96,139.4
Punjab,Patiala,06-01-2022,143,150.09,357.64,176.71,76.84,97.46
Punjab,Patiala,21-01-2022,277,233.69,211.66,181.31,46.77,34.13
Punjab,Patiala,07-02-2022,148.5,149.755,226.47,127.67,22.99,69.715
Punjab,Patiala,19-02-2022,145,212.6,286.15,145.68,14.92,59.92
Punjab,Patiala,21-02-2022,366,168.48,183.03,113.04,69.99,157.25
Punjab,Patiala,23-02-2022,265,151.88,97.51,143.29,82.11,36.8
Punjab,Patiala,24-02-2022,197,91.22,394.56,119.14,16.29,133.2
Punjab,Patiala,27-02-2022,142,157.24,44.62,100,96.07,144.86
Punjab,Patiala,03-03-2022,350,254.81,362,167.47,96.14,134.72
Punjab,Patiala,22-03-2022,58,224.64,263.47,57.28,87.02,143.56
Punjab,Patiala,21-04-2022,252,160.21,308.23,164.94,60.96,52.27
Punjab,Patiala,16-06-2022,361,15.31,349,79.37,39.55,153.77
Punjab,Patiala,05-07-2022,241,250.35,248.07,40.76,93.32,186.66
Punjab,Patiala,07-07-2022,365,15.95,226.18,179.11,42.72,164.26
Punjab,Patiala,08-07-2022,171,192.395,46.33,103.685,60.36,141.545
Punjab,Patiala,09-07-2022,278,69.58,58.19,187.25,99.89,89.13
Punjab,Patiala,18-07-2022,444,37.32,229.43,170.42,67.04,60.97
Punjab,Patiala,19-07-2022,224.5,285.95,260.645,92.575,62.98,121.08
Punjab,Patiala,20-07-2022,127,264.36,121.68,168.79,83.25,31.67
Punjab,Patiala,25-07-2022,364,261.68,393.24,64.91,42.57,167.71
Punjab,Patiala,11-08-2022,274,189.38,64.49,44.485,49.45,81.11
Punjab,Patiala,16-08-2022,164,176.15,173.87,14.8,36.47,6.76
Punjab,Patiala,19-08-2022,219,163.38,9.02,80.99,2.68,91.49
Punjab,Patiala,25-08-2022,242,188.37,29.95,21.58,84.75,61.62
Punjab,Patiala,26-08-2022,172,271.66,29.74,118.12,61.48,155.42
Punjab,Patiala,05-09-2022,420,205.02,148.65,134.1,41.37,188.28
Punjab,Patiala,15-09-2022,269,273.76,218.44,0.22,10.1,138.74
Punjab,Patiala,29-09-2022,201,84.52,2.08,160.09,71.9,144.6
Punjab,Patiala,01-10-2022,356,79.62,16.44,73.89,42.32,19.34
Punjab,Patiala,06-10-2022,21,96.65,155.42,164.19,14.03,133.35
Punjab,Patiala,14-10-2022,6,45.88,15.76,194.84,46.43,13.19
Punjab,Patiala,26-10-2022,309,32.87,212.29,20.36,76.46,196.52
Punjab,Patiala,01-11-2022,213.5,107.905,112.13,24.86,45.41,82.935
Punjab,Patiala,04-11-2022,265,163.07,349.64,56.84,58.11,91.82
Punjab,Patiala,12-11-2022,215,72.37,307.26,171.53,1.97,76.95
Punjab,Patiala,15-11-2022,215.5,76.675,171.475,89.67,81.72,151.56
Punjab,Patiala,28-11-2022,453,191.13,99.89,86.2,94.61,7.66
Punjab,Patiala,04-12-2022,202,121.83,357.52,39.46,35.91,53.95
Punjab,Patiala,12-12-2022,346,64.62,8.81,174.05,20.64,4.55
Punjab,Patiala,13-12-2022,225,147,218.79,57.61,83.82,101.73
Punjab,Patiala,30-12-2022,137,50.4,58.38,73.85,18.34,66
Rajasthan,Jaipur,03-01-2015,434,70.02,62.72,88.25,48.81,71.22
Rajasthan,Jaipur,20-01-2015,395,266.09,356.08,140.7,3,61.41
Rajasthan,Jaipur,26-01-2015,272,44.67,86.94,184.67,47.81,85.56
Rajasthan,Jaipur,13-02-2015,114,57.49,172.42,67.4,88.97,70.37
Rajasthan,Jaipur,06-03-2015,275,294.08,351.79,142.51,26.38,95.96
Rajasthan,Jaipur,16-03-2015,56,129.9,162.04,162.22,83.28,29.86
Rajasthan,Jaipur,24-03-2015,129,89.33,212.19,196.42,9.65,10.33
Rajasthan,Jaipur,03-04-2015,149,64.33,4.63,66.82,67.84,168.19
Rajasthan,Jaipur,04-04-2015,260,291.63,255.63,32.46,33.45,125
Rajasthan,Jaipur,10-05-2015,250,98.58,336.48,156.1,90.71,98.6
Rajasthan,Jaipur,20-05-2015,178,187.14,78.89,40.53,76.46,117.58
Rajasthan,Jaipur,28-05-2015,100,189.48,260.9,33.1,25.88,0.6
Rajasthan,Jaipur,13-06-2015,397,256.5,333.31,152.96,35.4,190.48
Rajasthan,Jaipur,14-06-2015,179,104.51,64.02,154.72,81.81,21.48
Rajasthan,Jaipur,25-06-2015,296,70.89,196.37,198.94,32.98,116.63
Rajasthan,Jaipur,14-07-2015,329,255.22,388.29,125.46,67.49,171.54
Rajasthan,Jaipur,21-07-2015,24,222.93,394.83,3.57,67.57,176.54
Rajasthan,Jaipur,23-07-2015,50,64.01,242.06,133.21,24.08,132.54
Rajasthan,Jaipur,29-07-2015,244,71.67,89.51,181.31,86.03,191.06
Rajasthan,Jaipur,06-08-2015,276,170.43,7.31,77.43,63.31,147.17
Rajasthan,Jaipur,14-08-2015,385,37.83,33.03,198.93,48.76,95.83
Rajasthan,Jaipur,18-08-2015,173,29.39,140.47,52.77,90.97,8.79
Rajasthan,Jaipur,07-09-2015,2,119.21,63.91,178.62,10.68,65.09
Rajasthan,Jaipur,11-09-2015,124.5,147.97,330.24,119.51,32.505,146.435
Rajasthan,Jaipur,23-09-2015,331,11.47,100.34,25.44,11.61,38.82
Rajasthan,Jaipur,27-09-2015,456,49.83,242.95,148.7,28.48,9.42
Rajasthan,Jaipur,03-10-2015,80,14.82,90.92,183.31,18.47,78.42
Rajasthan,Jaipur,06-11-2015,176,46.9,168.76,185.83,93.12,87.21
Rajasthan,Jaipur,19-11-2015,179,41.03,159.77,53.14,60.97,117.62
Rajasthan,Jaipur,03-12-2015,295,106.76,307.85,9.27,55.45,146.13
Rajasthan,Jaipur,14-12-2015,321,27.03,355.48,9.32,53.81,197.37
Rajasthan,Jaipur,24-12-2015,376,113.72,158.16,126.96,40.13,185.31
Rajasthan,Jaipur,27-12-2015,73,149.19,3.55,4.91,17.29,11
Rajasthan,Jaipur,11-01-2016,341,266.81,388.97,76.16,73.34,141.97
Rajasthan,Jaipur,14-01-2016,299,204.91,343.09,92.88,61.3,95.88
Rajasthan,Jaipur,27-02-2016,267,247.12,383.01,188.29,58.74,164.98
Rajasthan,Jaipur,05-03-2016,247,101.74,143.05,145.31,59.08,107.26
Rajasthan,Jaipur,31-03-2016,69,21.91,106.43,122.2,57.95,72.41
Rajasthan,Jaipur,11-04-2016,186,160.88,85.66,95.07,6.23,121.46
Rajasthan,Jaipur,16-04-2016,81,255.9,335.49,151.4,85.97,11.91
Rajasthan,Jaipur,21-04-2016,183,169.16,391.57,131.27,5.69,8.58
Rajasthan,Jaipur,24-04-2016,134,68.72,332.48,120.99,95.03,110.74
Rajasthan,Jaipur,26-04-2016,321,293.53,321.93,101.97,44.23,37.92
Rajasthan,Jaipur,09-05-2016,241,135.43,263.19,31.74,41.635,109.485
Rajasthan,Jaipur,11-05-2016,490,222.87,116.86,61.68,61.81,68.55
Rajasthan,Jaipur,23-05-2016,316,299.14,126.88,40.18,93.9,94.02
Rajasthan,Jaipur,27-05-2016,208,44.18,370.15,59.51,40.12,182.05
Rajasthan,Jaipur,09-06-2016,219,275.09,91.85,141.62,17.41,65.94
Rajasthan,Jaipur,18-06-2016,394,266.81,233.18,129.29,75.65,76.64
Rajasthan,Jaipur,01-07-2016,455,283.13,0.97,33.67,61.09,142.11
Rajasthan,Jaipur,17-07-2016,387,172.89,283.61,193.75,12.67,150.55
Rajasthan,Jaipur,19-07-2016,362,194.54,100.27,84.82,88.64,93.14
Rajasthan,Jaipur,10-08-2016,492,70.02,198.22,190.74,64.7,122.11
Rajasthan,Jaipur,14-08-2016,40,53.76,219.14,46.73,44.5,37.21
Rajasthan,Jaipur,17-08-2016,476,50.32,109.68,190.76,34.27,62.46
Rajasthan,Jaipur,02-09-2016,216,233.45,304.04,183.87,65.03,25.47
Rajasthan,Jaipur,04-09-2016,340,94.97,399.11,119.12,71.26,176.33
Rajasthan,Jaipur,16-09-2016,14,179.96,381.99,63.59,29.59,86.27
Rajasthan,Jaipur,28-09-2016,321,227.04,232.25,67.69,27.18,46.88
Rajasthan,Jaipur,01-10-2016,166,31.57,167.76,129.5,30.36,67.81
Rajasthan,Jaipur,15-10-2016,423,258.47,396.66,96.26,46.71,88.26
Rajasthan,Jaipur,18-10-2016,82,88.2,65.42,59.92,42.57,32.25
Rajasthan,Jaipur,23-10-2016,319,226.44,273.54,20,0.21,30.29
Rajasthan,Jaipur,28-10-2016,268,31.03,95.73,37.98,57.16,160.46
Rajasthan,Jaipur,30-10-2016,303,199.86,128.49,153.59,92.96,83.44
Rajasthan,Jaipur,25-11-2016,35,71.88,349.91,133.06,5.01,184.03
Rajasthan,Jaipur,27-11-2016,403,100,51.99,27.58,84.46,102.28
Rajasthan,Jaipur,29-11-2016,189,111.89,252.81,72.25,73.88,81.86
Rajasthan,Jaipur,17-12-2016,485,76.61,289.58,15.44,42.77,171
Rajasthan,Jaipur,23-12-2016,408,158.41,86.59,198.79,81.27,4.09
Rajasthan,Jaipur,24-12-2016,1,86.66,194.5,16.58,0.57,28.57
Rajasthan,Jaipur,06-01-2017,479,154.92,237.57,112.45,11.21,31.05
Rajasthan,Jaipur,11-01-2017,453,71.72,114.54,62.97,17.27,36.1
Rajasthan,Jaipur,01-02-2017,150,17.46,199.41,154.11,72.84,105.83
Rajasthan,Jaipur,03-02-2017,143,23.37,126.17,144.25,48.91,175.24
Rajasthan,Jaipur,06-02-2017,270,80.37,108.42,197.57,39.85,70.7
Rajasthan,Jaipur,10-02-2017,256,87,397.19,75.13,29.66,54.87
Rajasthan,Jaipur,21-02-2017,438,242.72,345.07,121.07,17.44,159.49
Rajasthan,Jaipur,28-02-2017,139,131.73,223.28,103.98,10.92,145.17
Rajasthan,Jaipur,15-03-2017,263,211.84,218.87,79.13,11.34,141.98
Rajasthan,Jaipur,17-03-2017,106,23.53,54.25,39.64,8.98,150.13
Rajasthan,Jaipur,24-03-2017,34,196.15,250.99,139.46,53.09,89.33
Rajasthan,Jaipur,04-04-2017,464,187.9,269.25,55.1,90.05,196.29
Rajasthan,Jaipur,16-04-2017,460,37.82,234.5,4.38,17.62,72.56
Rajasthan,Jaipur,03-05-2017,172,107.06,384.75,69.77,83.07,117.25
Rajasthan,Jaipur,06-05-2017,295,227.55,162.8,165.31,83.88,116.81
Rajasthan,Jaipur,14-05-2017,57,195.23,73.71,56.87,55.16,151.25
Rajasthan,Jaipur,22-05-2017,315,98.615,166.395,184.605,17.025,101.065
Rajasthan,Jaipur,29-05-2017,276,261.5,368.19,110.24,85.2,110.28
Rajasthan,Jaipur,31-05-2017,248,10.66,280.96,53.06,36.93,193.96
Rajasthan,Jaipur,15-07-2017,109,35.13,384.13,172.97,0.74,13.17
Rajasthan,Jaipur,20-07-2017,86,43.17,240.48,43.61,9.84,46.15
Rajasthan,Jaipur,23-07-2017,170,113.19,248.2,182.7,71.18,131.25
Rajasthan,Jaipur,29-07-2017,11,133.88,315.84,137.27,18.43,159.08
Rajasthan,Jaipur,30-07-2017,440,260.02,34.31,157.55,50.36,86.08
Rajasthan,Jaipur,31-07-2017,42,99.13,271.67,182.33,36.55,42.35
Rajasthan,Jaipur,11-08-2017,414,223.03,143.97,141.46,33.22,118.92
Rajasthan,Jaipur,20-08-2017,273,94.36,340.78,111.32,74.07,29.25
Rajasthan,Jaipur,30-08-2017,299,90.9,311.85,138.91,88.79,53.01
Rajasthan,Jaipur,03-09-2017,388,56.42,125.06,26.42,52.22,16.18
Rajasthan,Jaipur,17-09-2017,487,151.92,60.07,172.17,7.93,195.3
Rajasthan,Jaipur,21-09-2017,77,278.76,250.59,66.24,43.68,105.72
Rajasthan,Jaipur,25-09-2017,485,2.05,191.11,48.87,14.06,176.29
Rajasthan,Jaipur,09-10-2017,49,250.73,12.12,112.28,83.62,67.46
Rajasthan,Jaipur,21-10-2017,80,40.07,212.06,177.26,22.6,83.54
Rajasthan,Jaipur,29-10-2017,123,95.26,299.82,114.46,70.21,10.46
Rajasthan,Jaipur,14-12-2017,261,93.58,163.59,19.62,7.05,132.05
Rajasthan,Jaipur,23-12-2017,280,217.57,112.31,159.57,37.63,105.15
Rajasthan,Jaipur,24-12-2017,68,228.74,389.8,99.66,14.03,51.3
Rajasthan,Jaipur,26-12-2017,246,38.38,371.17,44.46,64.39,91.47
Rajasthan,Jaipur,01-01-2018,45,182.1,1.97,63.04,12.12,26.28
Rajasthan,Jaipur,27-01-2018,327,210.62,16.73,117.01,85.89,20.81
Rajasthan,Jaipur,29-01-2018,101,236.61,368.88,95.7,93.05,86.69
Rajasthan,Jaipur,05-02-2018,99,93.73,307.27,149.54,81.43,191.73
Rajasthan,Jaipur,09-02-2018,440,87.66,269.27,195.43,83.32,100.24
Rajasthan,Jaipur,21-02-2018,345,262.89,181.76,103.54,51.68,47.37
Rajasthan,Jaipur,22-02-2018,138,225.05,314.51,87.81,15.81,178.02
Rajasthan,Jaipur,23-02-2018,99,166.92,275.02,143.96,39.68,191.55
Rajasthan,Jaipur,04-03-2018,155,199.19,19.71,9.13,79.49,75.58
Rajasthan,Jaipur,05-03-2018,420,26.21,25.52,101.23,43.36,66.99
Rajasthan,Jaipur,03-04-2018,249,21.92,6.18,43.76,77.04,129.13
Rajasthan,Jaipur,08-04-2018,307,142.08,77.93,162.89,4,72.53
Rajasthan,Jaipur,15-04-2018,1,56.42,3.07,41.13,3.05,105.51
Rajasthan,Jaipur,08-05-2018,330,258.62,301.38,150.72,37.36,69.79
Rajasthan,Jaipur,17-05-2018,3,206.71,323.99,143.67,19.86,139.35
Rajasthan,Jaipur,24-05-2018,31,196.4,336.48,120.43,45.27,0.58
Rajasthan,Jaipur,29-05-2018,218,283.13,392.51,95.4,99.3,141.09
Rajasthan,Jaipur,10-06-2018,471,202.01,7.96,146.52,97.26,47.47
Rajasthan,Jaipur,12-06-2018,288,154.02,297.11,189.32,92.05,53.16
Rajasthan,Jaipur,15-06-2018,452,11.59,64.53,20.39,20.37,2.43
Rajasthan,Jaipur,21-06-2018,23,200.34,90.25,132.17,66.21,181.61
Rajasthan,Jaipur,02-08-2018,288,0.27,169.82,111.57,80.72,179.08
Rajasthan,Jaipur,04-08-2018,131,23.87,80,94.62,18.46,27.34
Rajasthan,Jaipur,21-08-2018,161,143.08,171.01,100.87,31.17,149.06
Rajasthan,Jaipur,25-08-2018,405,290.47,82.21,140.63,32.69,169.25
Rajasthan,Jaipur,13-09-2018,261,179.14,318.83,27.23,11,90.46
Rajasthan,Jaipur,09-10-2018,159,218.97,202.395,114.92,55.73,148.655
Rajasthan,Jaipur,20-10-2018,489,291.11,360.4,108.18,34.97,90.63
Rajasthan,Jaipur,25-10-2018,327,49.26,112.96,163.9,73.53,134.82
Rajasthan,Jaipur,30-10-2018,301,168.43,140.45,116.73,83.6,55.73
Rajasthan,Jaipur,03-11-2018,316,53.32,59.17,110.56,38.37,164.87
Rajasthan,Jaipur,11-11-2018,26.5,240.325,253.345,136.17,40.165,46.48
Rajasthan,Jaipur,15-11-2018,448,229.39,172.42,2.71,51.18,62.49
Rajasthan,Jaipur,03-12-2018,11,183.49,55.66,13.52,15.46,158.59
Rajasthan,Jaipur,05-12-2018,19,287.88,196.57,151.28,55.73,76.82
Rajasthan,Jaipur,11-12-2018,496,17.11,399.01,172.59,18.57,49.95
Rajasthan,Jaipur,13-12-2018,19,101.23,88.4,140.63,34.85,133.78
Rajasthan,Jaipur,14-12-2018,357,265.21,330.77,187.14,46.79,0.99
Rajasthan,Jaipur,03-01-2019,486,28.01,17.65,133.12,31.01,75.45
Rajasthan,Jaipur,11-01-2019,122,297.98,313.19,111.73,76.59,143.55
Rajasthan,Jaipur,22-01-2019,123,65.17,217.5,8.88,42.29,150.81
Rajasthan,Jaipur,14-02-2019,7,141.87,271.98,90.82,71.34,187.73
Rajasthan,Jaipur,15-02-2019,188,6.36,85.7,121.74,60.63,123.44
Rajasthan,Jaipur,17-02-2019,417,41.41,356.69,52.89,2.43,72.23
Rajasthan,Jaipur,19-02-2019,242,281.29,26.06,159.48,52.18,153.63
Rajasthan,Jaipur,26-02-2019,331,157.23,110.14,111.99,72.38,158.69
Rajasthan,Jaipur,01-03-2019,434,204.78,41.4,46.25,94.5,146.59
Rajasthan,Jaipur,05-03-2019,369,212.82,176.53,155.2,76.88,139.97
Rajasthan,Jaipur,09-03-2019,225,257.77,121.66,30.93,79.54,195.77
Rajasthan,Jaipur,13-03-2019,316,188.97,356.53,157.73,61.3,60.18
Rajasthan,Jaipur,03-04-2019,251,18.92,323.98,77.2,14.94,113.91
Rajasthan,Jaipur,13-04-2019,468,161.28,335.03,86.47,95.14,26.47
Rajasthan,Jaipur,21-04-2019,337,189.92,0.84,84.55,52.74,124.62
Rajasthan,Jaipur,24-04-2019,2,198.4,184.56,188.35,96.16,102.74
Rajasthan,Jaipur,01-05-2019,335,182.5,209.57,5.65,30,51.72
Rajasthan,Jaipur,06-05-2019,297,37.6,346.29,20.6,49.71,145.48
Rajasthan,Jaipur,16-05-2019,452,266.79,227.71,184.72,20.21,98.03
Rajasthan,Jaipur,06-06-2019,207,12.48,65.19,15.13,50.43,115.69
Rajasthan,Jaipur,03-07-2019,335,203.185,48.935,47.27,35.3,58.87
Rajasthan,Jaipur,17-07-2019,397,126.37,75.97,155.6,6.02,152.99
Rajasthan,Jaipur,28-07-2019,293,124.04,80.89,129.49,83.5,33.98
Rajasthan,Jaipur,30-07-2019,90,239.95,193.53,138.95,56.22,79.45
Rajasthan,Jaipur,06-08-2019,148,130.94,197.73,160.59,97.18,35.09
Rajasthan,Jaipur,15-08-2019,5,107.18,336.8,12.7,1.9,167.99
Rajasthan,Jaipur,26-08-2019,273,29.17,372.78,4.56,77.27,189.81
Rajasthan,Jaipur,28-08-2019,61,264.25,311.49,148.78,15.2,47.35
Rajasthan,Jaipur,01-09-2019,450,102.14,321.01,31.28,81.31,134.53
Rajasthan,Jaipur,03-09-2019,191,278.14,246.96,118.51,25.53,70.72
Rajasthan,Jaipur,05-09-2019,340,152.69,328.04,67.79,75.31,95.29
Rajasthan,Jaipur,22-09-2019,197,18.73,281.43,26.54,27.56,189.03
Rajasthan,Jaipur,24-09-2019,176,205.11,358.92,20.61,34.9,76.87
Rajasthan,Jaipur,04-10-2019,179,214.16,315.77,85.45,15.15,71.44
Rajasthan,Jaipur,21-10-2019,140,195.98,71.55,97.4,12.05,65.2
Rajasthan,Jaipur,26-10-2019,158,120.64,287.77,52.14,62.84,146.37
Rajasthan,Jaipur,13-11-2019,292,279.6,188.39,9.77,43.77,51.64
Rajasthan,Jaipur,07-12-2019,232,70,54.2,71.25,26.86,179.86
Rajasthan,Jaipur,08-12-2019,91,17.5,126.08,49.48,70.01,22.84
Rajasthan,Jaipur,14-12-2019,427,170.23,136.51,172.37,56.91,56.67
Rajasthan,Jaipur,15-12-2019,342,8.74,10.53,137.25,67.11,154.16
Rajasthan,Jaipur,27-12-2019,287,39.47,66.93,82.29,20.43,120.66
Rajasthan,Jaipur,12-01-2020,23,61.37,262.75,71.8,90.06,181.01
Rajasthan,Jaipur,05-02-2020,311,135.96,339.88,159.41,13.44,143.96
Rajasthan,Jaipur,12-02-2020,187,262.71,362.31,90.45,71.17,77.83
Rajasthan,Jaipur,19-02-2020,323,239.31,317.07,151.28,6.02,18.67
Rajasthan,Jaipur,27-02-2020,127,150.12,320.62,71.83,77.06,43.39
Rajasthan,Jaipur,05-03-2020,252.6666667,95.81,256.7533333,65.56,74.92333333,98.9
Rajasthan,Jaipur,13-03-2020,25,294.98,350.81,140.31,31.99,84.42
Rajasthan,Jaipur,02-04-2020,13,154.73,347.63,102.66,89.17,171.58
Rajasthan,Jaipur,29-04-2020,371,199.37,143.05,161.02,10.43,196.81
Rajasthan,Jaipur,10-06-2020,225,34.13,164.79,166.05,75.77,146.61
Rajasthan,Jaipur,14-06-2020,308,95.43,122.35,89.53,71.1,169.68
Rajasthan,Jaipur,21-06-2020,177,96.75,290.58,94.34,59.4,70.91
Rajasthan,Jaipur,01-07-2020,478,259.78,398.17,53.67,61.94,64.47
Rajasthan,Jaipur,14-07-2020,492,160.52,88.98,10.24,86.28,90.45
Rajasthan,Jaipur,15-07-2020,151,56.52,334.12,1.47,97.89,113.65
Rajasthan,Jaipur,18-07-2020,24,146.89,376.55,6.46,36.26,89.32
Rajasthan,Jaipur,02-08-2020,329,17.66,80.55,197.57,42.66,167.78
Rajasthan,Jaipur,04-08-2020,171,5.73,226.34,106.93,92.74,133.12
Rajasthan,Jaipur,06-08-2020,382,192.83,17.43,39.92,57.4,195.51
Rajasthan,Jaipur,12-08-2020,208,270.5,61.76,12.39,79.69,71.67
Rajasthan,Jaipur,19-08-2020,198,296.19,286.3,124.29,14.27,67.22
Rajasthan,Jaipur,24-08-2020,234,295.97,111.54,54.32,50.36,11.68
Rajasthan,Jaipur,14-09-2020,322,202.03,213.19,9.42,23.05,47.79
Rajasthan,Jaipur,24-09-2020,146,88.8,379.02,28.85,82.22,133.59
Rajasthan,Jaipur,25-09-2020,372,172.53,14.19,84.02,95.95,95.88
Rajasthan,Jaipur,30-09-2020,310,60.3,58.99,125.82,4.15,160.05
Rajasthan,Jaipur,15-10-2020,490,209.75,108.82,158.94,11.24,146.71
Rajasthan,Jaipur,18-10-2020,442,273.95,14.46,107.81,28.74,85.29
Rajasthan,Jaipur,26-10-2020,21,298.74,250.01,131.09,71.55,117.17
Rajasthan,Jaipur,08-11-2020,307,214.51,73.05,174.72,33.71,1.68
Rajasthan,Jaipur,13-11-2020,47,205.68,153.98,23.46,89.33,156.62
Rajasthan,Jaipur,19-11-2020,457,200.11,320.01,28.61,7.02,185.63
Rajasthan,Jaipur,21-11-2020,76,112.05,17.71,42.92,74.17,180
Rajasthan,Jaipur,23-11-2020,247,210.86,205.24,136.86,39.07,28.5
Rajasthan,Jaipur,28-11-2020,488,46.7,130.79,75.57,58.86,98.47
Rajasthan,Jaipur,20-12-2020,217,299.68,137.25,182.15,18.48,26.25
Rajasthan,Jaipur,28-12-2020,479,168.76,371.56,78.78,74.17,63.82
Rajasthan,Jaipur,29-12-2020,307,77.61,277.17,126.65,78.55,40.13
Rajasthan,Jaipur,02-01-2021,451,53.91,180.79,7.06,56.02,153.72
Rajasthan,Jaipur,04-01-2021,79,154.89,185.69,186.71,15.26,185.2
Rajasthan,Jaipur,10-01-2021,95,256.75,79.24,60.99,26.95,150.3
Rajasthan,Jaipur,15-01-2021,354,57.53,182.53,85.99,94.96,187.06
Rajasthan,Jaipur,16-01-2021,97,190.91,266.49,193.13,54.54,49.96
Rajasthan,Jaipur,31-01-2021,258,111.34,233.65,180.05,32.56,177.86
Rajasthan,Jaipur,02-02-2021,274,205.46,112.8,153.5,8.84,122.75
Rajasthan,Jaipur,06-02-2021,208,292.97,163.47,30.08,92.11,68.74
Rajasthan,Jaipur,14-02-2021,411,98.31,71.55,32.52,91.97,64
Rajasthan,Jaipur,15-02-2021,329,112.735,246.57,118.5,40.69,152.78
Rajasthan,Jaipur,17-03-2021,405,135.87,185.48,81.06,86.01,131.78
Rajasthan,Jaipur,19-03-2021,483,243.1,70.81,146.89,51.37,88.86
Rajasthan,Jaipur,20-03-2021,357,216.51,109.62,170.38,35.6,83.85
Rajasthan,Jaipur,29-03-2021,199,229.48,237.22,35.51,90.57,96.13
Rajasthan,Jaipur,12-04-2021,405,170.52,346.19,147.65,57.42,175.78
Rajasthan,Jaipur,18-04-2021,148,96.54,183.31,132.75,8.33,69.56
Rajasthan,Jaipur,23-05-2021,153,267.02,46.56,155.63,27.55,19.09
Rajasthan,Jaipur,09-06-2021,211,253.83,4.48,158.87,95.84,170.41
Rajasthan,Jaipur,12-06-2021,84,32.21,126.04,153.45,67.11,81.86
Rajasthan,Jaipur,22-06-2021,330,154.25,3.45,68.24,10.61,174
Rajasthan,Jaipur,30-06-2021,88,224.51,360.49,116.4,84.49,101.53
Rajasthan,Jaipur,19-07-2021,281,51.635,238.84,144.885,22.04,81.85
Rajasthan,Jaipur,20-07-2021,105,267.25,120.98,177.25,9.32,104.67
Rajasthan,Jaipur,21-07-2021,220,30.05,368.47,40.51,48.21,196.56
Rajasthan,Jaipur,26-07-2021,154,241.84,377.82,28.26,23.28,84.56
Rajasthan,Jaipur,29-07-2021,271,27.66,305.27,190.62,56.44,13.72
Rajasthan,Jaipur,31-07-2021,462,163.69,2.31,5,97.49,65.67
Rajasthan,Jaipur,09-08-2021,133,195.91,364.3,197.15,45.34,170.52
Rajasthan,Jaipur,15-08-2021,427,269.02,343.87,64.82,16.42,132.82
Rajasthan,Jaipur,26-08-2021,313,88.99,251.51,144.83,77.65,168.32
Rajasthan,Jaipur,11-09-2021,350,14.95,185.82,117.52,71.65,93
Rajasthan,Jaipur,25-09-2021,356.5,129.4,281.495,110.605,55.575,95.24
Rajasthan,Jaipur,30-09-2021,10,107.22,378.21,130.45,68.4,159.14
Rajasthan,Jaipur,01-10-2021,19,41.9,208.76,46.3,64.65,183.08
Rajasthan,Jaipur,06-10-2021,373,36.68,313.48,119.31,33.58,111.83
Rajasthan,Jaipur,17-10-2021,219,106.5,75.25,155.07,21.27,176.82
Rajasthan,Jaipur,26-10-2021,375,290.82,176.22,122.76,18.72,24.3
Rajasthan,Jaipur,29-10-2021,373,150.21,10.69,41.05,31.37,128.79
Rajasthan,Jaipur,02-11-2021,468,163.7,386.42,132.72,50.68,108.28
Rajasthan,Jaipur,16-11-2021,74,92.36,377,102.78,0.12,175.58
Rajasthan,Jaipur,13-12-2021,322,176.7,71.66,141.35,71.16,107.68
Rajasthan,Jaipur,15-12-2021,441,264.48,95.31,50.44,79.61,14.44
Rajasthan,Jaipur,28-12-2021,168,278.06,353.88,8.57,97.02,182.84
Rajasthan,Jaipur,31-12-2021,453,97.99,228.83,115.1,85.9,7.12
Rajasthan,Jaipur,09-01-2022,343,213.86,178.41,105.41,1.49,160.55
Rajasthan,Jaipur,19-01-2022,95,179.82,289.75,81.12,15.74,117.86
Rajasthan,Jaipur,23-01-2022,223,159.92,172.33,51.18,12.18,114.77
Rajasthan,Jaipur,24-01-2022,195,113.37,45.29,21.71,53.46,85.18
Rajasthan,Jaipur,28-01-2022,80,136.95,388,110.73,3.1,81.19
Rajasthan,Jaipur,12-03-2022,361,201.79,275.63,1.3,67.91,49.74
Rajasthan,Jaipur,14-03-2022,309,217.68,231.18,166.33,52.87,175.78
Rajasthan,Jaipur,15-03-2022,469,20.36,121.78,8.21,13.43,44.93
Rajasthan,Jaipur,31-03-2022,243,277.02,72.8,7.68,78.47,172.34
Rajasthan,Jaipur,15-04-2022,288,91.45,105.32,7.43,55.85,98.46
Rajasthan,Jaipur,29-04-2022,52,174.07,67,111.12,55.17,179.12
Rajasthan,Jaipur,01-05-2022,337,207.25,321.4,76.85,53.35,106.38
Rajasthan,Jaipur,01-06-2022,165,135.72,122.98,46.53,82,162.56
Rajasthan,Jaipur,10-06-2022,12,65.02,170.07,3.07,89.28,88.43
Rajasthan,Jaipur,13-06-2022,118,229.14,46.4,76.19,68.27,145.15
Rajasthan,Jaipur,17-06-2022,420,76.38,258.78,159.53,30.07,185.78
Rajasthan,Jaipur,21-06-2022,221,98.07,334.88,40.27,59.12,97.14
Rajasthan,Jaipur,30-06-2022,318.5,217.925,113.785,150.035,48.205,113.82
Rajasthan,Jaipur,23-07-2022,219,257.6,9.56,190.69,7.69,32.89
Rajasthan,Jaipur,21-08-2022,109,240.85,300.4,64.03,0.69,93.44
Rajasthan,Jaipur,25-08-2022,241,68.68,63.27,131.52,49.4,192.46
Rajasthan,Jaipur,27-08-2022,312,37.02,36.75,32.02,77.19,64.8
Rajasthan,Jaipur,29-08-2022,201,19.5,89,75.47,21.27,3.63
Rajasthan,Jaipur,04-09-2022,460,32.84,338.46,6.67,99.55,125.89
Rajasthan,Jaipur,13-09-2022,438,137.05,173.91,27.25,69.65,119.04
Rajasthan,Jaipur,19-09-2022,173,134.555,75.73,38.3,52.49,105.27
Rajasthan,Jaipur,21-10-2022,50,38.94,395.63,110.63,44.8,158.5
Rajasthan,Jaipur,23-10-2022,369.5,141.125,250.425,149.695,45.09,40.925
Rajasthan,Jaipur,02-11-2022,492,48.65,137.34,178.04,49.38,37.7
Rajasthan,Jaipur,05-11-2022,254.5,95.52,167.61,82.39,77.585,67.94
Rajasthan,Jaipur,23-11-2022,393,149.64,1.24,57.93,41.4,30.88
Rajasthan,Jaipur,02-12-2022,134.5,96.845,96.665,73.645,39.71,124.535
Rajasthan,Jaipur,09-12-2022,205,117.37,165.51,15.91,58.4,142
Rajasthan,Jodhpur,03-01-2015,110,74.72,7.92,130.72,77.37,115.52
Rajasthan,Jodhpur,02-02-2015,215,135.38,158.97,144.7,45.9,4
Rajasthan,Jodhpur,12-02-2015,49,45.84,138.62,142.69,78.6,78.8
Rajasthan,Jodhpur,13-02-2015,444,36.22,297.43,119.69,14.85,94.06
Rajasthan,Jodhpur,04-03-2015,209,69.08,355.46,151.29,1.93,99.08
Rajasthan,Jodhpur,06-03-2015,480,252.79,358.57,156.71,68.69,23.25
Rajasthan,Jodhpur,21-03-2015,414,213.31,216.8,24.52,8.64,146.54
Rajasthan,Jodhpur,28-03-2015,76,255.09,56.77,111.46,95.95,122.61
Rajasthan,Jodhpur,04-04-2015,393,24.33,77.57,142.53,52.49,87.71
Rajasthan,Jodhpur,07-04-2015,378,59.94,196.45,181.41,20.47,23.31
Rajasthan,Jodhpur,13-04-2015,28,212.07,276.03,126.3,27.68,13.3
Rajasthan,Jodhpur,18-04-2015,363,209.53,369.72,107.13,66.68,130.73
Rajasthan,Jodhpur,27-04-2015,26,42.18,137.4,85.55,47.79,6.44
Rajasthan,Jodhpur,30-04-2015,461,247.45,371.04,194.63,48.78,128.79
Rajasthan,Jodhpur,17-05-2015,441,33.57,59.06,46.39,16.97,160.4
Rajasthan,Jodhpur,20-05-2015,248,238.33,398.6,116,14.59,110.96
Rajasthan,Jodhpur,29-05-2015,440,71.02,297.84,154.6,69.4,120.59
Rajasthan,Jodhpur,30-05-2015,496,132.77,141.33,132.51,54.27,167.04
Rajasthan,Jodhpur,01-06-2015,329,208.4,14.51,72.58,59.14,47.98
Rajasthan,Jodhpur,03-06-2015,108,105.63,202.54,190.85,66.64,63.17
Rajasthan,Jodhpur,12-06-2015,402,230.35,184.77,49.16,4.03,158.6
Rajasthan,Jodhpur,20-06-2015,155,62.12,288.54,29.97,42.02,98.96
Rajasthan,Jodhpur,27-06-2015,383,196.13,280.03,172.78,49.22,8.25
Rajasthan,Jodhpur,29-06-2015,252.67,285.64,161.94,121.1,53.81,7.96
Rajasthan,Jodhpur,01-07-2015,133.5,143.125,123.92,32.345,5.77,149.835
Rajasthan,Jodhpur,03-07-2015,342,168.49,199.62,107.44,23.25,146.21
Rajasthan,Jodhpur,07-08-2015,49,25.84,222.66,190.17,4.53,102.89
Rajasthan,Jodhpur,09-08-2015,473,79.67,151.19,92.88,24.32,136.02
Rajasthan,Jodhpur,10-08-2015,128,264.76,58.76,198.74,35.9,120.25
Rajasthan,Jodhpur,19-08-2015,423,132.89,288.56,154.2,93.48,127.86
Rajasthan,Jodhpur,30-08-2015,315,145.35,11.71,164.38,24.41,20.06
Rajasthan,Jodhpur,02-09-2015,489,49.56,88.34,107.46,0.31,124.47
Rajasthan,Jodhpur,10-09-2015,65,25.27,286.84,181.32,53.19,143.41
Rajasthan,Jodhpur,26-09-2015,240,139.36,0.79,110.71,88.92,38.32
Rajasthan,Jodhpur,03-10-2015,196,51.19,316.97,127.8,32.84,146.15
Rajasthan,Jodhpur,10-10-2015,102,125.91,206.08,173.23,92.67,153.28
Rajasthan,Jodhpur,20-10-2015,234,124.2,39.78,140.86,24.75,71.74
Rajasthan,Jodhpur,23-10-2015,369,43.66,180.75,3.76,37.44,28.68
Rajasthan,Jodhpur,01-11-2015,124,269.1,75.14,163.58,77.89,13.7
Rajasthan,Jodhpur,10-11-2015,181,214.55,143.8,52.09,24.25,138.68
Rajasthan,Jodhpur,05-12-2015,332,81.97,82.22,155.33,90.67,47.54
Rajasthan,Jodhpur,09-12-2015,470,187.84,370.93,180.53,7.46,29.7
Rajasthan,Jodhpur,14-12-2015,366,3.27,272.79,43.92,1.77,85.03
Rajasthan,Jodhpur,20-12-2015,247,177.34,174.6,72.75,16.08,123.24
Rajasthan,Jodhpur,29-12-2015,45,242.47,231.59,7.35,29.7,132.4
Rajasthan,Jodhpur,27-01-2016,484,196.66,53.075,44.255,71.385,79.645
Rajasthan,Jodhpur,13-02-2016,240,57.68,177.29,19.79,18.74,107.97
Rajasthan,Jodhpur,17-02-2016,354,242.93,176.98,80.06,40.33,85.76
Rajasthan,Jodhpur,18-02-2016,62,18.5,249.82,25.17,1.6,184.2
Rajasthan,Jodhpur,10-03-2016,216,72.17,272.72,21.57,91.34,44.3
Rajasthan,Jodhpur,11-03-2016,298,159.75,159.22,26.84,79.28,10.94
Rajasthan,Jodhpur,28-03-2016,67,46.14,206.63,99.74,84.02,179.13
Rajasthan,Jodhpur,02-04-2016,219,55.43,78.38,115.25,60.29,62.77
Rajasthan,Jodhpur,03-04-2016,180,43.7,110.57,122.47,36.4,114.93
Rajasthan,Jodhpur,06-04-2016,294,51.58,77.5,29.48,58.97,29.11
Rajasthan,Jodhpur,07-05-2016,26,28.46,177.07,11.76,54.17,193.25
Rajasthan,Jodhpur,11-05-2016,3,168.85,50.24,169.24,29.7,105.88
Rajasthan,Jodhpur,14-05-2016,96,86.97,378.35,119.1,71.77,91.98
Rajasthan,Jodhpur,24-05-2016,38,272.58,194.82,87.05,58.56,94.17
Rajasthan,Jodhpur,29-05-2016,317,107.83,329.99,106.87,25.7,149.93
Rajasthan,Jodhpur,31-05-2016,84.5,142.305,153.93,26.44,67.48,154.955
Rajasthan,Jodhpur,06-06-2016,421,186.65,22.75,194.69,63.6,129.09
Rajasthan,Jodhpur,16-06-2016,110,99.82,64.155,103.61,18.235,153.73
Rajasthan,Jodhpur,23-06-2016,41,225.47,284.99,164.94,95.81,124.22
Rajasthan,Jodhpur,24-06-2016,96,226.98,157.84,144.31,43.48,114.03
Rajasthan,Jodhpur,19-07-2016,352,291.02,32.7,152.95,30.61,181.74
Rajasthan,Jodhpur,05-08-2016,382,57.82,136.54,178.27,22.23,30.82
Rajasthan,Jodhpur,15-08-2016,345,172.03,95.62,186.25,35.67,90.89
Rajasthan,Jodhpur,24-08-2016,158,205.89,356.8,141.45,41.01,38.33
Rajasthan,Jodhpur,28-08-2016,450,82.21,203.53,69.69,31.4,174.43
Rajasthan,Jodhpur,03-09-2016,270,179.57,236.335,149.27,71.215,75.09
Rajasthan,Jodhpur,09-09-2016,43,254.08,359.95,81.53,72.22,78.51
Rajasthan,Jodhpur,23-09-2016,336,245.91,95.99,106.65,89.3,121.76
Rajasthan,Jodhpur,24-09-2016,483,224.91,147.89,119.17,66.76,75.18
Rajasthan,Jodhpur,29-09-2016,333,225.52,244.22,57.11,62.35,95.48
Rajasthan,Jodhpur,29-10-2016,135,78.14,85.02,186.2,17.53,172.22
Rajasthan,Jodhpur,06-11-2016,201,297.21,150.35,185.73,70,175.15
Rajasthan,Jodhpur,07-11-2016,57,81.45,150.36,85.93,25.08,14.24
Rajasthan,Jodhpur,01-12-2016,492,140.42,169.29,79.21,43.89,102.62
Rajasthan,Jodhpur,02-12-2016,5,37.52,228.73,50.37,51.95,6.07
Rajasthan,Jodhpur,26-12-2016,414,6.52,26.74,9.85,56.43,38.62
Rajasthan,Jodhpur,18-01-2017,237,208.85,148.89,129.51,29.21,123.63
Rajasthan,Jodhpur,26-01-2017,122,15.57,62.11,149.75,72.26,109.48
Rajasthan,Jodhpur,08-02-2017,280,153.72,217.41,56.56,94.75,99.78
Rajasthan,Jodhpur,24-02-2017,194,282.65,174.3,92.42,4.37,19.34
Rajasthan,Jodhpur,11-03-2017,497,178.62,33.34,55.17,37.38,27.83
Rajasthan,Jodhpur,19-03-2017,471,194.55,139.1,92.25,10.5,79.43
Rajasthan,Jodhpur,25-03-2017,483,4.35,74.21,61.84,93.87,187.86
Rajasthan,Jodhpur,04-04-2017,344,201.64,37.16,168.78,29.68,89.29
Rajasthan,Jodhpur,15-04-2017,31,95.3,153.79,104.95,61.78,51.5
Rajasthan,Jodhpur,18-04-2017,93,16.41,361.64,133.89,7.18,148.99
Rajasthan,Jodhpur,24-04-2017,45,143.85,109.8,173.63,24.99,159.28
Rajasthan,Jodhpur,27-04-2017,177,215.75,157.17,111.745,19.615,72.195
Rajasthan,Jodhpur,03-05-2017,239,24.17,41.59,142.79,31.88,49.75
Rajasthan,Jodhpur,13-05-2017,148,85.55,142.09,89.59,26.08,90.38
Rajasthan,Jodhpur,18-05-2017,457,24.08,228.53,34.13,92.76,61.64
Rajasthan,Jodhpur,19-05-2017,127,32.72,283.42,175.89,70.77,72.07
Rajasthan,Jodhpur,22-05-2017,393,133.53,226.39,35.795,44.47,85.81
Rajasthan,Jodhpur,27-05-2017,175,134.76,92.3,84.27,81.63,90.95
Rajasthan,Jodhpur,09-06-2017,385,168.61,215.74,35.62,54.33,11.2
Rajasthan,Jodhpur,13-06-2017,252,39.08,50.8,103.89,48.46,9.85
Rajasthan,Jodhpur,21-06-2017,218,251.09,196.06,40.45,54.78,178.18
Rajasthan,Jodhpur,24-06-2017,68,43.04,322.63,41.59,36.49,144.34
Rajasthan,Jodhpur,12-07-2017,125.5,140.71,73.92,96.275,71.96,34.685
Rajasthan,Jodhpur,22-07-2017,406,29.07,62.78,189.56,84.39,51
Rajasthan,Jodhpur,28-07-2017,91,84.16,266.31,91.44,10.42,29.22
Rajasthan,Jodhpur,29-07-2017,134,134.64,195.58,23.54,29.02,165.02
Rajasthan,Jodhpur,08-08-2017,363,2.76,124.61,174.42,98.77,184.39
Rajasthan,Jodhpur,10-08-2017,28,110.67,41.93,198.86,0.39,148.71
Rajasthan,Jodhpur,11-08-2017,494,118.66,28.99,14.52,73.19,64.87
Rajasthan,Jodhpur,20-09-2017,375,250.25,386.1,94.54,27.65,179.24
Rajasthan,Jodhpur,27-09-2017,489,240.92,144.78,171.36,11.9,163.3
Rajasthan,Jodhpur,01-10-2017,310,38.94,77.15,157.83,79.93,101.24
Rajasthan,Jodhpur,05-10-2017,73,86.74,273.42,60.08,3.79,160.33
Rajasthan,Jodhpur,07-10-2017,117,135.42,170.73,12.54,76.9,191.13
Rajasthan,Jodhpur,08-10-2017,34,160.22,10.28,172.4,3.21,163.15
Rajasthan,Jodhpur,14-10-2017,45,3.54,177.78,87.27,95.46,69
Rajasthan,Jodhpur,17-10-2017,371,77.09,139.11,81.45,35.53,196.27
Rajasthan,Jodhpur,22-10-2017,187,108.06,275.95,59.96,54.53,65.8
Rajasthan,Jodhpur,14-11-2017,124,124.08,124.69,47.85,49.91,176.97
Rajasthan,Jodhpur,09-12-2017,273,74.08,249.28,56.07,8.76,83.96
Rajasthan,Jodhpur,14-12-2017,313,172.17,13.58,137.02,23.82,129.9
Rajasthan,Jodhpur,22-12-2017,278,168.65,51.89,44.35,11.46,137.75
Rajasthan,Jodhpur,06-01-2018,329,109.39,366.3,59.05,69.45,23.93
Rajasthan,Jodhpur,09-01-2018,382,219.41,251.81,3.21,30.47,78.28
Rajasthan,Jodhpur,10-01-2018,141,162.18,389.02,27.52,55.64,161.21
Rajasthan,Jodhpur,24-01-2018,312,277.26,244.72,177.87,31.74,158.46
Rajasthan,Jodhpur,02-02-2018,248,60.36,176.11,177.96,68.95,158.47
Rajasthan,Jodhpur,08-02-2018,395,276.09,42.85,19.5,64.29,1.52
Rajasthan,Jodhpur,09-02-2018,243,298.83,236.78,52.89,78.6,55.8
Rajasthan,Jodhpur,19-02-2018,75,75.65,118.83,62.49,14.7,192.54
Rajasthan,Jodhpur,17-03-2018,293,93.96,382.16,67.39,12.88,45.01
Rajasthan,Jodhpur,23-03-2018,324,114.99,70.02,134.05,57.14,39.54
Rajasthan,Jodhpur,25-03-2018,133,291.43,138,149.04,53.12,70.72
Rajasthan,Jodhpur,09-04-2018,59,21.5,90.82,67.04,27.97,151.77
Rajasthan,Jodhpur,16-04-2018,108.5,145.32,150.05,120.43,51.415,132.415
Rajasthan,Jodhpur,10-05-2018,12,49.17,145.2,69.42,79.28,21.01
Rajasthan,Jodhpur,12-05-2018,325,137.37,19.67,39.47,38.08,72.58
Rajasthan,Jodhpur,04-06-2018,300.5,196.24,233.085,93.49,68.805,161.46
Rajasthan,Jodhpur,05-06-2018,214.5,78.975,242.74,53.12,31.975,130.11
Rajasthan,Jodhpur,06-06-2018,314,191.04,104.77,31.1,62.59,138.67
Rajasthan,Jodhpur,15-06-2018,500,32.08,317.99,162.28,57.05,61.85
Rajasthan,Jodhpur,20-06-2018,138.5,142.275,298.475,106.4,59.845,51.76
Rajasthan,Jodhpur,22-06-2018,143,162.8,27.87,95.2,95.96,62.87
Rajasthan,Jodhpur,05-07-2018,31,66.98,259.8,130.43,89.98,30.37
Rajasthan,Jodhpur,06-07-2018,44.5,144.115,206.12,110.36,64.495,10.41
Rajasthan,Jodhpur,15-07-2018,51,15.67,385.56,25.27,8.55,169.42
Rajasthan,Jodhpur,18-07-2018,249,181.18,110.06,134.85,40.32,180.32
Rajasthan,Jodhpur,20-07-2018,471,62.01,33.22,174.52,0.49,99.88
Rajasthan,Jodhpur,29-07-2018,446,230.16,214.64,12.73,65.99,32.67
Rajasthan,Jodhpur,31-07-2018,232,25.12,100.53,185.75,54.97,188.68
Rajasthan,Jodhpur,02-08-2018,17,52.12,139.29,125.05,49.82,187.62
Rajasthan,Jodhpur,25-08-2018,185,11.81,146.81,160.26,40.57,60.59
Rajasthan,Jodhpur,30-08-2018,220,270.66,91.05,76.4,55.45,83.71
Rajasthan,Jodhpur,07-09-2018,44,45.9,242.73,113.41,33.3,98.67
Rajasthan,Jodhpur,14-09-2018,265,232.04,265.37,66.7,72.75,52.55
Rajasthan,Jodhpur,04-10-2018,425,279.98,6.03,12.71,63.59,25.41
Rajasthan,Jodhpur,09-10-2018,130,236.97,276.9,135.17,38.95,81.06
Rajasthan,Jodhpur,14-10-2018,173,103.11,283.5,199.97,38.32,148.57
Rajasthan,Jodhpur,29-10-2018,138,104.28,279.49,17.8,72.11,154.98
Rajasthan,Jodhpur,01-11-2018,334,250.43,295.97,126.63,64.79,66.54
Rajasthan,Jodhpur,17-11-2018,52,238.3,2.95,199.09,68.63,44.78
Rajasthan,Jodhpur,06-12-2018,257,81.57,55.1,100.67,4.11,129.48
Rajasthan,Jodhpur,09-12-2018,258,236.48,352.56,11.31,51.64,174
Rajasthan,Jodhpur,10-12-2018,366,211.82,27.91,72.87,51.42,146.63
Rajasthan,Jodhpur,01-01-2019,261.5,166.405,234.615,94.6,7.065,73.39
Rajasthan,Jodhpur,13-01-2019,356,238.73,364.77,86.83,71.32,18.95
Rajasthan,Jodhpur,14-01-2019,364,81.53,184.75,81.73,76.21,58.86
Rajasthan,Jodhpur,20-01-2019,268,54.12,49.16,146.82,24.93,195.45
Rajasthan,Jodhpur,25-01-2019,69,80.88,264.75,7.3,18.13,32.11
Rajasthan,Jodhpur,26-01-2019,406,233.93,54.13,133.78,89.09,90.27
Rajasthan,Jodhpur,17-02-2019,334,203.02,210.86,111.82,6.91,48.83
Rajasthan,Jodhpur,07-03-2019,468,118.48,129.58,93.32,52.94,114.82
Rajasthan,Jodhpur,11-03-2019,250,218.92,244.99,130.5,19.4,70.035
Rajasthan,Jodhpur,17-03-2019,240,74.05,303.28,49.48,24.93,119.74
Rajasthan,Jodhpur,31-03-2019,264,34.35,268.63,50.48,5.07,75.42
Rajasthan,Jodhpur,09-04-2019,459,283.55,85.37,15.04,79.34,1.54
Rajasthan,Jodhpur,30-04-2019,180,180.14,366.91,133.16,89.56,168.01
Rajasthan,Jodhpur,04-05-2019,292,146.51,337.18,129.67,2.74,148.37
Rajasthan,Jodhpur,05-05-2019,437,59.49,385.98,54.62,42.26,198.76
Rajasthan,Jodhpur,13-05-2019,203,236.83,347.22,68.25,21.11,26.74
Rajasthan,Jodhpur,07-06-2019,269,170.24,25.14,117.16,23.25,196.03
Rajasthan,Jodhpur,16-06-2019,360,33.8,365.39,174.12,89.52,105.4
Rajasthan,Jodhpur,19-06-2019,328,105.64,24.63,113.42,64.56,61.85
Rajasthan,Jodhpur,25-06-2019,177,225.38,256.69,144.95,35.35,134.24
Rajasthan,Jodhpur,30-07-2019,217,165.38,275.86,171.1,57.33,160.26
Rajasthan,Jodhpur,09-08-2019,404,297.03,312.88,185.17,97.1,74.36
Rajasthan,Jodhpur,10-08-2019,240,273.98,136.83,190.04,73.99,169.43
Rajasthan,Jodhpur,12-08-2019,56,149.89,340.17,36.75,44.91,83.79
Rajasthan,Jodhpur,13-08-2019,486,228.75,124.6,102.53,12.04,176.81
Rajasthan,Jodhpur,27-08-2019,471,228.6,144.39,32.51,92.95,70.63
Rajasthan,Jodhpur,30-08-2019,444,214.12,352.83,172.66,76.97,95.01
Rajasthan,Jodhpur,01-09-2019,273,41.83,229.72,163.79,50.26,120.91
Rajasthan,Jodhpur,03-09-2019,271,42.31,57.8,168.84,45.95,189.14
Rajasthan,Jodhpur,12-09-2019,26,155.96,325.45,170.06,79.32,156.04
Rajasthan,Jodhpur,27-09-2019,269,31.2,151.35,117.63,17.58,17.8
Rajasthan,Jodhpur,02-10-2019,40,290.49,224.1,136.14,66.88,97.27
Rajasthan,Jodhpur,10-10-2019,303,138.44,257.1,90.045,62.775,40.61
Rajasthan,Jodhpur,11-10-2019,105,295.77,34.89,173.11,57.51,96.52
Rajasthan,Jodhpur,17-10-2019,480,79.62,268.73,195.04,35.43,137.62
Rajasthan,Jodhpur,13-11-2019,227,67.95,386.65,77.53,35.61,168.18
Rajasthan,Jodhpur,19-11-2019,274,150.75,383.86,175.81,5.31,154.68
Rajasthan,Jodhpur,05-12-2019,478,103.5,366.57,117.08,78.1,151.69
Rajasthan,Jodhpur,07-12-2019,183,184.08,87.59,172,27.54,160.75
Rajasthan,Jodhpur,16-12-2019,3,292.17,395.11,12.06,23.81,35.46
Rajasthan,Jodhpur,20-12-2019,491,3.08,364.57,132.3,82.86,59.79
Rajasthan,Jodhpur,22-12-2019,160,91.08,147.2,0.16,39.65,9.91
Rajasthan,Jodhpur,18-01-2020,57,208.69,371.2,134.21,3.16,99.05
Rajasthan,Jodhpur,19-01-2020,30,47.37,70.41,186.1,8.81,147.76
Rajasthan,Jodhpur,24-01-2020,27,136.95,79.4,8.35,83.36,152.38
Rajasthan,Jodhpur,30-01-2020,225,124.04,88.74,189.16,8.57,0.36
Rajasthan,Jodhpur,28-02-2020,67,28.73,315.5,59.47,68.96,42.63
Rajasthan,Jodhpur,05-03-2020,41,5.55,148.28,198.42,42.55,147.38
Rajasthan,Jodhpur,14-03-2020,411,10.94,97.59,26.27,14.06,76.95
Rajasthan,Jodhpur,23-03-2020,351,204.57,284.61,138.98,20.6,70.49
Rajasthan,Jodhpur,25-03-2020,51,81.15,115.26,85.69,48.16,12.67
Rajasthan,Jodhpur,04-05-2020,449,181.97,100.97,103.52,5.95,112.97
Rajasthan,Jodhpur,07-05-2020,454,22.85,166.52,55.88,44.28,45.49
Rajasthan,Jodhpur,11-05-2020,269,69.65,242.49,104.63,87.64,34.99
Rajasthan,Jodhpur,15-05-2020,174,67.65,157.27,64.93,71,68.53
Rajasthan,Jodhpur,03-06-2020,225,151.73,288.51,181.2,2.11,18.88
Rajasthan,Jodhpur,05-06-2020,417,52.51,373.94,2.45,25.39,15.76
Rajasthan,Jodhpur,04-07-2020,308,174.665,154.955,107.82,44.37,123.07
Rajasthan,Jodhpur,12-07-2020,285,38.35,34.43,179.59,41.5,154.75
Rajasthan,Jodhpur,17-07-2020,467,192.09,295.79,59.43,74.44,55.41
Rajasthan,Jodhpur,18-07-2020,440,146.38,226.31,80.16,8.74,12.38
Rajasthan,Jodhpur,23-07-2020,252,154.29,156.95,161.94,75.65,141.6
Rajasthan,Jodhpur,24-07-2020,319,77.9,183.02,79.46,55.59,106.51
Rajasthan,Jodhpur,31-07-2020,206,162.02,220.59,147.38,4.34,146.96
Rajasthan,Jodhpur,20-08-2020,370.5,264.88,73.375,103.385,44.405,74.635
Rajasthan,Jodhpur,21-08-2020,208,176.25,356.5,112.48,16.59,45.71
Rajasthan,Jodhpur,23-08-2020,465,41.06,185.35,175.94,32.8,36.86
Rajasthan,Jodhpur,25-08-2020,321,177.74,8.77,168.66,84.83,44.09
Rajasthan,Jodhpur,27-08-2020,499,89.64,254.28,83.08,20.29,92.69
Rajasthan,Jodhpur,31-08-2020,444,80.92,372.23,26.83,24.9,3.18
Rajasthan,Jodhpur,13-09-2020,29,248.08,31.71,37.73,52.77,62.48
Rajasthan,Jodhpur,16-09-2020,201,15.52,68.88,94.29,98.72,168.42
Rajasthan,Jodhpur,20-09-2020,104,277.92,120.06,192.11,4.5,159.67
Rajasthan,Jodhpur,22-09-2020,420,224.51,168.8,11.93,0.76,189.81
Rajasthan,Jodhpur,23-09-2020,305,145.06,234.98,165.83,52.44,17.02
Rajasthan,Jodhpur,27-09-2020,108,80.6,191.08,157.29,4.82,160.2
Rajasthan,Jodhpur,07-10-2020,296,9.67,189,22.5,42.2,64.78
Rajasthan,Jodhpur,17-10-2020,53,102.19,201.3,10.45,4.55,119.12
Rajasthan,Jodhpur,02-11-2020,282,23.1,372.87,176.21,51.94,43.07
Rajasthan,Jodhpur,13-11-2020,487,13.55,112.27,112.31,53.79,101.57
Rajasthan,Jodhpur,16-11-2020,85,266.52,264.13,88.98,57.16,125.45
Rajasthan,Jodhpur,10-12-2020,253,88,76.56,47.02,19.71,92.93
Rajasthan,Jodhpur,18-12-2020,110,192.87,161.4,37.48,2.66,21.74
Rajasthan,Jodhpur,25-12-2020,286,188.24,23.31,147.85,22.65,5.69
Rajasthan,Jodhpur,10-01-2021,176,231.48,320.41,139.81,56.78,122.98
Rajasthan,Jodhpur,15-01-2021,407,141.99,129.05,55.16,57.48,26.51
Rajasthan,Jodhpur,16-01-2021,92,85.58,323.42,125.91,51.42,157.96
Rajasthan,Jodhpur,26-01-2021,442,11.16,381.43,191.95,91,50.06
Rajasthan,Jodhpur,30-01-2021,484,197.8,311.14,64.05,59.44,84.05
Rajasthan,Jodhpur,31-01-2021,48,237.52,271.33,81.28,66.66,85.28
Rajasthan,Jodhpur,04-03-2021,227,100.14,204.06,2.15,53.65,118.21
Rajasthan,Jodhpur,16-03-2021,287,45.53,191.35,109.8,9.17,23.27
Rajasthan,Jodhpur,08-04-2021,299,242.54,218.12,190.28,8.93,41.35
Rajasthan,Jodhpur,16-04-2021,217,221.28,36.69,24.74,55.81,96.39
Rajasthan,Jodhpur,17-04-2021,49,74.2,348.6,127.3,17.62,41.75
Rajasthan,Jodhpur,28-04-2021,245,4.83,385.83,41.96,67.79,165.84
Rajasthan,Jodhpur,06-05-2021,90,3.38,162.88,145.94,37.11,133.12
Rajasthan,Jodhpur,14-05-2021,10,40.76,113.49,121.08,94.77,171.2
Rajasthan,Jodhpur,22-05-2021,484,92.25,173.17,148.25,29.77,140.11
Rajasthan,Jodhpur,02-06-2021,8,21.83,150.54,50.85,29.35,61.42
Rajasthan,Jodhpur,03-06-2021,325,265.95,321.71,104.82,61.19,140.21
Rajasthan,Jodhpur,18-06-2021,415,88.98,199.13,86.67,95.6,14.03
Rajasthan,Jodhpur,19-06-2021,37,265.61,182.86,182.9,64.73,100.99
Rajasthan,Jodhpur,17-07-2021,299,135.68,175.87,35.91,98.48,60.56
Rajasthan,Jodhpur,23-07-2021,364,131.47,102.66,138.43,98.19,142.07
Rajasthan,Jodhpur,25-07-2021,72,281.5,89.72,109.14,39.9,153.37
Rajasthan,Jodhpur,30-07-2021,395,256.23,65.34,15.1,19.46,134.39
Rajasthan,Jodhpur,13-08-2021,194.5,216.14,316.375,121.86,58.46,84.44
Rajasthan,Jodhpur,17-08-2021,318,265.77,290.01,112.72,76.14,181.37
Rajasthan,Jodhpur,06-09-2021,273,74.72,72.88,125.46,84.89,182.43
Rajasthan,Jodhpur,19-09-2021,178,175.7,232.82,42.32,9.21,185.99
Rajasthan,Jodhpur,21-09-2021,6,240.61,108.98,130.98,80.73,183.83
Rajasthan,Jodhpur,07-10-2021,488,145.77,229.79,199.2,7.5,40.1
Rajasthan,Jodhpur,12-10-2021,131,220.29,112.78,133.17,50.94,131.68
Rajasthan,Jodhpur,29-10-2021,37,289.92,202.81,101.33,13.52,37.56
Rajasthan,Jodhpur,05-11-2021,381,164.56,32.46,29.54,38.98,11.61
Rajasthan,Jodhpur,09-11-2021,201,45.9,194.1,161.18,79.46,124.39
Rajasthan,Jodhpur,14-11-2021,178,84.3,101.05,75.46,61.4,65.76
Rajasthan,Jodhpur,25-11-2021,126,276.33,197.75,15.13,67.38,167.9
Rajasthan,Jodhpur,11-12-2021,415,244.18,47.31,43.21,81.92,51.74
Rajasthan,Jodhpur,16-12-2021,435,118.4,223.09,116.95,75.32,57.62
Rajasthan,Jodhpur,28-12-2021,422,1.47,4.55,77.78,86,25.16
Rajasthan,Jodhpur,01-01-2022,194,263.99,325.76,20.4,47.4,99.84
Rajasthan,Jodhpur,03-01-2022,465,111.65,307.51,120.24,45.69,97.73
Rajasthan,Jodhpur,19-01-2022,9,37.53,286.18,103.52,61.43,80.91
Rajasthan,Jodhpur,30-01-2022,85,216.95,246.26,161.99,50.5,186.81
Rajasthan,Jodhpur,14-02-2022,106,203.07,245.89,98.45,80.61,163.42
Rajasthan,Jodhpur,17-02-2022,197,124.11,110.92,134.56,5.23,35.37
Rajasthan,Jodhpur,26-02-2022,473,279.88,388.3,54.39,42.3,162.79
Rajasthan,Jodhpur,13-03-2022,481,149.945,122.185,171.615,71.895,10.155
Rajasthan,Jodhpur,26-03-2022,318,12.92,342.12,120.51,52.09,87.11
Rajasthan,Jodhpur,28-03-2022,481,55.93,372.71,147.38,86.27,127.06
Rajasthan,Jodhpur,31-03-2022,75,46.4,140.55,145.51,17.57,131.76
Rajasthan,Jodhpur,04-04-2022,41,25.2,213.42,53.38,92.24,150.09
Rajasthan,Jodhpur,27-04-2022,9,217.95,193.1,50.88,53.15,50.52
Rajasthan,Jodhpur,06-05-2022,124,130.44,267.39,39.35,75.03,84.46
Rajasthan,Jodhpur,18-05-2022,31,262.07,360.6,24.01,73.2,10.54
Rajasthan,Jodhpur,20-05-2022,254,205.82,230.22,59.63,80.14,104.48
Rajasthan,Jodhpur,25-05-2022,399,100.67,302.18,10.96,18.4,194.79
Rajasthan,Jodhpur,03-06-2022,61,286.16,66.07,148.45,7.23,94.68
Rajasthan,Jodhpur,05-06-2022,230,37.02,209.39,114.37,42.29,3.37
Rajasthan,Jodhpur,06-06-2022,472,244.01,259.56,47.27,11.01,188.7
Rajasthan,Jodhpur,11-06-2022,48,68.61,96.27,6.62,62.96,78.5
Rajasthan,Jodhpur,28-06-2022,170,236.1,274.34,41.77,85.84,176.57
Rajasthan,Jodhpur,29-06-2022,455,112.99,234.19,195,60.14,21.76
Rajasthan,Jodhpur,30-06-2022,128,125.93,119.92,37.78,53.58,14.76
Rajasthan,Jodhpur,03-07-2022,498,197.01,103.38,104.96,69.22,120.29
Rajasthan,Jodhpur,04-08-2022,274,137.86,286.93,63.46,58.17,142.8
Rajasthan,Jodhpur,20-08-2022,392,12.81,87.6,61.26,74.18,94.22
Rajasthan,Jodhpur,25-08-2022,252,272.55,173.16,191.28,7.19,34.08
Rajasthan,Jodhpur,16-09-2022,195,263.37,179.68,134.08,60.17,15.02
Rajasthan,Jodhpur,23-09-2022,143,18.01,282.91,42.43,5.09,53.99
Rajasthan,Jodhpur,29-09-2022,41,197.31,61.2,37.58,4.61,20.07
Rajasthan,Jodhpur,03-10-2022,95,109.24,31.44,118.9,61.55,20.94
Rajasthan,Jodhpur,10-10-2022,187,143.1,231.735,111.135,55.685,145.415
Rajasthan,Jodhpur,11-10-2022,319,281.4,391.51,146.61,60,109.67
Rajasthan,Jodhpur,25-10-2022,209.5,224.12,173.25,102.435,25.615,97.77
Rajasthan,Jodhpur,07-11-2022,323,144.86,41.03,58.99,34.73,98.7
Rajasthan,Jodhpur,22-11-2022,478,46.58,171.75,94.75,76.44,99.3
Rajasthan,Jodhpur,14-12-2022,27,274.6,114.2,69.29,58.49,17.32
Rajasthan,Jodhpur,16-12-2022,334,4.57,220.38,121.7,24.72,8.25
Rajasthan,Jodhpur,25-12-2022,172,200.52,105.81,7.97,40.08,120.62
Rajasthan,Udaipur,12-01-2015,274,30.67,306.01,156.65,92.82,25.96
Rajasthan,Udaipur,19-01-2015,316,12.25,192.28,170.17,17.35,66.01
Rajasthan,Udaipur,23-01-2015,299,166.99,245.81,159.22,22.44,15.37
Rajasthan,Udaipur,25-01-2015,494,130.66,391.94,37.77,57.31,98.8
Rajasthan,Udaipur,29-01-2015,430,66.93,51.01,165.82,92.76,44.63
Rajasthan,Udaipur,06-02-2015,51,88.08,48.8,68.36,39.23,62.69
Rajasthan,Udaipur,10-02-2015,252,33.52,206.02,175.93,63.01,111.08
Rajasthan,Udaipur,13-02-2015,276,118.19,123.82,164.05,28.9,191.5
Rajasthan,Udaipur,21-02-2015,197,178.24,393.73,185.41,47.35,91.53
Rajasthan,Udaipur,23-02-2015,455,16.86,136.22,105.01,66.96,163.78
Rajasthan,Udaipur,24-02-2015,158,185.59,367.01,69.44,29.31,37.02
Rajasthan,Udaipur,26-02-2015,171,55.97,100.32,146.78,17.45,61.06
Rajasthan,Udaipur,02-03-2015,184,268.62,154.95,107.23,46.26,7.69
Rajasthan,Udaipur,06-03-2015,138,60.18,193.72,98.14,28.1,45.19
Rajasthan,Udaipur,21-03-2015,67,215.77,56,198.02,63.83,96.66
Rajasthan,Udaipur,23-03-2015,274,44.97,315.69,69.62,27.89,3.56
Rajasthan,Udaipur,25-04-2015,342,225.99,331.99,33.45,23.42,124.77
Rajasthan,Udaipur,26-04-2015,20,26.86,252.48,29.1,9.67,114.33
Rajasthan,Udaipur,07-05-2015,94,151.12,33.89,54.88,35.26,3.53
Rajasthan,Udaipur,07-06-2015,147,226.35,356.19,43.41,45.04,95.26
Rajasthan,Udaipur,11-06-2015,269,104.27,324.57,71.58,11.67,112.6
Rajasthan,Udaipur,13-06-2015,141,163.105,253.205,50.415,47.825,113.18
Rajasthan,Udaipur,03-07-2015,10,113.85,298.66,149.75,46.09,187.95
Rajasthan,Udaipur,06-07-2015,164,65.49,212.31,177.77,84.08,93.8
Rajasthan,Udaipur,31-07-2015,259,124.75,382.65,59.42,49.55,82.52
Rajasthan,Udaipur,03-08-2015,388,130.98,205.93,5.53,5.15,15.39
Rajasthan,Udaipur,05-08-2015,73,105.07,23.64,19.31,37.65,107.24
Rajasthan,Udaipur,09-09-2015,397,88.05,395.53,197.78,89.37,112.2
Rajasthan,Udaipur,18-09-2015,238,80.94,42.61,193.83,56.32,88.57
Rajasthan,Udaipur,19-09-2015,373,153.75,324.09,95.105,22.85,80.315
Rajasthan,Udaipur,21-09-2015,425,159.76,118.67,9.03,47.91,114.64
Rajasthan,Udaipur,18-10-2015,310,12.8,237.85,110.54,10.65,122.05
Rajasthan,Udaipur,05-11-2015,120,62.78,19.86,125.94,79.88,21.63
Rajasthan,Udaipur,01-12-2015,36,275.18,290.35,179.98,10.83,166.92
Rajasthan,Udaipur,10-12-2015,207,283.26,166.27,78.09,9.43,40.1
Rajasthan,Udaipur,11-12-2015,459,7.63,300.35,2.85,18.23,179.15
Rajasthan,Udaipur,27-12-2015,418,207.87,156.96,188.49,32.15,67
Rajasthan,Udaipur,07-01-2016,120,19.82,145.29,108.34,57.5,138.59
Rajasthan,Udaipur,24-01-2016,143,134.67,374.6,12.19,17.35,37.14
Rajasthan,Udaipur,29-01-2016,426,96.84,117.48,6.03,16.57,192.8
Rajasthan,Udaipur,05-02-2016,126,267.22,224.46,171.44,13.94,43.12
Rajasthan,Udaipur,21-02-2016,275,282.9,306.73,162.63,56.37,38.99
Rajasthan,Udaipur,19-03-2016,346,187.11,149.12,113.74,84.82,137.4
Rajasthan,Udaipur,27-03-2016,473,151.34,396.98,147.84,39.12,131.8
Rajasthan,Udaipur,09-04-2016,110,263.82,232.85,41.21,53.83,163.21
Rajasthan,Udaipur,10-04-2016,463,196.75,143.8,107.95,69.37,68.04
Rajasthan,Udaipur,17-04-2016,435,23.91,7.03,198.39,22.17,34.42
Rajasthan,Udaipur,24-04-2016,92,86.61,294.08,162.33,75.83,38.57
Rajasthan,Udaipur,27-04-2016,372,41.17,281.11,76.41,69.48,94.96
Rajasthan,Udaipur,10-05-2016,18,87.44,288.65,135.95,74.62,160.42
Rajasthan,Udaipur,25-05-2016,90,117.15,360.72,68.67,18.44,162.31
Rajasthan,Udaipur,15-06-2016,199,8.45,63.64,22.44,84.23,38.83
Rajasthan,Udaipur,07-07-2016,424,263.84,337.22,24.79,94.42,45.17
Rajasthan,Udaipur,09-07-2016,486,272.19,21.11,107.52,4.85,95.36
Rajasthan,Udaipur,19-07-2016,255,194.87,353.42,74.65,21.76,94.9
Rajasthan,Udaipur,05-08-2016,31,68.87,9.05,120.55,95.38,162.06
Rajasthan,Udaipur,18-08-2016,471,106.07,378.13,175.04,40.34,155.35
Rajasthan,Udaipur,21-08-2016,186,52.2,14.55,42.62,26.44,75.59
Rajasthan,Udaipur,03-09-2016,257,268.86,355.11,118.74,80.64,168.91
Rajasthan,Udaipur,02-10-2016,240,280.89,395.75,98.04,54.1,24.82
Rajasthan,Udaipur,04-10-2016,478,138.37,76.42,133.82,90.28,128.75
Rajasthan,Udaipur,06-10-2016,336,76.87,106.96,80.22,74.59,78.01
Rajasthan,Udaipur,17-10-2016,466,299.9,86.29,142.75,68.04,102.28
Rajasthan,Udaipur,03-11-2016,358,233.51,236.63,163.27,93.01,110.28
Rajasthan,Udaipur,21-11-2016,455,60.28,94.13,117.14,31.93,135.78
Rajasthan,Udaipur,22-11-2016,62,157.22,273.17,62.24,27.13,1.33
Rajasthan,Udaipur,26-11-2016,128,250.53,389.17,101.81,39.13,120.02
Rajasthan,Udaipur,20-12-2016,32,2.32,128.79,64.63,99.62,22.62
Rajasthan,Udaipur,28-12-2016,30,267.75,94.31,106.98,69.08,174.68
Rajasthan,Udaipur,20-01-2017,335.5,167.46,325.03,112.96,58.5,55.295
Rajasthan,Udaipur,22-01-2017,172,248.1,23.71,179.97,13.97,70.25
Rajasthan,Udaipur,23-01-2017,337,188.47,361.84,44.35,2.87,84.65
Rajasthan,Udaipur,28-01-2017,279.6666667,183.5233333,253.1766667,70.87333333,53.86666667,81.06333333
Rajasthan,Udaipur,31-01-2017,198,110.04,359.94,151.66,83.87,188.25
Rajasthan,Udaipur,13-02-2017,276,20.57,119.19,180.8,75.17,144.36
Rajasthan,Udaipur,22-02-2017,496,86.56,153.57,146.71,79.02,119.02
Rajasthan,Udaipur,24-02-2017,381,225.82,157.35,144.6,47.8,176.67
Rajasthan,Udaipur,26-02-2017,148.5,204.75,296.11,67.555,25.395,78.23
Rajasthan,Udaipur,06-03-2017,125,214.95,120.75,182.21,90.92,4.71
Rajasthan,Udaipur,17-03-2017,368,197.02,260.11,66.81,67.18,136.08
Rajasthan,Udaipur,01-04-2017,178,32.54,108.04,140.76,37.95,164.59
Rajasthan,Udaipur,02-04-2017,226,157.06,7.54,157.87,36.7,62.61
Rajasthan,Udaipur,03-04-2017,240,255.45,70.5,12.07,84.56,15.55
Rajasthan,Udaipur,30-04-2017,205,248.5,365.08,98.07,59.29,137.79
Rajasthan,Udaipur,04-05-2017,320,297.93,200.91,24.63,22.25,171.31
Rajasthan,Udaipur,05-05-2017,257,291.97,17.64,146.98,21.59,25.06
Rajasthan,Udaipur,30-05-2017,145,210.16,102.34,140.63,35.85,97.18
Rajasthan,Udaipur,02-06-2017,494,68.78,41.78,42.89,56.61,123.69
Rajasthan,Udaipur,01-07-2017,342,282.69,187.04,68.45,72.46,19.79
Rajasthan,Udaipur,02-07-2017,280,175.92,302.08,51.11,40.85,51.55
Rajasthan,Udaipur,07-07-2017,378,146.06,98.98,84.24,17.33,88.73
Rajasthan,Udaipur,22-07-2017,286,140.95,70.04,173.96,61.78,57.65
Rajasthan,Udaipur,30-07-2017,414,196.46,128.25,163.75,21.61,101.82
Rajasthan,Udaipur,08-08-2017,312,280,267.04,5,26.11,57.02
Rajasthan,Udaipur,09-08-2017,156,229.83,354.47,30.24,66.7,154.28
Rajasthan,Udaipur,11-08-2017,255,110.82,240.66,95.18,61.6,173.95
Rajasthan,Udaipur,13-08-2017,271,150.22,176.27,95.33,69.685,101.095
Rajasthan,Udaipur,27-08-2017,262,98.62,134.83,100.8,61,48.2
Rajasthan,Udaipur,28-08-2017,381,147.22,336.27,150.95,35.51,199.04
Rajasthan,Udaipur,14-09-2017,154,132.33,290.27,149.05,38.56,134.92
Rajasthan,Udaipur,16-09-2017,82,196.59,352.46,28.32,85.55,125.52
Rajasthan,Udaipur,18-09-2017,116,152.49,107.68,90.6,20.75,123.41
Rajasthan,Udaipur,28-09-2017,392,186.23,399.52,199.96,24.29,83.61
Rajasthan,Udaipur,13-10-2017,333.5,124.505,217.755,57.545,21.14,88.945
Rajasthan,Udaipur,23-10-2017,83,248.93,389,135.51,43.75,156.62
Rajasthan,Udaipur,26-10-2017,203,248.39,224.72,100.61,18.73,108.56
Rajasthan,Udaipur,28-10-2017,162,51.75,211.24,151.76,55.765,70.785
Rajasthan,Udaipur,30-10-2017,45,218.64,280.79,113.21,34.85,152.93
Rajasthan,Udaipur,12-11-2017,259.5,256.425,166.235,102.68,82.665,84.57
Rajasthan,Udaipur,15-11-2017,31,174.12,256.07,104.13,95.4,153.91
Rajasthan,Udaipur,18-11-2017,17,56.08,390.33,35.65,53.31,85.59
Rajasthan,Udaipur,21-11-2017,256,195.57,384.63,53.79,90.64,15.88
Rajasthan,Udaipur,03-12-2017,141,14.82,66.8,54.19,80.1,60.8
Rajasthan,Udaipur,27-12-2017,145,256.24,396.53,137.1,53.7,25.44
Rajasthan,Udaipur,12-01-2018,500,227.11,89.15,151.19,16.11,87.59
Rajasthan,Udaipur,18-01-2018,307,233.7,246.33,190.89,88.89,78.85
Rajasthan,Udaipur,22-01-2018,365,35.02,85.45,82.41,46.77,128.57
Rajasthan,Udaipur,27-01-2018,408,128.96,47.73,32.4,24.65,32.42
Rajasthan,Udaipur,15-02-2018,100,44.92,33.84,187.68,97.92,140.8
Rajasthan,Udaipur,16-02-2018,345,95.66,235.38,5.24,58.02,54.95
Rajasthan,Udaipur,20-02-2018,175,176.84,104.39,126.8,52.56,34.34
Rajasthan,Udaipur,02-03-2018,95,143.52,177.06,57.14,99.7,126.86
Rajasthan,Udaipur,18-03-2018,3,29.94,321.91,123.76,15.38,32.16
Rajasthan,Udaipur,04-05-2018,252.67,22.52,137.38,53.93,81.61,190.86
Rajasthan,Udaipur,11-05-2018,88,44.42,47.79,36.1,68.56,192.32
Rajasthan,Udaipur,21-05-2018,443,10.08,393.6,110.82,9.44,14.51
Rajasthan,Udaipur,05-07-2018,371,284.95,89.67,67.01,3.83,187.9
Rajasthan,Udaipur,22-07-2018,218,167.25,223.94,167.4,29.01,50.62
Rajasthan,Udaipur,29-07-2018,480,163.18,232.85,10.8,48.03,116.51
Rajasthan,Udaipur,02-08-2018,134,236.32,224.07,141.25,29.06,150.42
Rajasthan,Udaipur,04-08-2018,414,151.92,114.56,134.2,89.47,121.11
Rajasthan,Udaipur,05-08-2018,298,257.98,243.58,67.4,24.18,2.36
Rajasthan,Udaipur,07-08-2018,2,76.38,198.13,34.37,71.04,73.35
Rajasthan,Udaipur,17-08-2018,446,112.73,111.97,131.4,63.24,136.67
Rajasthan,Udaipur,18-08-2018,336,205.5,110.71,193.06,25.88,169.76
Rajasthan,Udaipur,14-09-2018,172,64.09,166.34,177.12,78.98,183.89
Rajasthan,Udaipur,16-09-2018,484,141.67,36.65,130.22,80.5,192.82
Rajasthan,Udaipur,03-10-2018,428,76.21,349.35,25.04,15.93,126.11
Rajasthan,Udaipur,12-10-2018,169,47.12,74.12,156.8,37.8,53.13
Rajasthan,Udaipur,18-10-2018,442,56.41,189.27,102.52,30.92,78.49
Rajasthan,Udaipur,01-11-2018,464,175.85,382.57,130.41,75.66,160.86
Rajasthan,Udaipur,13-11-2018,475,228.22,87.79,184.27,17.99,110.59
Rajasthan,Udaipur,27-11-2018,122,150.24,393.43,94.32,84.64,120.14
Rajasthan,Udaipur,29-11-2018,183,130.65,88.53,153.93,98.83,131.37
Rajasthan,Udaipur,30-11-2018,283,111.68,142.44,195.14,0.55,44.55
Rajasthan,Udaipur,10-12-2018,259,190.77,203.33,120.38,15.91,140.67
Rajasthan,Udaipur,23-12-2018,202,149.35,220.97,148.33,99.3,136.24
Rajasthan,Udaipur,24-12-2018,270,179.64,352.05,169.75,67.25,31.48
Rajasthan,Udaipur,14-01-2019,460,117.8,126.75,113.94,56.82,132.78
Rajasthan,Udaipur,18-01-2019,447,253.85,194.51,67.1,95.23,77.3
Rajasthan,Udaipur,07-02-2019,410,116.1,371.63,196.19,25.56,88.61
Rajasthan,Udaipur,15-02-2019,368,84.16,376.49,51.94,74.55,65.41
Rajasthan,Udaipur,19-02-2019,461,160.49,394.57,25.87,12.75,103.09
Rajasthan,Udaipur,30-03-2019,486,56.32,241.05,27.02,47.06,199.02
Rajasthan,Udaipur,03-04-2019,57,237.98,346.9,109.43,5.73,107.97
Rajasthan,Udaipur,07-04-2019,472,261.89,73.76,6.24,73.73,181.16
Rajasthan,Udaipur,10-04-2019,405,256.05,63.29,97.26,54.34,115.45
Rajasthan,Udaipur,11-04-2019,205,225.14,14.65,49.37,71.79,80.65
Rajasthan,Udaipur,25-04-2019,227,149.9,7.36,107.44,82.07,44.64
Rajasthan,Udaipur,28-04-2019,419,221,341.79,84.07,22.52,88.83
Rajasthan,Udaipur,09-06-2019,330,62,7.39,88.75,8.04,186.36
Rajasthan,Udaipur,25-06-2019,289,41.17,173.21,66.35,25.86,49.59
Rajasthan,Udaipur,05-07-2019,382,165.44,84.35,121.39,54.43,114.72
Rajasthan,Udaipur,09-07-2019,393,69.53,96.96,39.61,70.38,178.64
Rajasthan,Udaipur,29-07-2019,86,125.37,16.29,168.38,22.68,158.65
Rajasthan,Udaipur,01-08-2019,134,293.14,248.28,137.06,8.75,38.8
Rajasthan,Udaipur,14-08-2019,268,298.17,93.52,18.69,43.58,63.28
Rajasthan,Udaipur,21-08-2019,296,257.99,292.01,66.64,1.45,18.74
Rajasthan,Udaipur,06-09-2019,419,241.24,277.97,21.12,32.6,71.93
Rajasthan,Udaipur,09-09-2019,326,224.53,19.58,96.56,89.19,94.87
Rajasthan,Udaipur,17-09-2019,277,134.66,140.75,187.42,17.57,15.55
Rajasthan,Udaipur,19-09-2019,483,83.37,254.82,152.23,35.32,196.35
Rajasthan,Udaipur,01-10-2019,221,126.08,11.56,56.51,66.12,76.07
Rajasthan,Udaipur,06-10-2019,369,67.53,220.03,59.28,89.46,122.13
Rajasthan,Udaipur,14-10-2019,499,235.37,34.24,173.97,90.32,124.34
Rajasthan,Udaipur,31-10-2019,235.5,190.74,102.575,19.98,97.205,106.2
Rajasthan,Udaipur,18-11-2019,27,61.14,188.12,109.84,53.39,89.23
Rajasthan,Udaipur,20-11-2019,398,251.71,210.26,59.28,82.54,157.26
Rajasthan,Udaipur,06-12-2019,22,94.28,87.24,18.9,76.48,132.22
Rajasthan,Udaipur,07-12-2019,321,147.1,117.15,70.39,73.46,172.87
Rajasthan,Udaipur,08-12-2019,256,27.51,236.21,157.55,44.09,67.27
Rajasthan,Udaipur,11-12-2019,112,219.96,370.28,57.12,43.06,47.16
Rajasthan,Udaipur,17-12-2019,30,181.23,89.94,53.1,64.41,146.13
Rajasthan,Udaipur,02-01-2020,345,90.84,245.25,183.53,50.61,17.67
Rajasthan,Udaipur,05-01-2020,107,80.94,71.76,185.11,87.14,198.88
Rajasthan,Udaipur,11-01-2020,333,290.7,161.38,47.09,32.69,187.49
Rajasthan,Udaipur,15-01-2020,389,1.05,40.32,166.8,49.05,31.39
Rajasthan,Udaipur,22-01-2020,204,253.86,307.455,103.4,41.86,153.235
Rajasthan,Udaipur,24-01-2020,264,145.32,180.17,93.25,93.47,125.02
Rajasthan,Udaipur,10-02-2020,342,2.05,97.45,80.4,5.2,186.57
Rajasthan,Udaipur,23-02-2020,2,206.68,314.86,85.34,79.89,137.71
Rajasthan,Udaipur,27-02-2020,426,221.99,309.02,123.61,6.24,37.15
Rajasthan,Udaipur,01-03-2020,409,83.405,106.85,171.565,81.485,123.825
Rajasthan,Udaipur,02-03-2020,10,22.55,201.42,143.98,82.37,58.11
Rajasthan,Udaipur,19-03-2020,259,10.3,21.13,156.97,39.26,39.68
Rajasthan,Udaipur,29-03-2020,229,282.12,70.77,142.13,28.74,49.91
Rajasthan,Udaipur,07-04-2020,190,226.7,44.78,110.81,39.01,63.05
Rajasthan,Udaipur,13-04-2020,288,280.61,273.28,99.19,93.45,159.75
Rajasthan,Udaipur,21-04-2020,147,60.1,124.91,55.12,77.43,172.87
Rajasthan,Udaipur,07-05-2020,466,202.19,41.34,138.92,48.78,172.99
Rajasthan,Udaipur,16-05-2020,270,186.44,353.74,175.7,51.66,66.91
Rajasthan,Udaipur,19-05-2020,226,139.54,269.33,137.49,62.59,113.68
Rajasthan,Udaipur,24-05-2020,382,217.21,344.33,54.88,43.62,41.44
Rajasthan,Udaipur,25-05-2020,391,271.41,333.96,175.49,81.52,78.09
Rajasthan,Udaipur,02-06-2020,396,4.68,138.41,135.23,79.22,113.92
Rajasthan,Udaipur,09-06-2020,178,48.09,136.41,151.56,86.7,56.73
Rajasthan,Udaipur,17-06-2020,60,275.76,316.48,177.07,77.04,70.68
Rajasthan,Udaipur,10-07-2020,11,128.1,384.08,36.16,33.69,115.32
Rajasthan,Udaipur,13-07-2020,500,183.82,317,119.43,51.54,59.28
Rajasthan,Udaipur,14-07-2020,383,299.92,160.14,56.25,24.56,46.91
Rajasthan,Udaipur,27-07-2020,437,210.32,235.91,154.47,89.53,184.61
Rajasthan,Udaipur,29-07-2020,448,77.8,174.4,116.1,26.39,9.43
Rajasthan,Udaipur,30-07-2020,445,147.17,367.54,56.15,34.11,175.56
Rajasthan,Udaipur,03-08-2020,202,93.56,237.12,7.01,60.52,64.64
Rajasthan,Udaipur,05-08-2020,418,244.09,374.05,30.34,75.12,105.26
Rajasthan,Udaipur,07-08-2020,236,89.62,168,78.21,88.28,64.61
Rajasthan,Udaipur,10-08-2020,189,90.61,146.71,175.62,42.04,193.62
Rajasthan,Udaipur,18-08-2020,122,201.41,43.32,29.38,59.41,130.99
Rajasthan,Udaipur,24-08-2020,472,153.56,50.69,113.21,32.17,86.68
Rajasthan,Udaipur,06-09-2020,240,191.43,357.44,135.7,84.63,36.71
Rajasthan,Udaipur,08-09-2020,344,93.47,137.85,8.94,68.43,195.9
Rajasthan,Udaipur,09-09-2020,480,299.15,189.08,67.61,80.9,190.45
Rajasthan,Udaipur,16-09-2020,454,95.82,123.08,63.32,49.75,163.73
Rajasthan,Udaipur,19-09-2020,280,265.27,8.62,146.66,97.93,131.75
Rajasthan,Udaipur,02-10-2020,13,180.04,196.86,3.37,29.54,45.62
Rajasthan,Udaipur,07-10-2020,145.5,104.525,284.69,127.615,29.95,32.24
Rajasthan,Udaipur,26-10-2020,149,162.14,374.78,81.79,65.06,43.73
Rajasthan,Udaipur,06-11-2020,232,57.56,183.44,94.56,39.37,167.85
Rajasthan,Udaipur,08-11-2020,354,130.55,60.56,81.81,27.11,125.69
Rajasthan,Udaipur,14-11-2020,455,252.39,142.14,133.36,86.65,58.21
Rajasthan,Udaipur,18-11-2020,24,130.65,86.85,126.02,4.96,77.87
Rajasthan,Udaipur,20-11-2020,83,165.68,98.44,52.14,2.93,55.51
Rajasthan,Udaipur,25-11-2020,302,167.43,311.67,61.44,34.87,39.99
Rajasthan,Udaipur,02-12-2020,347,232.75,18.88,87.43,8.91,67.62
Rajasthan,Udaipur,15-12-2020,175,203.39,89.49,0.62,28.54,47.39
Rajasthan,Udaipur,18-01-2021,131.5,112.2,249.945,62.63,70.61,18.1
Rajasthan,Udaipur,26-01-2021,439,291.23,249.27,111.2,91.49,1.59
Rajasthan,Udaipur,29-01-2021,43,262.3,152.63,119.67,69.44,86.05
Rajasthan,Udaipur,09-02-2021,373,276.03,293.05,121.82,9.36,101.75
Rajasthan,Udaipur,11-02-2021,448,59.54,113.78,7.74,88.67,55.79
Rajasthan,Udaipur,22-02-2021,460,49.31,294.86,16.22,74.92,46.69
Rajasthan,Udaipur,31-03-2021,128,44.95,10.34,128.71,61.47,128.84
Rajasthan,Udaipur,01-04-2021,267,64.97,140.05,138.81,81.5,58.42
Rajasthan,Udaipur,05-04-2021,247.5,198.8,130.77,177.755,14.17,41.025
Rajasthan,Udaipur,14-04-2021,423,183.19,205.71,38.28,94.19,157.23
Rajasthan,Udaipur,15-04-2021,490,212.82,367.18,23.04,36.47,0.94
Rajasthan,Udaipur,24-04-2021,328,40.605,226.17,195.04,26.97,81.74
Rajasthan,Udaipur,26-04-2021,142,80.96,396.74,153.19,71.2,11.92
Rajasthan,Udaipur,27-04-2021,424,195.91,89.73,183.76,74.51,23.73
Rajasthan,Udaipur,15-05-2021,322,71.94,250.01,62.66,96.76,124.98
Rajasthan,Udaipur,16-05-2021,94,195.97,386.69,88.39,68.22,13.22
Rajasthan,Udaipur,28-05-2021,26,80.08,123.82,66.43,48.82,24.7
Rajasthan,Udaipur,30-05-2021,224.5,124.92,329.145,56.76,52.14,72.165
Rajasthan,Udaipur,04-06-2021,256,173.2,124.765,110.615,42.75,159.015
Rajasthan,Udaipur,08-06-2021,181,6.49,81.58,43.28,90.38,39.86
Rajasthan,Udaipur,13-07-2021,201,49.41,285.3,56.63,16.14,187.38
Rajasthan,Udaipur,16-07-2021,52,20.56,37.15,16.32,33.06,183.36
Rajasthan,Udaipur,02-08-2021,469,34.17,126.1,71.63,99.48,72.29
Rajasthan,Udaipur,04-08-2021,466,194.87,204.79,115.29,3.2,84.27
Rajasthan,Udaipur,05-08-2021,239,261.6,347.22,142.67,69.4,6.68
Rajasthan,Udaipur,12-08-2021,378,210.71,32.55,49.4,55.56,81.57
Rajasthan,Udaipur,13-08-2021,105,140.17,58.55,29.43,68.48,30.65
Rajasthan,Udaipur,16-08-2021,213,76.62,138.42,128.18,98.94,18.5
Rajasthan,Udaipur,23-08-2021,228.5,152.725,91.23,22.205,13.405,74.115
Rajasthan,Udaipur,01-09-2021,132,123.33,0.81,90.1,37.53,15.77
Rajasthan,Udaipur,03-09-2021,44,12.22,162.4,67.49,22.68,16.38
Rajasthan,Udaipur,25-09-2021,271,169.23,147.04,3,51.66,79.65
Rajasthan,Udaipur,27-09-2021,412,294.28,54.7,37.09,79.36,26.33
Rajasthan,Udaipur,28-09-2021,13,94.63,357.79,151.77,36.61,28.79
Rajasthan,Udaipur,30-09-2021,154,259.22,33.8,65.97,83.82,165.15
Rajasthan,Udaipur,05-10-2021,453,212.57,216.26,145.83,55.3,84.49
Rajasthan,Udaipur,09-10-2021,73,107.18,144.67,42.97,36.32,66.84
Rajasthan,Udaipur,27-10-2021,403,18.4,108.48,57.46,27.66,6.25
Rajasthan,Udaipur,12-11-2021,335,60.77,367.94,119.15,17.85,142
Rajasthan,Udaipur,14-11-2021,205,3.23,120.85,188.72,21.02,196.48
Rajasthan,Udaipur,19-11-2021,171,156.85,322.01,142.62,19.8,183.02
Rajasthan,Udaipur,21-11-2021,41,58.18,391.05,184.09,96.43,150.09
Rajasthan,Udaipur,05-12-2021,215,100.55,22.87,162.79,89.74,115.51
Rajasthan,Udaipur,21-12-2021,107,168.04,132.2,0.5,89.84,79.59
Rajasthan,Udaipur,28-12-2021,128,96.22,203.505,72.99,77.36,85.69
Rajasthan,Udaipur,30-12-2021,336,292.06,254.74,21.67,24.36,144.06
Rajasthan,Udaipur,31-12-2021,286,99.47,18.8,150.88,42.12,140.31
Rajasthan,Udaipur,13-01-2022,135,13.33,260.66,121.65,38.67,28.43
Rajasthan,Udaipur,27-01-2022,99,267.4,24,136.12,86.77,98.37
Rajasthan,Udaipur,14-02-2022,276,286.56,162.17,168.38,45.3,48.35
Rajasthan,Udaipur,26-02-2022,173,44.21,165.1,133.34,26.8,39.81
Rajasthan,Udaipur,05-03-2022,317,196.5,271.53,166.28,53.26,25.19
Rajasthan,Udaipur,23-04-2022,369,47.39,290.07,91.28,61.15,145.06
Rajasthan,Udaipur,29-04-2022,337,133.34,46.99,71,1.86,144.5
Rajasthan,Udaipur,04-05-2022,8,217.71,259.25,51.76,62.94,188.62
Rajasthan,Udaipur,13-05-2022,72,40.99,64.45,144.32,52.77,154.45
Rajasthan,Udaipur,30-05-2022,282,166.13,331.89,149.36,54.18,78.37
Rajasthan,Udaipur,08-06-2022,400,221.775,221.72,85.695,33.405,155.49
Rajasthan,Udaipur,11-06-2022,190,103.225,212.605,124.265,62.395,69.35
Rajasthan,Udaipur,17-06-2022,23,268.43,348.2,89.85,58.91,127.94
Rajasthan,Udaipur,18-06-2022,137,120.68,166.04,154.7,48.22,81.39
Rajasthan,Udaipur,05-07-2022,193,164.66,274.93,109.49,84.49,24.23
Rajasthan,Udaipur,06-07-2022,21,102.45,283.32,67.89,92.89,93.02
Rajasthan,Udaipur,08-07-2022,434,100.21,249.92,144.45,97.17,96.53
Rajasthan,Udaipur,18-07-2022,161,83.72,23.3,166.24,9.33,137.84
Rajasthan,Udaipur,21-07-2022,37,95.41,271.22,80.96,38.15,35.25
Rajasthan,Udaipur,13-08-2022,480,67.27,151,194.66,98.86,176.39
Rajasthan,Udaipur,16-08-2022,377,272.01,359.55,30.79,84.76,73.19
Rajasthan,Udaipur,03-09-2022,455,231.21,271.48,79.25,33.61,87.97
Rajasthan,Udaipur,07-09-2022,339,265.57,56.14,70.78,32.08,152.69
Rajasthan,Udaipur,14-09-2022,67,243.59,115.14,195.07,62.04,65.98
Rajasthan,Udaipur,26-09-2022,166,48.93,124.03,32.44,33.55,106.52
Rajasthan,Udaipur,05-10-2022,25,173.25,22.15,169.82,73.09,169.19
Rajasthan,Udaipur,09-10-2022,183,18.92,201.07,63.55,12.9,121.75
Rajasthan,Udaipur,14-10-2022,268,42.84,37.81,3.1,38.58,120.81
Rajasthan,Udaipur,11-11-2022,193,100.75,89.45,144.99,19.38,187.82
Rajasthan,Udaipur,05-12-2022,108,140.31,93,104.75,39.82,45.595
Rajasthan,Udaipur,06-12-2022,200,243.28,238.24,114.91,96.57,146.51
Rajasthan,Udaipur,10-12-2022,8,7.28,135.9,93.06,18.78,162.08
Tamil Nadu,Chennai,08-01-2015,196,90.05,395.45,181.97,6.11,5.59
Tamil Nadu,Chennai,23-01-2015,45,108.9,193.53,46.92,89.27,45.12
Tamil Nadu,Chennai,01-02-2015,483,164.35,374.47,162.26,18.68,158.98
Tamil Nadu,Chennai,18-02-2015,99,29.53,150.91,144.24,81.19,89.24
Tamil Nadu,Chennai,26-02-2015,136,195.29,215.7,88.88,58.41,9.95
Tamil Nadu,Chennai,22-03-2015,234,25.91,166.8,104.26,99.22,108.56
Tamil Nadu,Chennai,22-04-2015,369,174.17,332.79,125.58,18.27,64.24
Tamil Nadu,Chennai,26-04-2015,219,152.04,314.2,148.9,52.31,193
Tamil Nadu,Chennai,01-05-2015,113,186.11,81.19,112.11,1.11,151.89
Tamil Nadu,Chennai,06-05-2015,11,205.14,342.63,180.85,10.85,55.21
Tamil Nadu,Chennai,10-05-2015,304,227.7,53.46,119.7,4.81,194.21
Tamil Nadu,Chennai,11-05-2015,192,165.63,217.89,31.53,89.05,83.24
Tamil Nadu,Chennai,15-05-2015,243,144.51,40.65,1.1,18.88,195.44
Tamil Nadu,Chennai,07-06-2015,183,259.7,295.1,63.46,34.99,108.77
Tamil Nadu,Chennai,24-06-2015,377,145.64,285.73,172.56,97.43,102.22
Tamil Nadu,Chennai,13-07-2015,495,39.69,4.46,67.96,94.04,66.38
Tamil Nadu,Chennai,07-08-2015,195,211.08,365.69,59.86,96.73,83.4
Tamil Nadu,Chennai,08-08-2015,202,177.18,20.72,96.87,4.8,43.83
Tamil Nadu,Chennai,11-08-2015,80,298.23,323.76,76.62,2.99,114.26
Tamil Nadu,Chennai,17-08-2015,343,237.7,70.02,48.22,17.32,82.19
Tamil Nadu,Chennai,26-08-2015,363,214.35,26,122.19,75.98,136.63
Tamil Nadu,Chennai,16-09-2015,146,124.32,161.92,77.33,28.4,54.18
Tamil Nadu,Chennai,17-09-2015,22,229.18,130.77,73.44,12.66,51.62
Tamil Nadu,Chennai,09-10-2015,234,39.13,18.2,150.25,16.09,154.59
Tamil Nadu,Chennai,23-10-2015,74,74.01,352.59,55.33,2.01,153.71
Tamil Nadu,Chennai,05-11-2015,372,195.74,246.87,63.62,33.01,168.59
Tamil Nadu,Chennai,09-11-2015,442,121.23,252.67,66.42,44.07,150.19
Tamil Nadu,Chennai,12-11-2015,288,198.24,170.04,4.07,75.47,164.73
Tamil Nadu,Chennai,27-11-2015,492,38.66,214.16,62.16,74.51,181.92
Tamil Nadu,Chennai,01-12-2015,61,33.38,162.24,171.32,47.48,60
Tamil Nadu,Chennai,04-12-2015,94,193.76,155.11,124.17,29.36,118.53
Tamil Nadu,Chennai,08-12-2015,491,213.64,3.02,156.42,53.4,110.87
Tamil Nadu,Chennai,09-12-2015,286,25.82,225.31,34.2,93.69,90.48
Tamil Nadu,Chennai,11-12-2015,408,132.61,275.24,37.26,53,102.19
Tamil Nadu,Chennai,15-12-2015,295,29.29,122.15,29.18,59.8,145.62
Tamil Nadu,Chennai,09-01-2016,378,250.55,40.08,21.79,30.2,15.8
Tamil Nadu,Chennai,12-02-2016,399,126.48,358.26,185.54,61.26,56.9
Tamil Nadu,Chennai,26-02-2016,223,25.16,214.56,24.96,40.48,26.77
Tamil Nadu,Chennai,28-02-2016,53,199.36,159.28,21.15,32.21,195.06
Tamil Nadu,Chennai,04-04-2016,310,42.2,102.66,185.25,94.96,162.26
Tamil Nadu,Chennai,09-04-2016,146.6666667,195.6866667,240.7766667,46.88666667,65.49666667,122.8033333
Tamil Nadu,Chennai,11-04-2016,236,158.79,144.99,39.42,6.25,57.66
Tamil Nadu,Chennai,16-04-2016,164,151.52,52.72,28.48,39.23,62.51
Tamil Nadu,Chennai,07-05-2016,155,244.49,15.52,48.42,66.81,145.07
Tamil Nadu,Chennai,13-05-2016,165,144.77,68.96,148.1,28.99,67.71
Tamil Nadu,Chennai,18-05-2016,42,12.54,3.14,89.89,10.57,137.24
Tamil Nadu,Chennai,26-05-2016,363,181.42,12.34,135.77,29.08,118.88
Tamil Nadu,Chennai,28-05-2016,485,26.42,134.36,182.3,26.73,31.84
Tamil Nadu,Chennai,05-06-2016,438,103,320.96,187.23,81.51,160.36
Tamil Nadu,Chennai,23-06-2016,29,167.01,153.43,87.92,99.04,139.41
Tamil Nadu,Chennai,24-08-2016,435,255.09,90.42,96.04,95.64,169.27
Tamil Nadu,Chennai,27-08-2016,56,165.76,174.32,122.52,11.96,151.16
Tamil Nadu,Chennai,03-09-2016,339,49.41,21.67,7.15,93.75,85.06
Tamil Nadu,Chennai,05-09-2016,415,208.93,18.6,46.78,79.98,98.47
Tamil Nadu,Chennai,10-09-2016,198.5,158.8,194.305,167.465,50.2,133.75
Tamil Nadu,Chennai,14-09-2016,488,277.73,236.35,136.57,32.47,78.88
Tamil Nadu,Chennai,19-09-2016,394,167.11,384.25,76.47,72.24,155.48
Tamil Nadu,Chennai,22-09-2016,483,18.17,210.61,99.73,7.72,103.69
Tamil Nadu,Chennai,30-09-2016,164,238.08,371.78,86.11,9.58,115.7
Tamil Nadu,Chennai,04-10-2016,277,105.74,222.74,74.79,42.04,125.68
Tamil Nadu,Chennai,05-10-2016,401,50.28,105.26,146.95,97.13,40.83
Tamil Nadu,Chennai,21-10-2016,181,146.34,135.78,49.48,97.72,171.04
Tamil Nadu,Chennai,29-10-2016,153,16.72,282.49,21.89,9.75,79.81
Tamil Nadu,Chennai,30-10-2016,33,57.97,261.79,66.36,94.63,171.63
Tamil Nadu,Chennai,12-11-2016,177,195.68,362.68,10.26,46.27,121.17
Tamil Nadu,Chennai,20-11-2016,94,201.65,7.59,73.06,76.35,178.96
Tamil Nadu,Chennai,27-11-2016,386,280.13,142.74,177.44,23.63,73.2
Tamil Nadu,Chennai,06-12-2016,403,38.3,301.24,84.64,81.34,140.56
Tamil Nadu,Chennai,08-12-2016,258.5,59.835,242.95,132.565,35.06,109.755
Tamil Nadu,Chennai,20-12-2016,158,59.12,100.12,42.69,54.3,36.38
Tamil Nadu,Chennai,26-12-2016,291,134.68,379.84,65.67,89.83,121.21
Tamil Nadu,Chennai,06-01-2017,375,200.45,372.87,190.69,42.34,127.48
Tamil Nadu,Chennai,14-01-2017,358,202.42,370.39,154.61,0.48,47.45
Tamil Nadu,Chennai,19-01-2017,438,94.97,377.33,59.84,44.08,17.75
Tamil Nadu,Chennai,29-01-2017,86,138.69,259.73,186.24,73.52,21.6
Tamil Nadu,Chennai,05-02-2017,109,171.52,327.59,175.15,7.65,144.04
Tamil Nadu,Chennai,08-02-2017,84,172.11,94.42,81.76,19.53,22.94
Tamil Nadu,Chennai,11-02-2017,199,215.26,230.43,136.59,59.62,21
Tamil Nadu,Chennai,13-02-2017,395,4.57,155.99,97.03,93.61,60.63
Tamil Nadu,Chennai,21-02-2017,302,61.12,83.78,193.69,97.05,134.19
Tamil Nadu,Chennai,15-03-2017,255,73.63,273.57,127.37,22.95,152.12
Tamil Nadu,Chennai,23-03-2017,228.5,97.11,176.915,70.31,69.57,112.09
Tamil Nadu,Chennai,30-03-2017,485,258.59,303.73,81.83,53.8,121.33
Tamil Nadu,Chennai,15-04-2017,22,4.88,225.1,44.95,92.81,184.62
Tamil Nadu,Chennai,22-04-2017,207,135.4,33.91,55.43,43.11,27.68
Tamil Nadu,Chennai,09-05-2017,229,162.785,316.19,93.865,44.225,154.09
Tamil Nadu,Chennai,21-05-2017,51,297.32,291.38,61.13,98.72,103.73
Tamil Nadu,Chennai,25-05-2017,172,283.26,136.88,171.59,39.35,45.72
Tamil Nadu,Chennai,26-05-2017,285,34.36,211.57,46.67,60.09,131.99
Tamil Nadu,Chennai,09-06-2017,30,223.18,88.01,5.75,41.96,34.49
Tamil Nadu,Chennai,12-06-2017,19,88.88,213.49,197.16,38.81,72.23
Tamil Nadu,Chennai,03-07-2017,388,213.93,82.27,164.73,82.79,138.79
Tamil Nadu,Chennai,04-07-2017,414,42.66,267.9,87.69,78.49,173.97
Tamil Nadu,Chennai,16-07-2017,160,88.77,10.51,185.99,95.57,188.06
Tamil Nadu,Chennai,17-07-2017,36,141.7,333.88,125.36,41.72,149.38
Tamil Nadu,Chennai,19-07-2017,9,5.49,230.17,164.61,52.16,78.81
Tamil Nadu,Chennai,22-07-2017,439,224.51,225.25,183.93,81.83,33.89
Tamil Nadu,Chennai,26-07-2017,89,64.43,351.75,167.79,48.54,64.12
Tamil Nadu,Chennai,04-08-2017,77,238.05,308.29,32.17,96.05,19.09
Tamil Nadu,Chennai,07-08-2017,480,168.49,0.12,52.4,5.63,80.17
Tamil Nadu,Chennai,08-08-2017,90,9.46,344.53,68.49,27.39,3.93
Tamil Nadu,Chennai,14-08-2017,448,274.04,274.59,37.98,4.02,150.81
Tamil Nadu,Chennai,17-08-2017,418,6.9,91.52,71.12,59.58,59.17
Tamil Nadu,Chennai,18-08-2017,76,275.37,138.7,105.73,44.59,59.61
Tamil Nadu,Chennai,19-08-2017,399,230.25,220.96,70.52,36.23,186.99
Tamil Nadu,Chennai,02-09-2017,342,246.7,320.31,50.95,52.53,111.83
Tamil Nadu,Chennai,17-09-2017,373,264.57,226.25,82.72,85.23,167.91
Tamil Nadu,Chennai,18-09-2017,267,6.74,218.38,0.29,20.84,100.73
Tamil Nadu,Chennai,20-09-2017,315,220.75,389.6,89.22,12.22,116.56
Tamil Nadu,Chennai,21-09-2017,48,214.88,375.43,182.5,16.69,10.4
Tamil Nadu,Chennai,26-09-2017,164,44,89.39,30.51,89.31,26.6
Tamil Nadu,Chennai,27-09-2017,211,211.45,323.305,53.86,73.22,74.575
Tamil Nadu,Chennai,28-09-2017,29,139.97,356.69,143.7,80.07,121.89
Tamil Nadu,Chennai,29-09-2017,29,41.51,247.63,99.77,31.19,49.51
Tamil Nadu,Chennai,04-10-2017,154,37.51,383.65,170.98,90.59,139.28
Tamil Nadu,Chennai,05-10-2017,311,28.7,211.55,44.89,88.73,16.92
Tamil Nadu,Chennai,11-10-2017,499,157.76,40.16,118.95,3.63,168.7
Tamil Nadu,Chennai,13-10-2017,75,117.16,141.07,175.88,11.37,15.79
Tamil Nadu,Chennai,20-10-2017,14,52,333.84,159.94,61.46,129.26
Tamil Nadu,Chennai,26-10-2017,206,159.23,199.34,25.09,90.36,40.4
Tamil Nadu,Chennai,01-11-2017,433,154.18,16.48,120.53,99.19,134.53
Tamil Nadu,Chennai,02-11-2017,132,106.14,238.09,90.72,27.19,65.91
Tamil Nadu,Chennai,03-11-2017,91,266.62,380.44,128.53,51.43,183.72
Tamil Nadu,Chennai,07-11-2017,290,214.82,77.32,134.74,63.23,195.73
Tamil Nadu,Chennai,15-11-2017,308,235.66,263.9,170.71,47.22,112.72
Tamil Nadu,Chennai,16-11-2017,256,5.79,176.51,148.74,37.72,129.51
Tamil Nadu,Chennai,17-11-2017,448,233.49,10.49,120.82,70.11,75.38
Tamil Nadu,Chennai,21-11-2017,324,130.45,278.65,183.98,56.47,46.04
Tamil Nadu,Chennai,29-11-2017,85,188.17,370.94,21.07,26.53,58.58
Tamil Nadu,Chennai,04-12-2017,312,291.57,138.94,157.94,39.26,96.04
Tamil Nadu,Chennai,07-12-2017,222,238.23,83.34,179.62,94.4,28.36
Tamil Nadu,Chennai,22-12-2017,367,273.54,121.78,153.88,23.41,99.6
Tamil Nadu,Chennai,25-12-2017,301,189.06,391.64,138.98,80.53,133.09
Tamil Nadu,Chennai,26-12-2017,286,46.95,21.72,33.72,64.43,192.4
Tamil Nadu,Chennai,31-12-2017,296,27.46,92.04,168.45,99.1,164.56
Tamil Nadu,Chennai,01-01-2018,213,115.11,51.92,8.67,79.65,169.12
Tamil Nadu,Chennai,04-01-2018,205,245.42,380.9,130.14,77.88,3.51
Tamil Nadu,Chennai,05-01-2018,281,226.4,38.12,120.04,49.67,128.64
Tamil Nadu,Chennai,07-01-2018,348,297.58,158.96,182.21,7.82,60.28
Tamil Nadu,Chennai,08-01-2018,159,206.74,365.54,17.86,81.82,176.78
Tamil Nadu,Chennai,30-01-2018,186,24.71,396.18,169.88,72.62,79.81
Tamil Nadu,Chennai,01-02-2018,455,51.25,296.7,112.92,85.07,125.25
Tamil Nadu,Chennai,05-02-2018,327,124.34,91.76,159.41,9.04,33.79
Tamil Nadu,Chennai,15-02-2018,420,297.7,348.36,110.13,9.91,139.37
Tamil Nadu,Chennai,20-02-2018,4,186.99,343.54,147.93,14.1,94.19
Tamil Nadu,Chennai,03-03-2018,430,246.26,107.26,101.57,57.19,41.45
Tamil Nadu,Chennai,05-03-2018,358,38.07,85.07,62.83,6,192.69
Tamil Nadu,Chennai,10-03-2018,182,183.3,382.98,0.97,67.71,146.43
Tamil Nadu,Chennai,04-04-2018,360,232.7,368.96,79.67,63.36,31.16
Tamil Nadu,Chennai,07-04-2018,39,248.88,267.05,160.42,53.14,126.38
Tamil Nadu,Chennai,12-04-2018,40,151.18,83.6,18.07,39.27,34.66
Tamil Nadu,Chennai,14-04-2018,157,284.02,221.19,37.41,36.73,83.46
Tamil Nadu,Chennai,20-05-2018,427,75.77,300.32,138.29,6.92,171.29
Tamil Nadu,Chennai,23-06-2018,286.5,178.435,296.4,116.345,34.98,145.505
Tamil Nadu,Chennai,25-06-2018,120,28.11,126.76,177.04,36.09,129.49
Tamil Nadu,Chennai,29-06-2018,313,173.9,148.59,123.09,46.08,59.99
Tamil Nadu,Chennai,30-06-2018,418.5,258.59,130.47,83.195,19.25,101.56
Tamil Nadu,Chennai,04-07-2018,201,182,16.73,39.58,29.11,165.94
Tamil Nadu,Chennai,06-07-2018,339,241.21,42.06,141.72,34.01,184.79
Tamil Nadu,Chennai,31-07-2018,254,29.05,103.97,62.45,26.05,143.12
Tamil Nadu,Chennai,12-08-2018,395,226.18,212.53,172.08,71.44,38.15
Tamil Nadu,Chennai,18-08-2018,306,215.98,249.11,127.06,19.52,91.27
Tamil Nadu,Chennai,22-08-2018,129,264.89,179.38,56.72,95.68,164.46
Tamil Nadu,Chennai,25-08-2018,430,68.59,19.86,14.3,62.29,157.77
Tamil Nadu,Chennai,29-08-2018,35,249.94,247.04,96.16,30.84,30.82
Tamil Nadu,Chennai,11-09-2018,347,204.7,109.5,44.73,29.36,27.83
Tamil Nadu,Chennai,15-09-2018,194,141.15,70.26,87.53,61.81,167.22
Tamil Nadu,Chennai,28-09-2018,27,229.15,210.9,182.44,25.54,116.48
Tamil Nadu,Chennai,29-09-2018,303,269.4,186.87,187.63,93.8,130.72
Tamil Nadu,Chennai,03-10-2018,355,89.16,285.46,25.12,11.18,61.41
Tamil Nadu,Chennai,15-10-2018,115,265.17,195.43,144.85,4.46,155.2
Tamil Nadu,Chennai,26-10-2018,193,71.56,36.48,137.82,57.83,97.14
Tamil Nadu,Chennai,28-10-2018,80,280.05,322.12,17.65,96.09,119.82
Tamil Nadu,Chennai,06-11-2018,139,116.03,385.81,14.67,60.73,121.09
Tamil Nadu,Chennai,07-11-2018,120,32.25,326.55,35.51,69.81,53.06
Tamil Nadu,Chennai,08-11-2018,215,188.48,329.42,93.72,21.59,49.97
Tamil Nadu,Chennai,14-11-2018,165,77.24,27.9,48.43,64.04,191.17
Tamil Nadu,Chennai,17-11-2018,275,78.71,223.58,140.53,42.4,188.72
Tamil Nadu,Chennai,24-11-2018,239,262.4,108.01,113.48,96.35,75.51
Tamil Nadu,Chennai,28-11-2018,167,240.58,306.52,57.1,35.9,36.35
Tamil Nadu,Chennai,03-12-2018,337,276.19,123.81,64.44,93.77,69.62
Tamil Nadu,Chennai,12-12-2018,1,92.27,245.06,24.11,25.08,5.74
Tamil Nadu,Chennai,13-12-2018,204,47.86,129.89,159.95,74.92,189.69
Tamil Nadu,Chennai,22-12-2018,80,284.99,289.11,59.69,60.17,102.39
Tamil Nadu,Chennai,13-01-2019,7,46.03,200.32,68.34,17.02,58.93
Tamil Nadu,Chennai,14-01-2019,358,123.3,211.83,169.6,67.56,63.07
Tamil Nadu,Chennai,15-01-2019,177,136.23,256.59,109.9,46.28,16.52
Tamil Nadu,Chennai,18-01-2019,115,147.24,318.39,56.31,37.07,15.3
Tamil Nadu,Chennai,22-01-2019,172,264.54,100.81,88.41,47.75,168.67
Tamil Nadu,Chennai,23-01-2019,19,226.4,69.73,66.67,25.32,46.27
Tamil Nadu,Chennai,26-01-2019,423,275.31,129.71,114.71,42.79,93.33
Tamil Nadu,Chennai,02-02-2019,40,148.55,307.75,131.78,10.33,80.61
Tamil Nadu,Chennai,04-02-2019,125,207.16,357.95,45.84,26.44,171.43
Tamil Nadu,Chennai,11-02-2019,438,69.73,36.18,110.59,93.5,82.82
Tamil Nadu,Chennai,19-02-2019,332,165.91,161.2,134.26,10.3,28.64
Tamil Nadu,Chennai,24-02-2019,241,112.835,180.785,146.305,55.305,45.27
Tamil Nadu,Chennai,11-03-2019,450,271.04,126.07,191.95,54.7,111.64
Tamil Nadu,Chennai,18-03-2019,337,282.4,33.35,61.85,27.14,81.24
Tamil Nadu,Chennai,21-03-2019,430,136.4,296.92,189.84,88.49,26.78
Tamil Nadu,Chennai,22-03-2019,283,38.71,88.46,153.88,22.78,190.65
Tamil Nadu,Chennai,29-03-2019,471,148.59,283.35,88.69,9.8,77.57
Tamil Nadu,Chennai,05-05-2019,280,235.79,342.13,85.38,18.87,104.48
Tamil Nadu,Chennai,19-05-2019,238,264.97,281.14,67.11,70.89,109.46
Tamil Nadu,Chennai,22-05-2019,49,120.23,184.46,88.04,83.27,130.69
Tamil Nadu,Chennai,26-05-2019,56,259.8,292.05,36.9,11.69,146.85
Tamil Nadu,Chennai,27-06-2019,142,216.58,249,95,80.16,5.22
Tamil Nadu,Chennai,26-07-2019,33,243.39,44.23,50.65,52.87,188.05
Tamil Nadu,Chennai,01-08-2019,498,204.72,399.49,106.59,22.72,103.92
Tamil Nadu,Chennai,23-08-2019,107,142.69,324.42,6.75,97.18,160
Tamil Nadu,Chennai,28-08-2019,421,159.92,259.19,147.77,33.98,39.63
Tamil Nadu,Chennai,16-09-2019,40,149.46,81.26,84.31,53.39,155.81
Tamil Nadu,Chennai,21-09-2019,155,12.95,255.45,84.59,76.84,112.16
Tamil Nadu,Chennai,30-09-2019,388,102.69,125,161.65,69.12,86.47
Tamil Nadu,Chennai,16-10-2019,231,137.04,70.18,157.29,66.46,130.19
Tamil Nadu,Chennai,27-10-2019,168,150.27,214.85,117.69,23.46,166.15
Tamil Nadu,Chennai,05-11-2019,90,40.77,163.7,199.87,5.05,79.18
Tamil Nadu,Chennai,07-11-2019,373,165.82,59.86,164.04,67.76,98.86
Tamil Nadu,Chennai,12-11-2019,33,127.92,16.4,54.29,28.21,194.18
Tamil Nadu,Chennai,16-11-2019,469,119.27,79.74,61.53,76.47,103
Tamil Nadu,Chennai,05-12-2019,236,281.02,299.63,36.9,68.96,102.52
Tamil Nadu,Chennai,06-12-2019,379,10.74,280.88,46.6,55.85,132.83
Tamil Nadu,Chennai,06-01-2020,184,94.515,267.08,141.485,53.57,40.885
Tamil Nadu,Chennai,26-01-2020,41,177.38,258.63,101.36,56.25,22.8
Tamil Nadu,Chennai,28-01-2020,313,242.74,143.93,46.48,1.19,10.3
Tamil Nadu,Chennai,30-01-2020,86,35.21,147.61,53.72,96.42,112.75
Tamil Nadu,Chennai,16-02-2020,145,126.19,55.34,126.63,74.03,46.11
Tamil Nadu,Chennai,29-02-2020,6,25.3,105.75,189.41,53.82,50.64
Tamil Nadu,Chennai,09-03-2020,331,241.81,128.15,189.94,59.75,162.66
Tamil Nadu,Chennai,14-03-2020,257,247.06,21.16,4.98,30.26,170.35
Tamil Nadu,Chennai,21-03-2020,395,71.2,174.91,4.62,29.86,77.06
Tamil Nadu,Chennai,29-03-2020,290,263.35,254.54,57.95,87.38,11.72
Tamil Nadu,Chennai,10-04-2020,242,166.35,107.74,157.68,59.5,17.07
Tamil Nadu,Chennai,19-04-2020,341,104.7,390.34,146.64,84.57,177.06
Tamil Nadu,Chennai,10-05-2020,470.5,130.2,270.065,49.375,49.09,122.8
Tamil Nadu,Chennai,18-05-2020,144,70.37,182.24,0.94,72.77,70.67
Tamil Nadu,Chennai,27-05-2020,430,258.13,207.3,40.68,61.47,175.17
Tamil Nadu,Chennai,05-06-2020,456,294.48,104.14,25.46,20.81,14.62
Tamil Nadu,Chennai,07-06-2020,26,47.72,13.54,95.86,26.41,67.52
Tamil Nadu,Chennai,08-06-2020,124,225.15,154.67,122.73,8.38,122.11
Tamil Nadu,Chennai,02-07-2020,190,290.87,41.32,9.27,65.08,48.66
Tamil Nadu,Chennai,15-07-2020,4,284.69,40.1,69.72,44.97,35.22
Tamil Nadu,Chennai,20-07-2020,388,138.4,209.19,123.96,47.46,96.19
Tamil Nadu,Chennai,19-08-2020,82,61.68,294.34,115.63,23.76,124.58
Tamil Nadu,Chennai,24-08-2020,96,67.92,75.96,181.07,52.83,123.81
Tamil Nadu,Chennai,07-09-2020,309,70.2,312.19,97.92,46.75,154.98
Tamil Nadu,Chennai,11-09-2020,131,298.14,318.18,136.79,38.03,142.1
Tamil Nadu,Chennai,12-09-2020,252,12.53,225.1,32.11,67.55,188.11
Tamil Nadu,Chennai,17-09-2020,212,221.08,106.55,163.17,48.69,58.18
Tamil Nadu,Chennai,21-09-2020,275,129.15,288.68,138.19,54.1,111.99
Tamil Nadu,Chennai,25-10-2020,212,68.25,163.9,5.55,20.15,21.77
Tamil Nadu,Chennai,02-11-2020,229,31.47,312.91,182.25,38.05,183.52
Tamil Nadu,Chennai,07-11-2020,75,77.62,99.16,152.99,52.57,145.78
Tamil Nadu,Chennai,29-11-2020,69,273.83,368.57,174.04,74.6,80.15
Tamil Nadu,Chennai,02-12-2020,311,295.9,333.34,145.34,86.8,188.53
Tamil Nadu,Chennai,15-12-2020,389,217.85,53.77,193.89,92.79,38.51
Tamil Nadu,Chennai,21-12-2020,114,252.96,103.37,93.2,70.09,24.76
Tamil Nadu,Chennai,02-01-2021,466,41.41,181.73,130.4,36.21,147.85
Tamil Nadu,Chennai,08-01-2021,471,224.35,153.32,105.6,70.29,182.03
Tamil Nadu,Chennai,11-01-2021,258,15.82,317.55,53.46,22.83,25.06
Tamil Nadu,Chennai,01-02-2021,30,146.06,12.82,124.67,57.99,86.57
Tamil Nadu,Chennai,04-02-2021,151,91.59,163.9,158.34,57.52,57.42
Tamil Nadu,Chennai,15-02-2021,128,49.54,259.62,90.63,49.37,156.51
Tamil Nadu,Chennai,04-03-2021,60,248.58,30.34,156.56,14.12,79.36
Tamil Nadu,Chennai,08-03-2021,494,6.72,206.34,135.63,50.19,151.08
Tamil Nadu,Chennai,13-03-2021,244,2.13,281.67,59.56,23.57,81.64
Tamil Nadu,Chennai,16-03-2021,315,216.28,164.49,139.88,52.92,67.04
Tamil Nadu,Chennai,18-03-2021,184,186.63,2.08,11.76,19.8,3.02
Tamil Nadu,Chennai,24-03-2021,180,28.11,28.77,101.87,84.52,81.55
Tamil Nadu,Chennai,07-04-2021,64,271.25,126.21,182.71,28.72,169.5
Tamil Nadu,Chennai,12-04-2021,320,225.66,30.06,26.39,93.98,192.37
Tamil Nadu,Chennai,14-04-2021,425,297.96,104.79,25.52,57.31,66.53
Tamil Nadu,Chennai,02-05-2021,381,169.8,99.76,100.43,69.71,140.59
Tamil Nadu,Chennai,21-05-2021,27,54.66,58.96,153.1,15.32,9
Tamil Nadu,Chennai,27-05-2021,237,41.13,329.25,22.86,62.99,19.72
Tamil Nadu,Chennai,09-06-2021,152.6666667,227.8266667,314.9966667,110.5966667,36.01333333,105.8
Tamil Nadu,Chennai,01-07-2021,164,240.31,200.385,86.605,32.365,116.22
Tamil Nadu,Chennai,09-08-2021,158,41.54,298.71,153.58,45.34,192.07
Tamil Nadu,Chennai,15-08-2021,482,239.9,301.53,131.63,52.19,191.48
Tamil Nadu,Chennai,04-09-2021,97,277.66,212.9,21,10.47,183.86
Tamil Nadu,Chennai,21-09-2021,204,151.26,149.76,101.19,39.31,52.7
Tamil Nadu,Chennai,26-09-2021,22,158.31,20.07,54.62,88.08,37.12
Tamil Nadu,Chennai,29-10-2021,337,284.76,293.05,56.28,41.97,80.81
Tamil Nadu,Chennai,29-11-2021,479,192.88,273.86,180.22,67.67,96.91
Tamil Nadu,Chennai,04-12-2021,370,298.26,340.38,127.81,33.68,161.94
Tamil Nadu,Chennai,12-12-2021,63,220.82,278.35,162.51,72.16,34.75
Tamil Nadu,Chennai,16-12-2021,106,220.57,143.16,194.85,93.81,163.29
Tamil Nadu,Chennai,31-01-2022,56,185.57,154.12,173.98,51.74,33.26
Tamil Nadu,Chennai,24-02-2022,203,106.8,247.71,147.205,44.815,33.705
Tamil Nadu,Chennai,11-03-2022,48,208.55,388.33,28.24,47.17,32.86
Tamil Nadu,Chennai,22-03-2022,379,19.7,165.725,173.14,91.085,86.715
Tamil Nadu,Chennai,16-04-2022,180,76.47,19.01,150.23,41.91,108.92
Tamil Nadu,Chennai,02-05-2022,84,248.48,392.9,159.63,83.7,116.05
Tamil Nadu,Chennai,05-05-2022,223,296.73,246.67,162.57,2.09,70.04
Tamil Nadu,Chennai,09-05-2022,425,101,33.73,109.83,90.82,43.49
Tamil Nadu,Chennai,08-06-2022,138,283.81,381.38,151.31,69.75,12.2
Tamil Nadu,Chennai,09-06-2022,229,177.18,9.49,81.73,75.79,127.63
Tamil Nadu,Chennai,19-06-2022,143,260.77,170.84,40.97,69.01,156.27
Tamil Nadu,Chennai,21-06-2022,467,271.68,223.35,110.13,82.05,37.15
Tamil Nadu,Chennai,13-07-2022,115,184.22,308.2,105.46,6.49,89.36
Tamil Nadu,Chennai,24-07-2022,48,50.31,27.3,17.53,97.79,75.06
Tamil Nadu,Chennai,30-07-2022,136,218.4,141.37,139.39,65.95,167.59
Tamil Nadu,Chennai,10-08-2022,469,51.39,243.02,193.83,9.14,85.77
Tamil Nadu,Chennai,16-08-2022,108,224.26,385.85,102.85,18.42,5.97
Tamil Nadu,Chennai,26-08-2022,500,127.08,35.83,68.91,64.56,169.84
Tamil Nadu,Chennai,09-09-2022,189,251.48,359.1,103.04,82.13,160.55
Tamil Nadu,Chennai,24-10-2022,397,29.32,390.85,81.06,97.96,92.57
Tamil Nadu,Chennai,31-10-2022,97.5,244.715,246.005,91.605,77.725,159.265
Tamil Nadu,Chennai,04-11-2022,154,280.28,10.2,68.04,35.17,90.08
Tamil Nadu,Chennai,07-11-2022,281,298.87,348.17,195.42,27.13,104.23
Tamil Nadu,Chennai,13-11-2022,249,253.86,9.36,134.78,73.79,24.86
Tamil Nadu,Chennai,14-11-2022,203,295.21,83.98,90.78,52.98,123.46
Tamil Nadu,Chennai,23-11-2022,277,123.68,397.59,74.75,6.59,51.82
Tamil Nadu,Chennai,05-12-2022,160,38.03,321.97,173.2,57.62,38.88
Tamil Nadu,Chennai,09-12-2022,27,150.59,224.26,12.96,23.85,52.71
Tamil Nadu,Chennai,10-12-2022,123,18.63,223.74,179.97,44.12,173.07
Tamil Nadu,Chennai,24-12-2022,58,85.09,25.32,64.6,0.92,122.28
Tamil Nadu,Chennai,28-12-2022,378,38.21,60.33,38.94,53.61,49.78
Tamil Nadu,Coimbatore,05-01-2015,308,115.34,231.96,35.18,10.09,196.19
Tamil Nadu,Coimbatore,09-01-2015,469,244.91,213.04,14.64,97.61,134.43
Tamil Nadu,Coimbatore,14-01-2015,158,105.76,104.76,127.36,65.01,160.24
Tamil Nadu,Coimbatore,15-01-2015,171,202.84,241.3,40.5,94.86,19.93
Tamil Nadu,Coimbatore,08-02-2015,174,91.75,210.08,196.53,7.83,29.82
Tamil Nadu,Coimbatore,10-02-2015,269,161.1,249.48,176.68,79.61,172.07
Tamil Nadu,Coimbatore,18-02-2015,450,155.96,206.19,5.59,51.44,54.88
Tamil Nadu,Coimbatore,14-03-2015,308,46.4,246.48,191.31,74.05,157.85
Tamil Nadu,Coimbatore,26-03-2015,495,126.55,330.22,26.65,13,28.99
Tamil Nadu,Coimbatore,01-04-2015,75,275.62,131.68,133.08,94.43,153.65
Tamil Nadu,Coimbatore,15-04-2015,138,123.45,328.11,27.59,82.47,22.95
Tamil Nadu,Coimbatore,13-05-2015,433,15.55,229.19,115.67,46.64,140.35
Tamil Nadu,Coimbatore,29-05-2015,111,80.45,200.11,150.85,34.45,156.29
Tamil Nadu,Coimbatore,10-06-2015,130,181.01,360.16,149.44,70.23,138.05
Tamil Nadu,Coimbatore,11-06-2015,6,165.09,310.63,96.1,47.79,52
Tamil Nadu,Coimbatore,12-06-2015,59,125.2,388.39,146.8,65.9,176.09
Tamil Nadu,Coimbatore,29-06-2015,366,232.79,300.76,66.85,38.74,23.13
Tamil Nadu,Coimbatore,01-07-2015,23,121.32,318.93,197.14,11.12,61.14
Tamil Nadu,Coimbatore,27-07-2015,79,119.11,372.25,56.75,62.98,51.45
Tamil Nadu,Coimbatore,07-08-2015,13,33.37,254.03,112.73,62.28,52
Tamil Nadu,Coimbatore,18-08-2015,33,6.34,102.21,142.11,34.93,156.94
Tamil Nadu,Coimbatore,24-08-2015,58,166.22,145.61,77.95,79.85,53.7
Tamil Nadu,Coimbatore,28-08-2015,9,210.61,90.97,166.04,47.04,87.07
Tamil Nadu,Coimbatore,04-09-2015,267,244.18,15.84,111.53,15.87,35.6
Tamil Nadu,Coimbatore,15-09-2015,263,161.44,72.87,12.48,72.84,46.68
Tamil Nadu,Coimbatore,16-09-2015,480,286.8,364.25,136.77,9.97,10.01
Tamil Nadu,Coimbatore,30-09-2015,165,277.78,269.11,142.34,27.83,192.69
Tamil Nadu,Coimbatore,01-10-2015,123,197.83,26.2,112.9,31.66,179.56
Tamil Nadu,Coimbatore,04-10-2015,235.5,158.235,222.825,133.88,53,75.35
Tamil Nadu,Coimbatore,13-10-2015,83,7.55,37.64,184.93,27.51,155.92
Tamil Nadu,Coimbatore,04-11-2015,361,280.91,235.87,112.44,83.34,0.56
Tamil Nadu,Coimbatore,30-11-2015,30,261.01,261.69,136.58,49.63,190.02
Tamil Nadu,Coimbatore,15-12-2015,358,231.43,126.24,3.32,1.05,196.64
Tamil Nadu,Coimbatore,25-12-2015,205,108.12,113.23,50.42,51.11,4.91
Tamil Nadu,Coimbatore,05-01-2016,254,273,77.33,52.01,42.17,11.59
Tamil Nadu,Coimbatore,06-01-2016,51,35.97,301.27,36.55,20.54,85.69
Tamil Nadu,Coimbatore,07-02-2016,278,78.44,331.78,134.4,81.11,28.57
Tamil Nadu,Coimbatore,10-02-2016,405,240.92,113.68,27.62,19.44,1.95
Tamil Nadu,Coimbatore,25-02-2016,98,37.57,331.41,114.7,67.68,170.88
Tamil Nadu,Coimbatore,24-03-2016,415,229.53,232.78,52.41,15.83,4.34
Tamil Nadu,Coimbatore,26-03-2016,228,160.14,69.72,10.97,82.34,78.08
Tamil Nadu,Coimbatore,27-03-2016,500,12.72,310.36,115.98,51.47,118.72
Tamil Nadu,Coimbatore,07-04-2016,311,35.87,288.93,12.79,91.15,164.53
Tamil Nadu,Coimbatore,11-04-2016,241,263.07,76.94,24.56,93.87,127.2
Tamil Nadu,Coimbatore,13-04-2016,83,202.085,49.81,68.87,38.19,125.48
Tamil Nadu,Coimbatore,29-04-2016,49,236.26,291.28,154.48,42.39,107.42
Tamil Nadu,Coimbatore,14-05-2016,349,226.38,288.73,142.78,59.91,62.24
Tamil Nadu,Coimbatore,12-06-2016,207,176.34,96.2,124.2,23.4,175.52
Tamil Nadu,Coimbatore,26-06-2016,360,71.86,261.44,138.64,47.77,168.68
Tamil Nadu,Coimbatore,01-07-2016,312,167.25,157.23,97.35,39.16,7.35
Tamil Nadu,Coimbatore,09-07-2016,40,105.56,316.41,10.16,38.43,168.59
Tamil Nadu,Coimbatore,22-07-2016,244,110.785,103.84,55.96,81.695,60.41
Tamil Nadu,Coimbatore,26-07-2016,238,166.3,350.44,163.42,60.99,138.47
Tamil Nadu,Coimbatore,09-08-2016,215,72.75,140.78,65.23,65.35,72.49
Tamil Nadu,Coimbatore,10-08-2016,92,20.44,114.68,127.39,19.24,24.78
Tamil Nadu,Coimbatore,26-08-2016,43,273.48,64.36,94.02,77.22,34.72
Tamil Nadu,Coimbatore,31-08-2016,240,249.8,131.5,182.69,57.99,192.69
Tamil Nadu,Coimbatore,01-09-2016,172,3.08,14.24,172.32,22.66,139.88
Tamil Nadu,Coimbatore,22-09-2016,214,99.54,210.83,85.18,90.19,30.44
Tamil Nadu,Coimbatore,30-09-2016,179,237.76,169.21,198.97,73.72,14.61
Tamil Nadu,Coimbatore,13-10-2016,20,210.94,268.56,93.89,69.42,192.76
Tamil Nadu,Coimbatore,14-10-2016,461,243.76,221.09,83.69,27.7,164.58
Tamil Nadu,Coimbatore,23-10-2016,203,193.84,272.24,69.97,50.9,159.49
Tamil Nadu,Coimbatore,02-11-2016,354,7.14,230.86,188.12,49.14,38.89
Tamil Nadu,Coimbatore,07-11-2016,500,31.97,9.6,97.79,26.04,161.15
Tamil Nadu,Coimbatore,02-12-2016,357,240.8,167.96,179.63,97.01,181.21
Tamil Nadu,Coimbatore,19-12-2016,468,138.24,236.96,65.62,97.72,197.36
Tamil Nadu,Coimbatore,28-12-2016,261,54.64,168.32,122.57,25.93,128.93
Tamil Nadu,Coimbatore,02-01-2017,272,16.43,43.45,57.43,3.87,105.61
Tamil Nadu,Coimbatore,05-01-2017,254,216.37,121.54,120.45,87,198.84
Tamil Nadu,Coimbatore,09-01-2017,291,183.72,122.44,81.56,16.8,48.7
Tamil Nadu,Coimbatore,27-01-2017,314,135.67,257.26,48.6,41.08,158.95
Tamil Nadu,Coimbatore,11-02-2017,203,103.51,146.66,138.16,96.05,138.27
Tamil Nadu,Coimbatore,20-02-2017,255,160.33,322.19,192.24,59.79,113.75
Tamil Nadu,Coimbatore,27-02-2017,294,216.01,69.2,72.35,43.55,168.91
Tamil Nadu,Coimbatore,03-03-2017,163,243,66.06,76.75,52.36,148.44
Tamil Nadu,Coimbatore,04-03-2017,297,272.95,72.63,57.42,0.79,190.68
Tamil Nadu,Coimbatore,10-03-2017,340,234.57,323.06,56.92,40.89,44.79
Tamil Nadu,Coimbatore,01-04-2017,197,244.54,290.63,39.94,90.84,93.9
Tamil Nadu,Coimbatore,03-04-2017,4,1.64,358.16,90,49.71,163.25
Tamil Nadu,Coimbatore,05-04-2017,381,102.5,0.46,125.23,26.02,9.63
Tamil Nadu,Coimbatore,23-04-2017,477,263.24,254.57,32.51,35.59,106.33
Tamil Nadu,Coimbatore,26-04-2017,137,124.24,58.75,77.27,33.41,151.21
Tamil Nadu,Coimbatore,15-05-2017,172,183.43,214.12,109.12,93.27,117.11
Tamil Nadu,Coimbatore,03-06-2017,495,208.3,2.04,22.15,2.6,164.55
Tamil Nadu,Coimbatore,04-06-2017,197,177.18,394.4,123.86,21.06,12.12
Tamil Nadu,Coimbatore,14-06-2017,209,258.82,151.97,26.38,4.33,26.4
Tamil Nadu,Coimbatore,19-06-2017,335,23.19,140.5,188.48,23.09,134.33
Tamil Nadu,Coimbatore,21-06-2017,26,168,368.33,12.45,2.91,76.47
Tamil Nadu,Coimbatore,14-07-2017,392,233.81,337.86,18.72,80.48,120.56
Tamil Nadu,Coimbatore,17-07-2017,58,111.28,398.4,140.81,10.28,8.25
Tamil Nadu,Coimbatore,25-07-2017,21,252.81,162.53,6.61,79.1,68.09
Tamil Nadu,Coimbatore,27-07-2017,346,81.43,180.66,83.35,42.32,176.43
Tamil Nadu,Coimbatore,15-08-2017,51,52.03,132.69,171.7,21.93,27.76
Tamil Nadu,Coimbatore,16-08-2017,129,28.79,207.63,86.34,48.22,35.55
Tamil Nadu,Coimbatore,24-08-2017,157,71.31,66.01,43.41,32.35,146.48
Tamil Nadu,Coimbatore,30-08-2017,151,46.76,388.12,143.84,1.37,58.43
Tamil Nadu,Coimbatore,02-09-2017,102,1.31,243.78,92.77,21.8,25.57
Tamil Nadu,Coimbatore,04-09-2017,221,181.35,120.02,94.05,57.115,86.43
Tamil Nadu,Coimbatore,30-09-2017,134,45.18,33.3,120.31,25.89,15.04
Tamil Nadu,Coimbatore,25-10-2017,342,223.05,317.84,143.88,56.93,6.21
Tamil Nadu,Coimbatore,07-11-2017,52,97.88,124.36,87.55,91.94,150.26
Tamil Nadu,Coimbatore,16-11-2017,351,254.43,320.08,169.74,53.03,126.84
Tamil Nadu,Coimbatore,30-11-2017,220.5,259.875,143.31,119.01,86.855,113.12
Tamil Nadu,Coimbatore,24-12-2017,213,21.84,210.98,140.77,25.78,84.58
Tamil Nadu,Coimbatore,13-01-2018,355,25.69,298.74,168.54,51.57,95.91
Tamil Nadu,Coimbatore,18-01-2018,225,274.38,84.47,62.92,65.96,39.36
Tamil Nadu,Coimbatore,19-02-2018,395,246.92,385.94,159.1,42.35,34.86
Tamil Nadu,Coimbatore,27-02-2018,188,131.69,328.57,20.2,91.17,91.13
Tamil Nadu,Coimbatore,05-03-2018,463,21.29,228.68,131.98,38.9,160.69
Tamil Nadu,Coimbatore,07-03-2018,55,175.33,221.11,83.08,26.76,96
Tamil Nadu,Coimbatore,13-03-2018,250.5,127.44,163,102.205,30.855,103.185
Tamil Nadu,Coimbatore,16-03-2018,250,292.63,123.15,23.76,80.11,114.53
Tamil Nadu,Coimbatore,14-04-2018,392,208.29,371.75,170.45,88.03,29.8
Tamil Nadu,Coimbatore,30-04-2018,382,9.75,295.02,186.13,61.67,130.56
Tamil Nadu,Coimbatore,13-05-2018,125,254.28,267.08,142.2,77.23,131.27
Tamil Nadu,Coimbatore,30-06-2018,447,228.42,294.59,167.19,31.42,29.25
Tamil Nadu,Coimbatore,12-07-2018,314,106.88,289.82,192.93,99.57,61.38
Tamil Nadu,Coimbatore,17-07-2018,322,114.06,390.68,158.91,50.18,142.71
Tamil Nadu,Coimbatore,19-07-2018,155,215.57,341.56,91.03,26.31,144.67
Tamil Nadu,Coimbatore,27-07-2018,215,62.94,255.49,39.75,49.85,182.49
Tamil Nadu,Coimbatore,28-07-2018,350,7.73,135.95,169.06,44.03,32.74
Tamil Nadu,Coimbatore,02-08-2018,391,177,27.19,89.14,40.15,93.36
Tamil Nadu,Coimbatore,12-08-2018,132,120.27,286.26,157.3,37.39,121.3
Tamil Nadu,Coimbatore,18-08-2018,198,173.12,26.37,85.74,5.77,6.64
Tamil Nadu,Coimbatore,27-08-2018,157,121.31,215.32,15.36,52.71,174.13
Tamil Nadu,Coimbatore,30-08-2018,301,273.16,318.94,164.43,91.5,84.56
Tamil Nadu,Coimbatore,08-09-2018,393,140.64,17.82,171.53,88.95,81.68
Tamil Nadu,Coimbatore,02-10-2018,45,263.3,146.63,181.53,0.21,195.68
Tamil Nadu,Coimbatore,03-10-2018,80,139.59,293.6,43.67,26.74,152.58
Tamil Nadu,Coimbatore,15-10-2018,199,157.84,164.67,0.72,85.56,32.34
Tamil Nadu,Coimbatore,24-10-2018,167,135.01,63.57,147.5,9.37,181.75
Tamil Nadu,Coimbatore,28-10-2018,460,74.06,328.2,74.34,30.74,38.36
Tamil Nadu,Coimbatore,01-12-2018,35,252.39,178.03,149.07,93.1,115.18
Tamil Nadu,Coimbatore,03-12-2018,31,150.05,105.37,111.26,76.98,72.19
Tamil Nadu,Coimbatore,05-12-2018,66,237.47,5.69,10.87,44.29,172.49
Tamil Nadu,Coimbatore,11-12-2018,123,205.73,234.87,106.91,42.49,64.53
Tamil Nadu,Coimbatore,13-12-2018,387,260.79,301.78,147.55,40.77,8.27
Tamil Nadu,Coimbatore,01-01-2019,488,154.21,131.92,148.9,72.21,161.37
Tamil Nadu,Coimbatore,02-01-2019,180,67.16,212.94,133.585,75.14,20.245
Tamil Nadu,Coimbatore,04-01-2019,134,270.26,71.39,165.8,79.49,148.76
Tamil Nadu,Coimbatore,13-01-2019,192,236.09,258.72,80.49,5.71,122.4
Tamil Nadu,Coimbatore,17-01-2019,423,271.85,17.39,77.61,89.92,112.64
Tamil Nadu,Coimbatore,30-01-2019,84,216.85,377.35,173.62,81.28,164.18
Tamil Nadu,Coimbatore,08-02-2019,246,92.11,399.66,65.17,58.95,121.91
Tamil Nadu,Coimbatore,12-02-2019,260,165.31,187.7,106.57,54.02,199.91
Tamil Nadu,Coimbatore,04-03-2019,263,139.61,172.44,137.59,16.07,188.98
Tamil Nadu,Coimbatore,07-03-2019,442,160.13,193.83,89.18,37.01,184.59
Tamil Nadu,Coimbatore,17-03-2019,225.5,234.155,257.955,9.235,51.215,97.08
Tamil Nadu,Coimbatore,07-04-2019,23,111.69,242.85,84.65,44.52,79.64
Tamil Nadu,Coimbatore,08-04-2019,371,299.78,159.82,86.28,83.23,10.35
Tamil Nadu,Coimbatore,20-04-2019,349,214.19,227.74,39.04,7.58,86.55
Tamil Nadu,Coimbatore,30-04-2019,191,95.31,61.09,132,80.19,0.09
Tamil Nadu,Coimbatore,22-05-2019,311,172.84,231.33,21.26,97.93,150.34
Tamil Nadu,Coimbatore,31-05-2019,465,58.12,380.9,110.98,66.37,30.39
Tamil Nadu,Coimbatore,20-06-2019,21,133.34,120.06,74.1,40.12,193.07
Tamil Nadu,Coimbatore,29-06-2019,141,23.64,252.23,52.27,41.38,55.52
Tamil Nadu,Coimbatore,08-07-2019,449,289.61,287.8,131.8,51.38,155.68
Tamil Nadu,Coimbatore,14-07-2019,353,64.47,6.71,9.41,24.21,185.64
Tamil Nadu,Coimbatore,17-07-2019,183,126.42,83.71,149.67,98.56,129.08
Tamil Nadu,Coimbatore,02-08-2019,224,216.47,265.12,179.17,96.74,166.57
Tamil Nadu,Coimbatore,06-08-2019,487,92.37,25.84,100.54,91.89,22.86
Tamil Nadu,Coimbatore,09-08-2019,113,226,257.64,67.34,17.44,180.6
Tamil Nadu,Coimbatore,14-08-2019,362,153.5,318.93,190.77,86.71,199.12
Tamil Nadu,Coimbatore,19-08-2019,177,148.06,346.66,70.51,41.35,28.58
Tamil Nadu,Coimbatore,01-09-2019,226,100.92,376.2,127.76,36.63,33.9
Tamil Nadu,Coimbatore,04-09-2019,433,150.07,100.07,73.46,39.29,182.23
Tamil Nadu,Coimbatore,18-09-2019,252.67,194.34,23.43,170.81,13.67,52.29
Tamil Nadu,Coimbatore,27-09-2019,238,97.1,377.21,104.95,17.59,108.38
Tamil Nadu,Coimbatore,29-09-2019,484,105.3,278.03,71.01,27.01,63.7
Tamil Nadu,Coimbatore,07-10-2019,380,186.49,293.64,182.32,61.48,156.81
Tamil Nadu,Coimbatore,12-10-2019,90,278.32,75.08,94.46,23.55,198.58
Tamil Nadu,Coimbatore,20-10-2019,39,161.33,117.64,16.44,97.3,9.15
Tamil Nadu,Coimbatore,25-10-2019,285,205.07,373.57,188.14,26.83,86.48
Tamil Nadu,Coimbatore,30-10-2019,186,108.34,93.15,151.52,37.23,148.45
Tamil Nadu,Coimbatore,31-10-2019,177,173.61,20.5,25.96,41.91,3.33
Tamil Nadu,Coimbatore,01-11-2019,140,99.33,394.57,46.11,21.54,88.61
Tamil Nadu,Coimbatore,24-11-2019,433,188.86,19.03,20.15,70.15,146.16
Tamil Nadu,Coimbatore,02-12-2019,244,128.65,35.92,96.78,38.38,138.48
Tamil Nadu,Coimbatore,08-12-2019,73,116.19,203.04,63.08,94.53,67.94
Tamil Nadu,Coimbatore,11-01-2020,272,81.12,196.46,69.02,97.36,60.73
Tamil Nadu,Coimbatore,22-01-2020,158,207.335,203.27,66.455,45.95,73.67
Tamil Nadu,Coimbatore,27-01-2020,270,182.57,146.53,152.86,14.4,17.87
Tamil Nadu,Coimbatore,01-02-2020,336,50.07,173.18,47.17,14.67,111.85
Tamil Nadu,Coimbatore,08-02-2020,172,121.65,124.15,100.35,83.04,157.02
Tamil Nadu,Coimbatore,20-02-2020,419,275.29,153.63,139.7,53.93,182.55
Tamil Nadu,Coimbatore,09-03-2020,50,49.03,16.09,44.66,31.92,189.43
Tamil Nadu,Coimbatore,14-03-2020,207,223.89,271.3,13.55,83.39,179.14
Tamil Nadu,Coimbatore,01-04-2020,288,114.2,236.47,178.08,68.11,34.62
Tamil Nadu,Coimbatore,03-04-2020,95,122.05,289.83,130.31,98.24,68.92
Tamil Nadu,Coimbatore,08-04-2020,272,296.04,252.76,86.11,86.72,106.45
Tamil Nadu,Coimbatore,12-04-2020,79,267.48,20.34,122.44,69.23,149.33
Tamil Nadu,Coimbatore,15-04-2020,165,190.78,233.29,67.94,71.8,166.92
Tamil Nadu,Coimbatore,19-04-2020,45,240.25,101,169.23,26.3,75.82
Tamil Nadu,Coimbatore,24-04-2020,500,288.78,390.91,191.58,18.31,162.53
Tamil Nadu,Coimbatore,05-05-2020,96,245.98,326.16,183.77,6.39,118.24
Tamil Nadu,Coimbatore,09-05-2020,16,73.07,289.21,60.52,71.25,52.61
Tamil Nadu,Coimbatore,17-05-2020,345.5,134.155,108.465,60.76,65.02,149.06
Tamil Nadu,Coimbatore,21-05-2020,42,286.34,266.74,91.93,43.44,123
Tamil Nadu,Coimbatore,04-06-2020,289,283.42,339.46,67.85,10.01,106.69
Tamil Nadu,Coimbatore,14-06-2020,222,65.54,219.47,4.83,31.87,148.77
Tamil Nadu,Coimbatore,19-06-2020,80,253.07,78.53,142.55,72.25,12.8
Tamil Nadu,Coimbatore,04-07-2020,244,236.77,95.81,82.56,5.57,156.89
Tamil Nadu,Coimbatore,17-07-2020,408,6.39,210.22,124.59,49.85,155.58
Tamil Nadu,Coimbatore,04-08-2020,326,194.41,289.18,198.15,44.97,125.55
Tamil Nadu,Coimbatore,10-08-2020,273,19.47,222.58,155.53,94.67,152.93
Tamil Nadu,Coimbatore,15-08-2020,465,146.74,39.95,177.98,54.25,17.54
Tamil Nadu,Coimbatore,17-09-2020,398,212.36,69.91,55.14,91.18,124.9
Tamil Nadu,Coimbatore,19-09-2020,403,272,349.7,125.3,72.75,173.56
Tamil Nadu,Coimbatore,03-10-2020,451,136.9,276.14,191.5,36.73,53.16
Tamil Nadu,Coimbatore,04-10-2020,481,130.95,8.87,173.57,57.91,112.46
Tamil Nadu,Coimbatore,18-10-2020,276,97.09,62.29,6.36,95.03,176.12
Tamil Nadu,Coimbatore,04-11-2020,116,263.17,68.09,171.79,71.25,34.57
Tamil Nadu,Coimbatore,12-11-2020,127,119.3,28.76,158.02,67.34,93.84
Tamil Nadu,Coimbatore,23-11-2020,446,298,361.23,115.5,56.84,60.73
Tamil Nadu,Coimbatore,06-12-2020,82,109.94,107.63,39.87,27.62,26.64
Tamil Nadu,Coimbatore,07-01-2021,327,227.79,353.89,151.35,4.58,134.16
Tamil Nadu,Coimbatore,27-01-2021,367,77.69,286.53,173.53,79.6,176.93
Tamil Nadu,Coimbatore,02-03-2021,280,82.98,304.91,22.68,49.63,80.92
Tamil Nadu,Coimbatore,15-03-2021,158,97.88,274.59,55.02,5.06,24.6
Tamil Nadu,Coimbatore,20-03-2021,417,253.57,358.71,8.27,45.35,60.74
Tamil Nadu,Coimbatore,23-03-2021,346,97.25,281.95,82.82,1.4,25.76
Tamil Nadu,Coimbatore,25-03-2021,299,151.64,192.44,76.35,98.25,170.75
Tamil Nadu,Coimbatore,09-04-2021,463,80.47,308.32,82.58,36.61,85.65
Tamil Nadu,Coimbatore,18-04-2021,135,161.99,182.06,97.18,35.24,0.96
Tamil Nadu,Coimbatore,12-05-2021,429,250.01,55.61,40.69,47.69,183.68
Tamil Nadu,Coimbatore,28-05-2021,168,153.8,15.05,193.3,62.41,11.43
Tamil Nadu,Coimbatore,01-06-2021,493,285.3,133.47,136.28,76.49,95.39
Tamil Nadu,Coimbatore,05-06-2021,452,241.19,80.82,127.13,73.77,82.09
Tamil Nadu,Coimbatore,08-06-2021,25,63.81,256.12,185.67,79.31,95.92
Tamil Nadu,Coimbatore,11-06-2021,214,50.1,239.29,47.5,2.33,86.19
Tamil Nadu,Coimbatore,18-06-2021,476,134.73,336.52,55.85,39.74,36.67
Tamil Nadu,Coimbatore,19-06-2021,76,228.67,10.46,69.37,89.98,174.01
Tamil Nadu,Coimbatore,08-07-2021,181,164.81,246.74,119.34,18.66,134.79
Tamil Nadu,Coimbatore,07-08-2021,403,45.46,281.36,41.99,93.42,80.3
Tamil Nadu,Coimbatore,10-08-2021,386.5,100.225,260.74,111.515,34.235,95.795
Tamil Nadu,Coimbatore,17-08-2021,388,96.4,254.7,61,40.61,28.74
Tamil Nadu,Coimbatore,08-09-2021,127,5.85,250.63,11.3,89.51,49.87
Tamil Nadu,Coimbatore,17-09-2021,286,164.29,40.52,52.52,4.68,53.58
Tamil Nadu,Coimbatore,02-10-2021,491,1.29,1.53,65.09,46.25,121.48
Tamil Nadu,Coimbatore,12-10-2021,367,295.46,397.76,18.53,74.3,186.34
Tamil Nadu,Coimbatore,10-11-2021,456,44.36,337.94,81.2,49.44,50.61
Tamil Nadu,Coimbatore,12-12-2021,151,61.63,94.65,84.15,49.8,146.58
Tamil Nadu,Coimbatore,19-12-2021,497,217.3,387.71,95.79,0.26,159.72
Tamil Nadu,Coimbatore,22-12-2021,487,283.25,312.37,148.81,83.74,15.36
Tamil Nadu,Coimbatore,28-12-2021,151,280.965,14.805,116.8,7.64,137.255
Tamil Nadu,Coimbatore,05-01-2022,140,299.19,347.06,181.62,30.95,168.87
Tamil Nadu,Coimbatore,30-01-2022,299,221.17,368.97,120.72,19.52,175.53
Tamil Nadu,Coimbatore,04-02-2022,84,145.61,135,74.09,59.59,166.71
Tamil Nadu,Coimbatore,09-02-2022,184,144.51,235.34,29.81,5.46,52.57
Tamil Nadu,Coimbatore,12-02-2022,6,224,185.48,125.45,14.06,188.55
Tamil Nadu,Coimbatore,15-02-2022,17,146.43,79.83,60.7,96.22,145.12
Tamil Nadu,Coimbatore,17-02-2022,154,70.2,149.16,106.18,53.83,130.46
Tamil Nadu,Coimbatore,19-02-2022,269,129.27,301.91,179.05,93.87,175.39
Tamil Nadu,Coimbatore,01-03-2022,342,268.07,23.62,182.62,77.5,23.02
Tamil Nadu,Coimbatore,21-03-2022,457,204.98,54,78.15,27.77,22.68
Tamil Nadu,Coimbatore,23-03-2022,185,172.82,119.03,11.92,22.24,107.75
Tamil Nadu,Coimbatore,05-04-2022,176,110.75,130.52,34.14,99.31,57.07
Tamil Nadu,Coimbatore,08-04-2022,69,262.04,39.45,188.55,54.19,160.99
Tamil Nadu,Coimbatore,03-05-2022,129,291.25,112.85,70.11,9.38,144.73
Tamil Nadu,Coimbatore,08-05-2022,236,241.48,206.98,86.24,31.75,56.46
Tamil Nadu,Coimbatore,14-05-2022,233,77.29,156.53,165.42,68.03,7.34
Tamil Nadu,Coimbatore,09-06-2022,355,115.71,252.72,93.86,29.17,114.66
Tamil Nadu,Coimbatore,11-06-2022,239,8.69,189.96,27.7,41.31,69.36
Tamil Nadu,Coimbatore,19-06-2022,212,206.28,254.55,196.48,91.18,56.63
Tamil Nadu,Coimbatore,24-07-2022,346,87.2,233.63,190.34,58.81,108.76
Tamil Nadu,Coimbatore,28-07-2022,233,68.28,130.93,153.51,72.8,80.27
Tamil Nadu,Coimbatore,11-08-2022,349,228.91,108.225,135.56,83.66,127.66
Tamil Nadu,Coimbatore,24-08-2022,71,175.25,139.92,11.87,74.16,99.47
Tamil Nadu,Coimbatore,05-09-2022,326,79.67,108.225,175.06,20.53,84.245
Tamil Nadu,Coimbatore,06-10-2022,7,145.56,113.31,128.84,68.5,151.75
Tamil Nadu,Coimbatore,07-10-2022,434.5,213.635,92.525,18.565,73.51,111.085
Tamil Nadu,Coimbatore,18-10-2022,296,168.76,8.51,11.92,10.94,38.87
Tamil Nadu,Coimbatore,22-10-2022,184,18.01,200.51,170.16,27.14,144.67
Tamil Nadu,Coimbatore,27-10-2022,22,48.36,263.56,78.61,76.17,116.95
Tamil Nadu,Coimbatore,29-10-2022,244,285.57,387.75,173.61,55.04,145.36
Tamil Nadu,Coimbatore,01-11-2022,89,283.39,59.42,166.66,31.36,62.86
Tamil Nadu,Coimbatore,04-11-2022,150,244.815,112.085,45.27,41.2,95.9
Tamil Nadu,Coimbatore,14-11-2022,138,202.07,2.43,17.77,59.58,64.93
Tamil Nadu,Coimbatore,18-11-2022,286,99.52,243.07,17.38,93.03,190.55
Tamil Nadu,Coimbatore,01-12-2022,309,163.46,65.33,34.07,45.59,104.43
Tamil Nadu,Coimbatore,18-12-2022,372,136.53,185.5,159.79,46.86,102.9
Tamil Nadu,Coimbatore,23-12-2022,310,238.73,166.8,132.89,56.9,158.92
Tamil Nadu,Coimbatore,29-12-2022,361,97.08,188.75,127.08,92.7,153.01
Tamil Nadu,Madurai,07-01-2015,357,161.24,375.27,25.06,2.97,135
Tamil Nadu,Madurai,14-01-2015,217,109.94,142.8,1.12,53.87,166.66
Tamil Nadu,Madurai,31-01-2015,252.67,162.01,119.93,13.95,53.97,128.23
Tamil Nadu,Madurai,08-02-2015,204,242.99,310.82,191.64,93.89,75.37
Tamil Nadu,Madurai,14-02-2015,378,102.29,335.6,155.35,52.98,171.47
Tamil Nadu,Madurai,28-02-2015,121,258.97,51.39,14.27,92.09,76.12
Tamil Nadu,Madurai,05-03-2015,339,97.31,155.27,16.56,53.78,57.67
Tamil Nadu,Madurai,14-05-2015,45,205.88,399.96,158.21,41.59,140.38
Tamil Nadu,Madurai,24-05-2015,181,178.81,228.28,33.72,39.45,134.67
Tamil Nadu,Madurai,03-06-2015,120,78.2,194.79,183.72,62,156.68
Tamil Nadu,Madurai,09-06-2015,278,270.72,308.13,118.72,87.63,182.3
Tamil Nadu,Madurai,17-06-2015,117,205.9,12.34,148.25,68.69,46.73
Tamil Nadu,Madurai,22-06-2015,271,115.745,290.735,141.63,52.52,119.29
Tamil Nadu,Madurai,30-06-2015,314,64.1,174.59,5.07,18.8,141.53
Tamil Nadu,Madurai,01-07-2015,113,226.42,389.92,100,94.46,188.06
Tamil Nadu,Madurai,04-07-2015,135,163.62,186.45,147.24,61.55,120.61
Tamil Nadu,Madurai,05-07-2015,92,140.88,303.08,187.84,68.28,99.79
Tamil Nadu,Madurai,30-07-2015,141,49.7,222.57,135.34,36.03,113.31
Tamil Nadu,Madurai,31-07-2015,27,66.34,350.83,120.35,54.65,5.34
Tamil Nadu,Madurai,03-08-2015,481,47.47,341.81,165.15,50.33,21.31
Tamil Nadu,Madurai,11-08-2015,312,232.81,97.51,158.09,31.14,143.06
Tamil Nadu,Madurai,18-08-2015,326,277.22,257.85,89.37,37.15,104.13
Tamil Nadu,Madurai,21-08-2015,337,144.49,47.58,101.8,61.01,176.23
Tamil Nadu,Madurai,25-08-2015,473,125.78,320.72,25.63,28.27,128.26
Tamil Nadu,Madurai,29-08-2015,447,52.58,104.34,163.31,42.91,151.18
Tamil Nadu,Madurai,04-09-2015,190,216.72,264.02,111.24,85.5,56.06
Tamil Nadu,Madurai,06-09-2015,460,154.57,36.76,169.19,18.06,181.72
Tamil Nadu,Madurai,07-10-2015,396,133.12,127.98,1.65,80.68,110.55
Tamil Nadu,Madurai,08-10-2015,138,44.55,137.12,42.34,80.78,85.52
Tamil Nadu,Madurai,26-10-2015,110,65,364.57,35.3,17.69,41.39
Tamil Nadu,Madurai,30-10-2015,212.5,228.725,206.175,75.045,64.14,106.985
Tamil Nadu,Madurai,16-11-2015,191,292.33,121.02,93.38,87.92,169.66
Tamil Nadu,Madurai,06-12-2015,340,10.71,266.62,158.6,19.54,183.64
Tamil Nadu,Madurai,08-12-2015,188,178.17,10.38,9.38,59.93,111.98
Tamil Nadu,Madurai,29-12-2015,252,228.3,285.56,111.05,15.84,84.94
Tamil Nadu,Madurai,03-01-2016,240,154.58,328.74,35.1,53.62,115.85
Tamil Nadu,Madurai,10-01-2016,427,57.35,304.33,48.15,28.61,194.74
Tamil Nadu,Madurai,24-01-2016,500,6.5,339.3,22.41,33.93,3.29
Tamil Nadu,Madurai,30-01-2016,196,218.61,262.74,9.72,15.05,66.59
Tamil Nadu,Madurai,05-02-2016,193,81.48,14.31,2.99,78.41,97.87
Tamil Nadu,Madurai,23-02-2016,134,278.9,95.15,123.56,57.69,124.31
Tamil Nadu,Madurai,04-03-2016,195,221.27,59.37,0.02,47.74,38.65
Tamil Nadu,Madurai,14-03-2016,129,267.4,111.62,24.67,54.63,30.96
Tamil Nadu,Madurai,20-03-2016,102,141.28,377.69,193.1,51.93,180.32
Tamil Nadu,Madurai,28-03-2016,130,260.62,182.81,4.44,42.39,163.71
Tamil Nadu,Madurai,04-04-2016,382,215.08,152.7,57.5,64.28,28.04
Tamil Nadu,Madurai,08-04-2016,496,244.28,233.85,7.25,52.23,66.82
Tamil Nadu,Madurai,10-04-2016,202,295.79,112.45,70.54,66.95,85.62
Tamil Nadu,Madurai,16-04-2016,395,90.27,12.04,137.42,85,160.67
Tamil Nadu,Madurai,19-04-2016,221,137.29,46.21,91.98,79.15,175.49
Tamil Nadu,Madurai,19-05-2016,176,211.48,5.25,23.82,22.2,75.17
Tamil Nadu,Madurai,22-05-2016,136,289.9,316.66,9.62,24.55,11.62
Tamil Nadu,Madurai,24-06-2016,469,230.91,297.96,195.12,83.16,148.03
Tamil Nadu,Madurai,04-07-2016,276,96.92,152.17,114.98,15.51,148.59
Tamil Nadu,Madurai,06-07-2016,378,69.52,282.03,1,26.95,163.25
Tamil Nadu,Madurai,11-07-2016,208,25.16,231.23,40.64,55.82,116.9
Tamil Nadu,Madurai,14-07-2016,65,112.1,73.85,66.86,45.03,38.7
Tamil Nadu,Madurai,19-07-2016,31,289.97,52.01,72.09,0.29,64.81
Tamil Nadu,Madurai,03-08-2016,113,239.15,28.82,50.7,57.21,60.42
Tamil Nadu,Madurai,07-08-2016,410,288.97,112.75,1.77,99.1,143.8
Tamil Nadu,Madurai,16-08-2016,325,90.8,175.27,120.66,29.2,5.13
Tamil Nadu,Madurai,28-08-2016,16,199.03,19.16,147.59,99.06,2.53
Tamil Nadu,Madurai,13-09-2016,272,13.22,65.31,24.99,22.1,93.09
Tamil Nadu,Madurai,25-09-2016,433,134.82,367.31,146.66,69.83,52.77
Tamil Nadu,Madurai,28-09-2016,497,98.09,396.94,17.61,42.84,188.28
Tamil Nadu,Madurai,01-10-2016,45,205.27,307.79,128.58,37.53,112.51
Tamil Nadu,Madurai,11-10-2016,129,227.71,43.4,169.8,29.83,146.7
Tamil Nadu,Madurai,20-10-2016,128,290.24,397.74,104.98,76.87,108.53
Tamil Nadu,Madurai,24-10-2016,349,208.95,86.81,56.01,46.74,157.14
Tamil Nadu,Madurai,02-11-2016,405,108.43,306.85,166.3,15.24,47.01
Tamil Nadu,Madurai,04-11-2016,98,210.21,325.07,4.57,32.73,155.54
Tamil Nadu,Madurai,13-11-2016,86,183.32,5.76,123.08,29.42,57.27
Tamil Nadu,Madurai,18-12-2016,150,216.65,307.56,83.95,38.14,134.14
Tamil Nadu,Madurai,29-12-2016,170,119.9,78.91,151.56,7.47,133.34
Tamil Nadu,Madurai,20-01-2017,323,226.43,209.36,32.17,53.73,54.44
Tamil Nadu,Madurai,26-01-2017,39,196.94,89.96,46.99,6.51,168.82
Tamil Nadu,Madurai,03-02-2017,327,225.53,309.36,68.38,78.63,87.28
Tamil Nadu,Madurai,08-02-2017,303,133.63,325.38,14.69,20.21,61.25
Tamil Nadu,Madurai,15-02-2017,54,51.66,155.42,21.63,50.15,129.9
Tamil Nadu,Madurai,03-03-2017,254,184.52,96.69,5.01,57.14,89.33
Tamil Nadu,Madurai,07-03-2017,489,72.81,79.9,37.05,98.71,90.27
Tamil Nadu,Madurai,10-03-2017,433,90.61,12.64,176.39,4.68,25.75
Tamil Nadu,Madurai,27-03-2017,252.67,296.34,156.48,57.58,52.04,78.58
Tamil Nadu,Madurai,30-03-2017,179,101.79,302.34,52.67,49.78,176.8
Tamil Nadu,Madurai,31-03-2017,352,181.79,101.69,34.49,97.89,156.38
Tamil Nadu,Madurai,04-04-2017,143,225.36,208.1,82.32,7.68,152.68
Tamil Nadu,Madurai,06-04-2017,1,130.88,215.04,65.03,52,114.71
Tamil Nadu,Madurai,03-05-2017,215,200.555,206.49,114.535,42.44,121.52
Tamil Nadu,Madurai,10-05-2017,77,71.92,253.77,160.9,25.31,125.56
Tamil Nadu,Madurai,17-05-2017,301,51.57,120,69.51,36.71,195.62
Tamil Nadu,Madurai,15-06-2017,289,32.93,193.05,52.56,47.22,170.35
Tamil Nadu,Madurai,22-06-2017,242,264.06,327.54,162.15,9.09,196.86
Tamil Nadu,Madurai,25-06-2017,492,40.97,31.73,112.68,90.7,57.8
Tamil Nadu,Madurai,26-06-2017,340,293.9,265.65,11.1,96.72,190.61
Tamil Nadu,Madurai,29-06-2017,479,193.51,105.1,111.15,38.19,124.2
Tamil Nadu,Madurai,12-07-2017,237,273.65,335.22,59.99,20.27,24.15
Tamil Nadu,Madurai,24-07-2017,333,6.73,47.68,189.47,17.95,8.5
Tamil Nadu,Madurai,10-08-2017,131,290.09,320.81,78.99,58.04,125.73
Tamil Nadu,Madurai,13-08-2017,462,119,169.88,31.54,82.41,90.77
Tamil Nadu,Madurai,25-08-2017,278,115.13,64.22,186.02,43.45,160.11
Tamil Nadu,Madurai,05-09-2017,162,109.05,305.81,54.73,82.43,95.74
Tamil Nadu,Madurai,11-09-2017,395,210.81,322.66,177.5,53.95,81.61
Tamil Nadu,Madurai,12-09-2017,350,57.59,299.27,81.24,87.4,108.22
Tamil Nadu,Madurai,29-09-2017,310,184.96,316.93,60.48,15.58,130.71
Tamil Nadu,Madurai,01-10-2017,341,87.15,155.06,124.82,48.26,92.15
Tamil Nadu,Madurai,04-10-2017,218,118.18,113.63,94.08,64.51,72.36
Tamil Nadu,Madurai,05-10-2017,222,0.76,11.78,50.39,14.68,196.49
Tamil Nadu,Madurai,06-10-2017,379,1.03,106.27,32.28,93.03,178.76
Tamil Nadu,Madurai,10-10-2017,105,80.39,133.55,118.64,3.86,195.29
Tamil Nadu,Madurai,13-10-2017,22,127.68,43.82,47.04,80.69,7.17
Tamil Nadu,Madurai,31-10-2017,224,185.15,358.95,190.2,92.91,108.02
Tamil Nadu,Madurai,06-11-2017,121,240.58,11.27,59.63,61.9,149.22
Tamil Nadu,Madurai,20-11-2017,474,219,394.88,64.95,80.56,172.12
Tamil Nadu,Madurai,27-11-2017,369,194.83,268.04,180.32,31.52,35.65
Tamil Nadu,Madurai,28-11-2017,311,255.83,42.62,158.51,61.56,72.94
Tamil Nadu,Madurai,01-12-2017,231,77.94,126.14,55.95,18.57,34.94
Tamil Nadu,Madurai,02-12-2017,365,199.85,286.31,56.46,4.2,72.84
Tamil Nadu,Madurai,12-12-2017,282,228.68,97.85,33.84,51.28,186.09
Tamil Nadu,Madurai,27-12-2017,119,45.26,351.64,176.16,48.18,71.7
Tamil Nadu,Madurai,05-01-2018,362,223.33,256.84,104.76,49.41,119.4
Tamil Nadu,Madurai,09-01-2018,473,128.24,255.88,40.44,99.1,197.77
Tamil Nadu,Madurai,07-02-2018,244,247.28,228.96,172.41,27.11,54.34
Tamil Nadu,Madurai,12-02-2018,467,190.5,290.12,39.11,94.44,64.75
Tamil Nadu,Madurai,25-02-2018,35,140.6,15.58,154.06,27.12,153.27
Tamil Nadu,Madurai,04-03-2018,445,268.89,312.1,23.7,27.64,7.56
Tamil Nadu,Madurai,05-03-2018,117,244.19,319.89,9.72,99.44,73.08
Tamil Nadu,Madurai,27-03-2018,400,147.96,262.56,62.8,93.85,84.21
Tamil Nadu,Madurai,29-03-2018,16,133.12,157.29,70.97,14.15,20.2
Tamil Nadu,Madurai,05-04-2018,442,246.51,160.81,47.03,96.9,106.88
Tamil Nadu,Madurai,27-04-2018,339,0.8,329.98,91.33,30.68,114.44
Tamil Nadu,Madurai,07-05-2018,198,72.2,138.93,120.29,44.39,182.2
Tamil Nadu,Madurai,19-05-2018,301,16.58,336.06,13.84,86.38,36.42
Tamil Nadu,Madurai,20-05-2018,64,251.74,175.11,63.42,22.14,59.08
Tamil Nadu,Madurai,26-05-2018,289,185.15,181.475,65.67,50.065,121.195
Tamil Nadu,Madurai,27-05-2018,28,15.52,256.11,101.29,43.9,73.31
Tamil Nadu,Madurai,05-06-2018,385,278.5,66.45,191.77,70.8,71.98
Tamil Nadu,Madurai,10-06-2018,435,229.42,171.5,159.17,63.54,110.03
Tamil Nadu,Madurai,15-06-2018,225,221,175.6,4.76,56.19,92.84
Tamil Nadu,Madurai,27-06-2018,24,246.78,272.96,37.02,5.95,76.76
Tamil Nadu,Madurai,29-06-2018,337,188.95,114.38,143.59,20.79,169.92
Tamil Nadu,Madurai,06-07-2018,494,0.06,365.42,23.33,81.76,9.56
Tamil Nadu,Madurai,27-07-2018,53,40.59,243.34,97.94,3.13,43.38
Tamil Nadu,Madurai,30-08-2018,223,294.33,203.27,197.49,51.32,156.79
Tamil Nadu,Madurai,21-09-2018,174.5,220.23,279.685,102.925,59.47,161.3
Tamil Nadu,Madurai,24-09-2018,175.6666667,101.4633333,111.6466667,120.22,62.98666667,139.5733333
Tamil Nadu,Madurai,25-09-2018,100,106.91,152.74,127.01,29.51,158.41
Tamil Nadu,Madurai,14-10-2018,181,185.24,135.9,4.65,79.85,39.78
Tamil Nadu,Madurai,26-10-2018,323,186.02,268.85,32.05,84.25,194.12
Tamil Nadu,Madurai,03-11-2018,102,66.39,60.68,30.35,64.37,87.08
Tamil Nadu,Madurai,06-11-2018,288,14.95,194.72,159.12,76.51,136.53
Tamil Nadu,Madurai,09-11-2018,219,253.06,260.89,185.69,59.71,9
Tamil Nadu,Madurai,10-11-2018,464,264.81,333.38,47.7,26.95,192.94
Tamil Nadu,Madurai,05-12-2018,194,177.97,346.82,190.08,63.32,145.07
Tamil Nadu,Madurai,10-12-2018,126,41.8,190.8,185.41,84.54,175.8
Tamil Nadu,Madurai,13-12-2018,42,243.28,109.61,53.27,98.18,53.23
Tamil Nadu,Madurai,19-12-2018,151,205.13,132.6,2.49,22.95,150.35
Tamil Nadu,Madurai,28-12-2018,317,21.63,106.15,182.65,22.02,15.32
Tamil Nadu,Madurai,04-01-2019,393,76.52,310,75.16,36.54,44.5
Tamil Nadu,Madurai,05-01-2019,384,81.26,328.35,151.38,28.28,76.72
Tamil Nadu,Madurai,09-01-2019,358,34.01,332.45,44.41,93.19,149.39
Tamil Nadu,Madurai,31-01-2019,460,226.98,252.68,30.93,41.34,70.42
Tamil Nadu,Madurai,03-02-2019,418,152.05,335.37,158.36,66.57,192.25
Tamil Nadu,Madurai,07-02-2019,389,251.52,384.66,95.07,50.77,7.86
Tamil Nadu,Madurai,13-02-2019,3,9.45,187.18,184.04,63.5,44.98
Tamil Nadu,Madurai,08-03-2019,348,114.17,199.41,137.5,88.87,120.9
Tamil Nadu,Madurai,11-03-2019,107,28.54,13.68,141.92,94.94,151.71
Tamil Nadu,Madurai,12-03-2019,402,153.83,210.93,174.97,23.5,32.27
Tamil Nadu,Madurai,16-03-2019,251,298.9,398.97,108.74,76.73,93.56
Tamil Nadu,Madurai,02-04-2019,418,203.92,96.21,8.85,61.12,117.23
Tamil Nadu,Madurai,09-04-2019,219,249.14,214.08,100.61,45.03,27.02
Tamil Nadu,Madurai,21-04-2019,60,37.21,267.08,154.92,5.55,146.17
Tamil Nadu,Madurai,27-04-2019,327,88.94,288.34,106.43,88.99,165.26
Tamil Nadu,Madurai,03-05-2019,1,284.44,396.53,101.59,96.43,50.29
Tamil Nadu,Madurai,14-05-2019,301,235.3,137.86,92.94,94.15,9.46
Tamil Nadu,Madurai,10-06-2019,19,259.43,298.36,136.5,34.34,33.9
Tamil Nadu,Madurai,28-06-2019,110,112.78,41.5,10.26,70.22,149.16
Tamil Nadu,Madurai,10-07-2019,407,91.05,191.6,134.97,89.21,75.55
Tamil Nadu,Madurai,19-07-2019,160,70.15,38.94,161.1,92.62,18.54
Tamil Nadu,Madurai,02-08-2019,256,80.38,351.05,50.23,3.8,166.08
Tamil Nadu,Madurai,05-08-2019,14,121.05,235.65,95.19,68.54,197.5
Tamil Nadu,Madurai,11-08-2019,22,161.91,109.82,102.22,34.73,125.26
Tamil Nadu,Madurai,03-09-2019,265,143.33,348.12,114.73,90.62,193.09
Tamil Nadu,Madurai,05-09-2019,155,159.92,126.26,5.08,98.44,85.22
Tamil Nadu,Madurai,07-09-2019,376,82.89,31.87,69.65,10.46,181.56
Tamil Nadu,Madurai,21-09-2019,267,18.08,260.37,126.8,55.38,122.34
Tamil Nadu,Madurai,28-09-2019,79,161,222.54,17.94,72.77,61.58
Tamil Nadu,Madurai,04-10-2019,166,67.4,23.16,77.87,5.83,10.07
Tamil Nadu,Madurai,05-10-2019,57,30.53,53.84,146.63,94.64,73.83
Tamil Nadu,Madurai,11-10-2019,248,12.43,49.25,121.47,4.35,141.24
Tamil Nadu,Madurai,27-10-2019,137,99.09,127.1,191.1,26.48,67.33
Tamil Nadu,Madurai,04-11-2019,311,40.04,73.59,162.53,67.39,63.75
Tamil Nadu,Madurai,01-12-2019,427,186.18,181.38,11.1,24.27,159.8
Tamil Nadu,Madurai,05-12-2019,108,4.5,185.91,92.09,19.48,93.59
Tamil Nadu,Madurai,07-12-2019,128,187.71,1.05,139.61,25.06,4.93
Tamil Nadu,Madurai,13-12-2019,25,29.3,289.64,129.21,46.97,159.62
Tamil Nadu,Madurai,21-12-2019,402,170.56,271.56,198.69,95.23,124.07
Tamil Nadu,Madurai,22-12-2019,220,175.38,397.81,45.79,74.87,194.56
Tamil Nadu,Madurai,26-12-2019,120,95.8,318.64,84.38,70.76,107.32
Tamil Nadu,Madurai,28-12-2019,153,263.94,164.78,151.34,34.91,161.78
Tamil Nadu,Madurai,31-12-2019,352,99.54,312.52,120.81,65.84,111.58
Tamil Nadu,Madurai,22-01-2020,271,139.09,63.42,9.45,89.4,65.98
Tamil Nadu,Madurai,08-02-2020,414,244.3,235.75,176.34,61.23,159.35
Tamil Nadu,Madurai,13-02-2020,68,58.16,206.05,176.53,70.83,55.37
Tamil Nadu,Madurai,25-02-2020,296,46.54,228.27,101.05,39.18,101.14
Tamil Nadu,Madurai,28-02-2020,8,103.27,395.8,179.13,48.62,195.64
Tamil Nadu,Madurai,01-03-2020,243,65.29,110.69,80.84,88.24,155.56
Tamil Nadu,Madurai,02-03-2020,232,100.4,156.56,40.26,30.71,24.69
Tamil Nadu,Madurai,28-03-2020,119,49.38,48.11,13.53,17.66,114.02
Tamil Nadu,Madurai,06-04-2020,338,250.59,358.22,54.64,1.24,98.5
Tamil Nadu,Madurai,12-04-2020,147,87.8,203.49,137.15,54.57,11.57
Tamil Nadu,Madurai,26-04-2020,417,225.42,179.27,21.2,63.61,199.99
Tamil Nadu,Madurai,08-05-2020,255,116.295,210.22,93.785,65.175,147.075
Tamil Nadu,Madurai,10-05-2020,216,266.35,108.42,10.58,34.28,41.53
Tamil Nadu,Madurai,13-06-2020,400,66.86,89.53,36.58,60.86,97.7
Tamil Nadu,Madurai,14-06-2020,44,55.95,89.43,174.65,93.24,69.02
Tamil Nadu,Madurai,20-06-2020,30,1.62,229.52,123.03,48.91,172.27
Tamil Nadu,Madurai,30-06-2020,359,137.88,260.12,101.17,40.62,170.3
Tamil Nadu,Madurai,30-07-2020,74,45.46,322.61,110.3,22.2,195
Tamil Nadu,Madurai,24-08-2020,52,97.51,158.46,39.63,18.57,73.36
Tamil Nadu,Madurai,27-08-2020,373,70.87,361.04,70.76,71.61,173.63
Tamil Nadu,Madurai,01-10-2020,197,199.27,282.36,59.91,71.2,114.89
Tamil Nadu,Madurai,23-10-2020,473,207.26,43.82,136.83,52.73,14.28
Tamil Nadu,Madurai,05-11-2020,324,31.65,387.47,129.21,97.94,61.76
Tamil Nadu,Madurai,07-11-2020,369,155.69,152.35,65.62,67.63,160.05
Tamil Nadu,Madurai,23-11-2020,220,176.87,235.92,189.62,72.79,99.31
Tamil Nadu,Madurai,05-12-2020,25,10.44,341.33,109.31,96.35,147.88
Tamil Nadu,Madurai,10-12-2020,381.5,79.42,104.085,40.67,26.09,69.25
Tamil Nadu,Madurai,16-12-2020,222,20.06,216,29.47,66.13,109.06
Tamil Nadu,Madurai,24-12-2020,332,19.42,75.65,113.97,65.1,37.83
Tamil Nadu,Madurai,25-12-2020,298,109.04,392.6,0.57,68.75,51.14
Tamil Nadu,Madurai,14-01-2021,185,149.7,66.86,174.24,78.85,138.94
Tamil Nadu,Madurai,10-02-2021,189,35.37,237.88,114.55,8.82,191.67
Tamil Nadu,Madurai,19-02-2021,294,3.06,152.48,153.73,53.79,130.26
Tamil Nadu,Madurai,09-03-2021,330,126.84,265.68,13.24,18.17,185.27
Tamil Nadu,Madurai,30-03-2021,444,197.5,84.55,20.94,33.67,61.46
Tamil Nadu,Madurai,05-04-2021,301,242.24,152.55,129.55,45.28,14.07
Tamil Nadu,Madurai,17-04-2021,457,1.04,44,50.63,86.29,41.77
Tamil Nadu,Madurai,14-05-2021,449,27.23,20.88,81.45,94.87,119.92
Tamil Nadu,Madurai,26-05-2021,425,112.14,396.85,96.06,51.21,185.2
Tamil Nadu,Madurai,05-06-2021,186,284.12,167.71,166.91,66.66,95.73
Tamil Nadu,Madurai,15-06-2021,1,204.66,219.89,91.38,55.97,30.38
Tamil Nadu,Madurai,28-06-2021,294,243.17,19.59,44.33,11.25,68.37
Tamil Nadu,Madurai,01-07-2021,97,159.03,217.91,191.94,7.39,70.27
Tamil Nadu,Madurai,12-07-2021,86,272.79,343.63,38.94,85.74,116.46
Tamil Nadu,Madurai,14-07-2021,421,273.45,296.99,96.26,86.22,174.07
Tamil Nadu,Madurai,25-07-2021,257,256.08,394.6,120.3,22.24,79.89
Tamil Nadu,Madurai,29-07-2021,318,155.805,120.69,128.165,78.865,11.93
Tamil Nadu,Madurai,31-07-2021,134,155.11,223.48,119.24,17.86,162.69
Tamil Nadu,Madurai,01-08-2021,357,235.99,160.14,81.32,32.24,70.01
Tamil Nadu,Madurai,05-08-2021,120,81.97,319.21,148.75,41.03,74.65
Tamil Nadu,Madurai,08-08-2021,371,155.76,22.68,86.64,27.99,42.24
Tamil Nadu,Madurai,09-08-2021,417,39.2,14.3,48.14,86.77,100.55
Tamil Nadu,Madurai,10-08-2021,266.5,164.905,296.84,14.865,29.805,42.32
Tamil Nadu,Madurai,13-08-2021,282,288.37,32.86,110.08,41.08,64.89
Tamil Nadu,Madurai,14-08-2021,336,295.14,95.28,54.45,74.62,93.15
Tamil Nadu,Madurai,25-08-2021,177,81.42,269.18,116.51,69.27,146.61
Tamil Nadu,Madurai,31-08-2021,82,128.33,56.26,124.61,6.52,3.02
Tamil Nadu,Madurai,02-09-2021,390,39.57,100.5,138.07,30.55,144.45
Tamil Nadu,Madurai,15-09-2021,311,243.28,244.59,140.76,41.53,67.38
Tamil Nadu,Madurai,21-09-2021,283,129.55,264.77,117.63,87.83,25.18
Tamil Nadu,Madurai,30-09-2021,352,0.22,266.41,76.95,75.18,84.1
Tamil Nadu,Madurai,17-10-2021,263,62.61,121.58,86.07,39.22,165.58
Tamil Nadu,Madurai,27-10-2021,226,35.2,207.01,40.16,37.06,76.79
Tamil Nadu,Madurai,08-11-2021,417,118.035,316.89,93.48,17.515,150.96
Tamil Nadu,Madurai,17-11-2021,170,26.41,235.05,100.13,19.96,22.05
Tamil Nadu,Madurai,23-11-2021,461,133.43,178.78,71.4,63.26,84.8
Tamil Nadu,Madurai,09-12-2021,228,217.12,192.59,51.06,79.7,31.85
Tamil Nadu,Madurai,24-12-2021,342,115.95,94.89,59.13,82.76,181.28
Tamil Nadu,Madurai,16-01-2022,16,246.1,325.34,172.33,82.6,14.08
Tamil Nadu,Madurai,18-01-2022,109,135.45,338.14,18.19,27.96,124.91
Tamil Nadu,Madurai,01-02-2022,16,109.37,65.29,176.49,70.96,108.8
Tamil Nadu,Madurai,02-02-2022,314,187.35,25.42,47.48,100,187.66
Tamil Nadu,Madurai,03-02-2022,60,114.73,210.71,94.8,85.82,79.67
Tamil Nadu,Madurai,30-04-2022,228,273.77,51.82,48.15,20.06,166.05
Tamil Nadu,Madurai,08-05-2022,296,114.11,26.74,178,58.11,87.49
Tamil Nadu,Madurai,12-05-2022,74,230.1,0.28,150.84,76.06,156.51
Tamil Nadu,Madurai,21-05-2022,348,59.4,145.77,189.51,30.52,144.57
Tamil Nadu,Madurai,27-05-2022,177,177.6,246.21,61.88,99.35,36.51
Tamil Nadu,Madurai,02-06-2022,52,26.84,42.16,141.39,25.87,107.4
Tamil Nadu,Madurai,03-06-2022,441,292.35,293.35,108.53,44.48,50.79
Tamil Nadu,Madurai,23-06-2022,235,149.82,388.38,152.83,24.37,165.35
Tamil Nadu,Madurai,24-06-2022,8,15.57,123.84,91.39,30.08,10.58
Tamil Nadu,Madurai,25-06-2022,356,209.58,140.6,2.95,41.57,59.4
Tamil Nadu,Madurai,13-07-2022,264,174.37,277.95,151.32,13.6,16.6
Tamil Nadu,Madurai,15-07-2022,445,113.63,231.58,172.8,96.41,47.35
Tamil Nadu,Madurai,28-07-2022,401,15.01,52.86,190.31,93.41,170.25
Tamil Nadu,Madurai,05-08-2022,267,284.59,393.24,161.38,60.96,64.71
Tamil Nadu,Madurai,30-08-2022,488,255.48,104.68,166.78,90.89,164.13
Tamil Nadu,Madurai,10-09-2022,203,127.37,117.36,150.44,40.23,133.14
Tamil Nadu,Madurai,08-10-2022,263,224.14,244.84,163.56,95.16,143.55
Tamil Nadu,Madurai,12-10-2022,385,134.59,387.38,166.25,44.58,159.96
Tamil Nadu,Madurai,15-10-2022,321,254.595,172.945,39.445,74.07,84.705
Tamil Nadu,Madurai,16-10-2022,6,190.59,304.92,176.25,50.62,55.5
Tamil Nadu,Madurai,25-10-2022,353,85.27,272.47,78.92,51.4,13.85
Tamil Nadu,Madurai,07-11-2022,490,102.9,274.51,119.21,93.07,111.66
Tamil Nadu,Madurai,10-11-2022,260,213.07,46.24,178.13,89.77,29.37
Tamil Nadu,Madurai,27-11-2022,211,183.93,227.12,182.76,84.11,87.54
Tamil Nadu,Madurai,17-12-2022,18,78.91,104.69,30.31,51.45,154.64
Tamil Nadu,Madurai,30-12-2022,191,230.92,245.2,117.05,3.33,10.01
Uttar Pradesh,Kanpur,05-01-2015,167,285.02,233.27,176.43,34.56,42.08
Uttar Pradesh,Kanpur,06-01-2015,280,57.15,138.27,22.4,51.21,100.91
Uttar Pradesh,Kanpur,15-01-2015,79,183.12,369.08,186.69,58.65,193.67
Uttar Pradesh,Kanpur,30-01-2015,72,263.35,281.95,106.75,84.77,73.05
Uttar Pradesh,Kanpur,03-02-2015,266,21.62,84.97,131.97,0.64,4.37
Uttar Pradesh,Kanpur,02-03-2015,176,258.84,194.91,138.85,49.91,65.77
Uttar Pradesh,Kanpur,05-03-2015,393,182.41,366.07,179.59,86.86,39.2
Uttar Pradesh,Kanpur,08-03-2015,310,260.09,231.16,99.4,55.89,120.68
Uttar Pradesh,Kanpur,14-03-2015,127,103.84,21.39,60.35,89.23,188.01
Uttar Pradesh,Kanpur,15-03-2015,221,184.19,334.56,115.61,26.25,43.44
Uttar Pradesh,Kanpur,18-03-2015,6,58.5,360.58,83.85,13.05,118.1
Uttar Pradesh,Kanpur,20-03-2015,19,32.59,317,188.49,54.91,189.12
Uttar Pradesh,Kanpur,21-03-2015,371,208.72,91.75,159.89,68.47,40.36
Uttar Pradesh,Kanpur,21-04-2015,165,38.59,145.64,46.33,17.07,70.46
Uttar Pradesh,Kanpur,10-05-2015,426,19.44,64.58,35.49,10.78,192.91
Uttar Pradesh,Kanpur,17-06-2015,361,26.83,0.02,145.16,56.34,161.13
Uttar Pradesh,Kanpur,18-06-2015,222,267.02,380.27,86.11,74.58,114.31
Uttar Pradesh,Kanpur,25-06-2015,258,102.92,170.34,156.61,62.98,7.64
Uttar Pradesh,Kanpur,18-07-2015,495,83.96,333.54,105.14,55.47,83.97
Uttar Pradesh,Kanpur,05-08-2015,191,279.47,250.3,18.75,62.26,145.73
Uttar Pradesh,Kanpur,23-08-2015,174,37.57,181.98,99.44,17.58,62.12
Uttar Pradesh,Kanpur,12-09-2015,399,180.81,8.27,88.11,1.07,116.95
Uttar Pradesh,Kanpur,14-09-2015,480,286.21,61.49,88.83,90.29,37.1
Uttar Pradesh,Kanpur,19-09-2015,325,41.19,243.2,5.86,11.67,50.42
Uttar Pradesh,Kanpur,22-09-2015,43,172.48,137.43,69.7,99.41,85.34
Uttar Pradesh,Kanpur,01-10-2015,19,178.03,388.97,19.95,2.41,1.76
Uttar Pradesh,Kanpur,10-10-2015,465,195.44,104.84,23.44,43.62,125.03
Uttar Pradesh,Kanpur,14-10-2015,238.5,124.16,214.24,134.91,30.075,130.7
Uttar Pradesh,Kanpur,20-10-2015,104,123.41,356.98,22,42.28,137.28
Uttar Pradesh,Kanpur,22-10-2015,482,99.79,87.95,181.67,61.88,151.16
Uttar Pradesh,Kanpur,24-10-2015,14,94.83,177.12,114.42,57.34,175.95
Uttar Pradesh,Kanpur,27-10-2015,340,267.35,394.27,96.17,49.89,57.62
Uttar Pradesh,Kanpur,11-11-2015,182,264.39,318.16,122.35,76.74,108.7
Uttar Pradesh,Kanpur,15-11-2015,393,20.07,23.5,142.96,74.53,17.53
Uttar Pradesh,Kanpur,09-12-2015,84,196.1,283.22,25.77,94.52,186.07
Uttar Pradesh,Kanpur,15-12-2015,378,104.2,46.83,23.46,83.68,44.3
Uttar Pradesh,Kanpur,23-12-2015,332,256.72,98.84,3.73,26.27,105.52
Uttar Pradesh,Kanpur,25-12-2015,364,174.54,388.39,120.21,80.28,175.91
Uttar Pradesh,Kanpur,27-12-2015,303,244.21,136.97,171.69,2.11,57.34
Uttar Pradesh,Kanpur,05-01-2016,391,159.76,352.1,75.26,27.52,169.45
Uttar Pradesh,Kanpur,22-01-2016,334,131.1,304.2,19.99,19.84,108.26
Uttar Pradesh,Kanpur,01-02-2016,308,292.48,356.93,66.61,71.69,50.31
Uttar Pradesh,Kanpur,05-02-2016,120,34.25,70.88,129.25,42.91,81.18
Uttar Pradesh,Kanpur,15-02-2016,411,42.16,226.17,171.07,24.24,107.75
Uttar Pradesh,Kanpur,22-02-2016,289,277.48,186.09,183.01,25.93,68.74
Uttar Pradesh,Kanpur,04-03-2016,14,172.53,324.13,55,44.14,105.31
Uttar Pradesh,Kanpur,10-03-2016,401,203.84,24.81,48.77,39.13,110.62
Uttar Pradesh,Kanpur,19-03-2016,486,237.78,179.74,137.94,99.49,14.99
Uttar Pradesh,Kanpur,26-03-2016,16,121.73,360,120.1,37.82,32.45
Uttar Pradesh,Kanpur,29-03-2016,358,180.04,297.99,107.54,15.44,178.84
Uttar Pradesh,Kanpur,08-04-2016,7,42.86,143.29,74.99,90.23,133.27
Uttar Pradesh,Kanpur,09-04-2016,267,262.69,341.79,177.26,16.24,98.76
Uttar Pradesh,Kanpur,17-04-2016,24,266.74,319.69,158.09,99.92,47.56
Uttar Pradesh,Kanpur,19-04-2016,127,255.17,12.63,60.68,66.78,83.57
Uttar Pradesh,Kanpur,04-05-2016,216,280.06,229.52,165.25,91.61,194.99
Uttar Pradesh,Kanpur,19-05-2016,422,207.81,167.18,99.47,9.68,183.32
Uttar Pradesh,Kanpur,05-06-2016,436,97.62,136.01,187.5,58.33,112.04
Uttar Pradesh,Kanpur,10-06-2016,360,41.94,208.19,16.29,10.92,88.66
Uttar Pradesh,Kanpur,24-06-2016,268,103.64,39.19,30.4,74.8,30.45
Uttar Pradesh,Kanpur,13-07-2016,261,291.74,13.56,150.7,75.3,89.7
Uttar Pradesh,Kanpur,25-07-2016,382,172.77,150.37,33.68,0.89,191.67
Uttar Pradesh,Kanpur,29-07-2016,226,214.77,318.77,44.53,13.41,93.24
Uttar Pradesh,Kanpur,30-07-2016,67,116.77,216.46,107.04,90.68,129.62
Uttar Pradesh,Kanpur,01-08-2016,88,170.96,172.67,18.5,1.7,3.01
Uttar Pradesh,Kanpur,09-09-2016,325,104.08,205.27,163.64,1.88,27.53
Uttar Pradesh,Kanpur,30-09-2016,370,86.77,16.47,79.89,60.48,38.5
Uttar Pradesh,Kanpur,24-10-2016,24,39.28,126.69,23.61,30.45,88.61
Uttar Pradesh,Kanpur,01-11-2016,445,254.78,268.86,161.65,84.4,110.53
Uttar Pradesh,Kanpur,15-11-2016,356,296.64,304.05,190.46,20.53,194.26
Uttar Pradesh,Kanpur,18-11-2016,264,216.5,141.1,172.13,28.49,110.74
Uttar Pradesh,Kanpur,27-11-2016,319,190.62,116.84,18.49,74.21,188.8
Uttar Pradesh,Kanpur,06-12-2016,399,43.16,390.89,107.48,2.36,68.37
Uttar Pradesh,Kanpur,15-12-2016,411,68.55,206.77,63.26,38.48,134.82
Uttar Pradesh,Kanpur,22-12-2016,375,35.01,136.73,126.98,89.73,179.16
Uttar Pradesh,Kanpur,01-01-2017,154,38.17,70.85,143.33,42.34,160.74
Uttar Pradesh,Kanpur,02-01-2017,281,35.79,73.14,150.56,59.02,99.75
Uttar Pradesh,Kanpur,06-01-2017,141,102.69,249.83,24.66,8.56,134.85
Uttar Pradesh,Kanpur,20-01-2017,456,100.8,329.39,190.47,6.88,10.68
Uttar Pradesh,Kanpur,10-03-2017,14,127.75,199.46,130.37,68.76,71.78
Uttar Pradesh,Kanpur,04-04-2017,193,123.44,28.02,148.5,55.14,102.91
Uttar Pradesh,Kanpur,10-04-2017,442,145.66,204.62,166.46,47.7,59.06
Uttar Pradesh,Kanpur,19-04-2017,348.5,131.935,150.89,131.43,50.355,158.47
Uttar Pradesh,Kanpur,24-04-2017,73,273.51,33.59,147.06,9.28,127.68
Uttar Pradesh,Kanpur,21-05-2017,46,62.19,44.54,28.02,44.9,195.87
Uttar Pradesh,Kanpur,22-05-2017,208,103.36,265.6,168.79,58.71,3.79
Uttar Pradesh,Kanpur,08-06-2017,64,123.22,99.58,30.04,16.09,158.89
Uttar Pradesh,Kanpur,12-06-2017,129.5,75.635,313.33,76.955,77.95,117.31
Uttar Pradesh,Kanpur,17-06-2017,281.5,88.635,96.92,163.58,41.715,81.715
Uttar Pradesh,Kanpur,06-07-2017,322,125.72,123.84,185.02,74.76,16.3
Uttar Pradesh,Kanpur,09-07-2017,325,160.59,334.92,79.4,88.23,149.52
Uttar Pradesh,Kanpur,26-07-2017,252.67,149.29,227.43,188.05,12.86,53.62
Uttar Pradesh,Kanpur,03-08-2017,420,199.76,168.45,29.63,70.57,161.78
Uttar Pradesh,Kanpur,16-08-2017,239,76.04,259.72,90.37,64.42,29.35
Uttar Pradesh,Kanpur,18-08-2017,25,195.16,8.74,162.39,68.98,49.81
Uttar Pradesh,Kanpur,02-09-2017,55,165.11,64.9,8.56,62.93,44.64
Uttar Pradesh,Kanpur,14-09-2017,107,42.62,52.12,176.98,68.57,77.15
Uttar Pradesh,Kanpur,22-09-2017,210,125.84,190.95,179.8,8.15,150.01
Uttar Pradesh,Kanpur,23-10-2017,486,164.4,268.83,164.41,99.74,34.67
Uttar Pradesh,Kanpur,24-10-2017,347,169.14,41.57,120.05,72.41,184.45
Uttar Pradesh,Kanpur,29-10-2017,250.5,156.805,274.155,25.735,62.605,121.195
Uttar Pradesh,Kanpur,04-11-2017,198,45.64,165.05,192.59,29.46,162.88
Uttar Pradesh,Kanpur,29-11-2017,172,238.88,108.01,163.76,75.68,154.43
Uttar Pradesh,Kanpur,15-12-2017,248,239.65,102.28,43.1,34.87,152.9
Uttar Pradesh,Kanpur,18-12-2017,46,139.74,332.53,142.81,28.74,43.09
Uttar Pradesh,Kanpur,19-12-2017,459,8.51,49.23,179.85,25.05,28.52
Uttar Pradesh,Kanpur,29-12-2017,287,41.72,289.65,174.42,13.45,169.06
Uttar Pradesh,Kanpur,26-01-2018,130,226.72,338.33,140.68,70.77,134.76
Uttar Pradesh,Kanpur,31-01-2018,383,103.76,327.69,68.96,28.88,25.03
Uttar Pradesh,Kanpur,01-02-2018,490,144.66,36.84,18.75,76.99,17.64
Uttar Pradesh,Kanpur,11-02-2018,298,247.55,144.14,172.83,14.65,68.2
Uttar Pradesh,Kanpur,16-02-2018,111,166.73,93.2,173.3,10.03,90.14
Uttar Pradesh,Kanpur,17-02-2018,278,117.83,307.52,154.86,81.95,107.73
Uttar Pradesh,Kanpur,07-03-2018,445,91.88,159.55,137.68,95.89,179.57
Uttar Pradesh,Kanpur,12-03-2018,462,272.28,318.5,134.34,67.52,26.57
Uttar Pradesh,Kanpur,23-03-2018,373,184.95,209.11,113.1,20.22,42.89
Uttar Pradesh,Kanpur,30-03-2018,369,237.2,171.2,183.84,31.44,189.77
Uttar Pradesh,Kanpur,03-04-2018,26,94,379.85,157.89,39.12,29.79
Uttar Pradesh,Kanpur,23-04-2018,11,71.99,306.45,49.65,96.09,181.39
Uttar Pradesh,Kanpur,25-04-2018,383,22.19,249.25,62.81,86.92,149.7
Uttar Pradesh,Kanpur,22-05-2018,417,154.31,279.21,50.36,52.11,183.68
Uttar Pradesh,Kanpur,04-06-2018,465,108.45,146.02,129.03,80.14,49.58
Uttar Pradesh,Kanpur,06-06-2018,419,273.7,198.98,192.62,76.51,187.36
Uttar Pradesh,Kanpur,10-06-2018,233,36.54,219.99,63.5,61.44,50.38
Uttar Pradesh,Kanpur,19-06-2018,37,123.39,268.62,66.99,11.42,6.68
Uttar Pradesh,Kanpur,21-06-2018,119,61.85,352.55,22.02,35.05,149.5
Uttar Pradesh,Kanpur,26-06-2018,243,146.19,8.66,28.75,3.02,13.9
Uttar Pradesh,Kanpur,13-07-2018,224,204.9,259.24,76.07,95.94,42.14
Uttar Pradesh,Kanpur,18-07-2018,152,150.79,190.15,13.98,71.67,178.54
Uttar Pradesh,Kanpur,27-07-2018,160,172.83,252.26,193.8,93.63,43.93
Uttar Pradesh,Kanpur,28-07-2018,376,145.51,255.82,120.56,56.91,189.97
Uttar Pradesh,Kanpur,06-08-2018,55,110.83,202.1,118.43,75.51,144.81
Uttar Pradesh,Kanpur,12-08-2018,48,145.35,115.78,100.58,49.3,40.12
Uttar Pradesh,Kanpur,14-08-2018,115,191.22,372.01,110.6,82.18,64.34
Uttar Pradesh,Kanpur,25-08-2018,100,108.36,240.95,80.26,60.7,66.4
Uttar Pradesh,Kanpur,26-08-2018,431,90.83,357.6,1.32,12.56,156.68
Uttar Pradesh,Kanpur,30-08-2018,464,10.45,188.75,95.07,20.93,184.47
Uttar Pradesh,Kanpur,31-08-2018,466,200.97,3.9,59.41,44.96,135.34
Uttar Pradesh,Kanpur,11-09-2018,467,30.23,72.47,99.17,84,190.31
Uttar Pradesh,Kanpur,24-09-2018,431,122.93,59.9,25.87,84.71,153.88
Uttar Pradesh,Kanpur,25-09-2018,115,280.33,97.85,181.42,21.99,137.21
Uttar Pradesh,Kanpur,06-10-2018,448,214.16,54.94,31.26,63.65,97.78
Uttar Pradesh,Kanpur,07-10-2018,462,116,365.34,51.89,18.84,97.85
Uttar Pradesh,Kanpur,14-10-2018,471,42.03,36.55,37.81,70.8,99.1
Uttar Pradesh,Kanpur,17-10-2018,111,37.98,188.78,99.14,98.34,144.01
Uttar Pradesh,Kanpur,21-10-2018,86,13.27,74.44,139.92,76.34,6.28
Uttar Pradesh,Kanpur,25-10-2018,388,68.37,61.59,165.1,10.42,166.73
Uttar Pradesh,Kanpur,05-11-2018,15,88.47,51.4,193.4,31.86,110.3
Uttar Pradesh,Kanpur,13-11-2018,118,149.27,97.1,173.85,67.86,129.12
Uttar Pradesh,Kanpur,17-11-2018,28,180.67,183.19,20.73,63.63,167.97
Uttar Pradesh,Kanpur,24-11-2018,152,202.27,229.83,145.92,96.8,1.11
Uttar Pradesh,Kanpur,02-12-2018,487,3.89,10.31,46.39,31.52,103.07
Uttar Pradesh,Kanpur,01-01-2019,20,71.3,84.7,172.04,18.89,77.77
Uttar Pradesh,Kanpur,31-01-2019,350,255.6,162.71,94.45,52.38,6.61
Uttar Pradesh,Kanpur,02-02-2019,109,25.62,172.54,58.5,98.57,33.34
Uttar Pradesh,Kanpur,08-02-2019,466,286.31,157.19,102.83,79.58,173.73
Uttar Pradesh,Kanpur,10-02-2019,199,241.04,83.94,65.82,1.62,176.81
Uttar Pradesh,Kanpur,11-02-2019,427,150.175,173.095,172.99,95.68,112.025
Uttar Pradesh,Kanpur,14-02-2019,276,36.31,2.97,99,39.32,18.98
Uttar Pradesh,Kanpur,15-03-2019,198,1.07,154.39,90.75,51.94,1.06
Uttar Pradesh,Kanpur,01-04-2019,198,5.11,116.32,108.32,48.28,156.78
Uttar Pradesh,Kanpur,02-04-2019,275,273.63,147.61,153.18,43.13,57.84
Uttar Pradesh,Kanpur,07-04-2019,91,226.21,8.37,133.32,96.47,183.96
Uttar Pradesh,Kanpur,13-04-2019,445,80.47,261.91,173.67,72.33,79.03
Uttar Pradesh,Kanpur,21-04-2019,161,248.01,154.16,89.84,94.31,145.44
Uttar Pradesh,Kanpur,06-05-2019,220,83.27,28.6,159.44,37.82,137.48
Uttar Pradesh,Kanpur,18-05-2019,469,94.35,74.84,145.59,52.77,83.79
Uttar Pradesh,Kanpur,22-05-2019,179,141.53,33.65,181.01,45.67,33.85
Uttar Pradesh,Kanpur,31-05-2019,259,288.83,272.43,24.97,32.11,89.87
Uttar Pradesh,Kanpur,09-06-2019,272,47.95,248.49,125.79,58.98,135.5
Uttar Pradesh,Kanpur,12-06-2019,92,4.62,133.61,63,87.7,179.82
Uttar Pradesh,Kanpur,26-06-2019,402,203.63,5.27,160.26,45.02,115.02
Uttar Pradesh,Kanpur,27-06-2019,243,153.86,269.05,181.57,93.95,98.01
Uttar Pradesh,Kanpur,29-06-2019,158,92.82,276.36,64.61,58.82,69.66
Uttar Pradesh,Kanpur,03-07-2019,328,151.04,249.09,6.15,54.89,120.02
Uttar Pradesh,Kanpur,11-07-2019,28,180.67,218.16,139.74,46.21,49.08
Uttar Pradesh,Kanpur,21-07-2019,197,121.43,80.47,3.3,81.16,188.87
Uttar Pradesh,Kanpur,24-07-2019,431,172.12,198.81,47.03,21.03,151.11
Uttar Pradesh,Kanpur,27-07-2019,177,169.36,242.14,8.78,80.9,194.76
Uttar Pradesh,Kanpur,29-07-2019,358,160.97,302.08,69.53,44.73,100.7
Uttar Pradesh,Kanpur,27-08-2019,477,115.28,119.43,146.9,73.09,182.35
Uttar Pradesh,Kanpur,29-08-2019,237,247.8,54.25,155.98,80.2,57.18
Uttar Pradesh,Kanpur,28-09-2019,261,299.45,371.41,28.67,81.61,150.16
Uttar Pradesh,Kanpur,26-10-2019,223,0.3,4.43,182.9,35.12,157.46
Uttar Pradesh,Kanpur,14-11-2019,431,232.23,122.47,92.24,65.42,44.81
Uttar Pradesh,Kanpur,27-11-2019,238,63.39,72.66,37.53,79.23,30.23
Uttar Pradesh,Kanpur,04-12-2019,390,2.26,155.88,59.87,77.21,158.05
Uttar Pradesh,Kanpur,12-12-2019,363,256.76,92.31,158.58,63.01,133.47
Uttar Pradesh,Kanpur,22-12-2019,269,90.92,282.65,94.03,9.73,123.11
Uttar Pradesh,Kanpur,11-01-2020,305,269.03,163.85,120.97,42.71,86.09
Uttar Pradesh,Kanpur,14-01-2020,229,111.94,72.08,58.86,42.63,114.95
Uttar Pradesh,Kanpur,06-02-2020,4,1.27,99.53,14.58,23.24,128.53
Uttar Pradesh,Kanpur,28-02-2020,441,181.03,303.79,197.42,1.14,104.01
Uttar Pradesh,Kanpur,11-03-2020,317,28.1,339.25,149.92,28.26,103.33
Uttar Pradesh,Kanpur,19-03-2020,127,66.95,286.76,70.66,27.46,151.85
Uttar Pradesh,Kanpur,20-03-2020,138,116.02,235.65,182.96,26.79,102.8
Uttar Pradesh,Kanpur,28-03-2020,348,181.53,45.31,175.25,68.11,71.28
Uttar Pradesh,Kanpur,14-04-2020,146,237.16,233.13,0.13,79.24,21.84
Uttar Pradesh,Kanpur,21-04-2020,262,142.38,1.58,186.69,62.6,66.59
Uttar Pradesh,Kanpur,06-05-2020,403,226.97,156.89,35.06,14.91,169.36
Uttar Pradesh,Kanpur,14-05-2020,88,165.14,159.94,81.09,90.46,132.99
Uttar Pradesh,Kanpur,17-05-2020,93,204.75,226.82,162.72,86.4,183.25
Uttar Pradesh,Kanpur,05-06-2020,279,47.89,170.16,198.67,51.99,131.29
Uttar Pradesh,Kanpur,08-06-2020,462,31.44,49.77,165.9,98.64,67.8
Uttar Pradesh,Kanpur,14-06-2020,433,50.75,24.87,150.89,69.84,48.62
Uttar Pradesh,Kanpur,17-06-2020,89,151.8,254.13,66.04,50.18,176.75
Uttar Pradesh,Kanpur,10-08-2020,35,146.78,398.3,29.59,79.46,159.82
Uttar Pradesh,Kanpur,17-08-2020,461,146.67,82.88,182.03,59.67,176.31
Uttar Pradesh,Kanpur,24-08-2020,360,254.12,109.72,12.17,96.06,116.85
Uttar Pradesh,Kanpur,28-08-2020,283,229.5,119.02,58.97,32.87,107.63
Uttar Pradesh,Kanpur,29-08-2020,266,252.31,374.81,73.64,74.13,70.59
Uttar Pradesh,Kanpur,31-08-2020,389,202.86,130.63,40.19,36.7,59.4
Uttar Pradesh,Kanpur,29-09-2020,485,31.77,43.38,199.66,12.93,172.81
Uttar Pradesh,Kanpur,30-10-2020,33,153.77,129.63,3.07,89.73,173.09
Uttar Pradesh,Kanpur,04-11-2020,127,15.79,101.22,18.52,68.74,33.93
Uttar Pradesh,Kanpur,05-11-2020,56,114.22,342.96,5.71,81.38,136.06
Uttar Pradesh,Kanpur,25-11-2020,142,68.18,100.41,155.13,75.19,161.28
Uttar Pradesh,Kanpur,24-12-2020,108,123.05,398.92,110.12,59.1,16.11
Uttar Pradesh,Kanpur,12-01-2021,454,93.19,266.71,40.75,50.53,34.38
Uttar Pradesh,Kanpur,14-01-2021,65,232.95,343.42,194.25,61.83,10.44
Uttar Pradesh,Kanpur,19-01-2021,70,15.09,317.03,62.42,82.01,47.13
Uttar Pradesh,Kanpur,01-02-2021,26,147.17,339.15,8.59,62.96,123.21
Uttar Pradesh,Kanpur,15-02-2021,221,239.05,347.82,107.62,3.04,129.28
Uttar Pradesh,Kanpur,19-02-2021,443,170.67,226.93,118.77,58.54,191.83
Uttar Pradesh,Kanpur,25-02-2021,441,155.255,130.085,41.585,46.385,166.145
Uttar Pradesh,Kanpur,18-03-2021,395,124.01,342.07,87.63,98.05,91.7
Uttar Pradesh,Kanpur,20-03-2021,211,195.19,81.92,68.725,32.275,56.54
Uttar Pradesh,Kanpur,06-04-2021,363,204.22,270.1,37.97,15,199.43
Uttar Pradesh,Kanpur,10-04-2021,81,67.55,101.25,114.86,57.86,35.46
Uttar Pradesh,Kanpur,01-05-2021,480,137.26,219.21,3.51,68.53,120
Uttar Pradesh,Kanpur,03-05-2021,147,153.21,116.84,196.35,84.75,64.22
Uttar Pradesh,Kanpur,14-05-2021,363,115.25,304.02,175.25,50.39,49.6
Uttar Pradesh,Kanpur,16-05-2021,244,110.64,239.07,73.98,38.45,164.95
Uttar Pradesh,Kanpur,29-05-2021,90,262.49,2.96,121.3,75.32,162.39
Uttar Pradesh,Kanpur,11-06-2021,59,69.74,26.26,38.12,33.54,87.17
Uttar Pradesh,Kanpur,15-06-2021,8,14.79,146.69,94.67,21.29,32.06
Uttar Pradesh,Kanpur,20-06-2021,358,234.46,229.05,0.28,67.24,177.32
Uttar Pradesh,Kanpur,22-06-2021,362,280.26,335.65,127.21,9.84,30.69
Uttar Pradesh,Kanpur,26-06-2021,485,47.65,133.22,102.05,50.37,13.32
Uttar Pradesh,Kanpur,03-07-2021,87,294.78,259.79,88.17,79.62,37.94
Uttar Pradesh,Kanpur,04-07-2021,164,293.06,350.2,22.52,97.37,110.96
Uttar Pradesh,Kanpur,10-07-2021,372,4.54,355.92,92.03,53.33,2.78
Uttar Pradesh,Kanpur,17-07-2021,309,2.48,121.38,66.7,7.42,139.89
Uttar Pradesh,Kanpur,20-07-2021,296,148.59,55.03,78.69,92.98,3.98
Uttar Pradesh,Kanpur,23-07-2021,403,187.38,34.95,134.72,28.93,89.4
Uttar Pradesh,Kanpur,24-07-2021,328,242.81,157,69.17,39.41,151.9
Uttar Pradesh,Kanpur,01-08-2021,457,209.23,174.3,102.06,64.62,111.42
Uttar Pradesh,Kanpur,09-08-2021,32,171.65,162.21,13.13,98.17,146.89
Uttar Pradesh,Kanpur,31-08-2021,402,275.65,102.37,24.21,20.12,126.66
Uttar Pradesh,Kanpur,01-09-2021,219,169.91,74.49,171.63,75.87,185.65
Uttar Pradesh,Kanpur,08-09-2021,316.5,87.09,269.615,89.155,39.75,110.685
Uttar Pradesh,Kanpur,11-10-2021,2,232.35,375.13,123.3,23.41,18.76
Uttar Pradesh,Kanpur,13-10-2021,59,217.06,122.63,46.86,60.64,22.69
Uttar Pradesh,Kanpur,04-11-2021,462,59.51,281.64,17.88,83.49,27.19
Uttar Pradesh,Kanpur,06-11-2021,97,263.87,283.68,160.19,33.56,29.48
Uttar Pradesh,Kanpur,29-12-2021,5,151.12,238.56,199.89,99.79,89.66
Uttar Pradesh,Kanpur,21-01-2022,371,172.16,86.855,80.17,19.51,83.59
Uttar Pradesh,Kanpur,09-02-2022,18,218.94,153.32,123.2,90.16,8.98
Uttar Pradesh,Kanpur,17-02-2022,28,3.1,182.17,156.37,68.91,164.61
Uttar Pradesh,Kanpur,28-02-2022,265,93.34,203.57,167.59,67.82,112.52
Uttar Pradesh,Kanpur,06-03-2022,416,226.03,60.71,38.92,96.06,112.46
Uttar Pradesh,Kanpur,16-03-2022,170,280.37,143.56,104.78,83.82,57.68
Uttar Pradesh,Kanpur,29-03-2022,204,153.15,233.1,121.52,49.97,75.76
Uttar Pradesh,Kanpur,01-04-2022,27,85.77,124.3,83.33,38.98,38.67
Uttar Pradesh,Kanpur,12-04-2022,111,227.02,66.88,58.17,47.3,67.7
Uttar Pradesh,Kanpur,16-04-2022,31,207.08,359.35,97.28,44.75,181.99
Uttar Pradesh,Kanpur,06-05-2022,117,93.9,225.95,118.16,3.86,87.47
Uttar Pradesh,Kanpur,08-05-2022,218,4.83,18.63,187.14,61.26,6.75
Uttar Pradesh,Kanpur,12-05-2022,326,200,325.92,163.2,29.14,142.15
Uttar Pradesh,Kanpur,24-05-2022,473,16.91,49.31,5.73,75.35,125.46
Uttar Pradesh,Kanpur,26-05-2022,189,20.88,319.99,2.08,98.77,181.6
Uttar Pradesh,Kanpur,14-06-2022,405,266.94,395.65,31.7,65.97,77.16
Uttar Pradesh,Kanpur,23-06-2022,300,174.79,111.77,194.72,11.46,57.16
Uttar Pradesh,Kanpur,13-07-2022,190,161.94,84.63,57.24,28.34,88.77
Uttar Pradesh,Kanpur,21-07-2022,88,124.11,275.56,99.33,68.81,162.51
Uttar Pradesh,Kanpur,07-08-2022,334.6666667,196.87,311.3966667,110.68,45.02333333,128.9066667
Uttar Pradesh,Kanpur,10-08-2022,71,156.12,322.55,116.06,84.31,20.53
Uttar Pradesh,Kanpur,21-08-2022,199,115.98,301.14,141.84,72.48,89.45
Uttar Pradesh,Kanpur,30-08-2022,419,60.88,260.57,13.03,91.94,69.06
Uttar Pradesh,Kanpur,09-09-2022,141.5,162.9,179.445,50.65,42.9,34.3
Uttar Pradesh,Kanpur,24-09-2022,489,246.25,233.43,46.62,33.67,69.48
Uttar Pradesh,Kanpur,27-09-2022,14,27.48,202.23,119.52,57.21,187.13
Uttar Pradesh,Kanpur,02-10-2022,326,189.43,275.57,158.68,16.7,51.83
Uttar Pradesh,Kanpur,07-10-2022,347,204.43,206.8,36.58,85.38,62.25
Uttar Pradesh,Kanpur,20-10-2022,137,65.08,190.18,145.05,62.77,80.21
Uttar Pradesh,Kanpur,28-10-2022,224,297.01,291.4,197.99,50.94,156.89
Uttar Pradesh,Kanpur,03-11-2022,380,228.06,194.05,32.17,75.43,23.47
Uttar Pradesh,Kanpur,27-11-2022,59,231.89,127.21,132.63,58.87,80.93
Uttar Pradesh,Kanpur,02-12-2022,73,130.18,148.48,18.42,97.32,156.31
Uttar Pradesh,Kanpur,06-12-2022,248,184.77,280.33,69.13,16.35,58.06
Uttar Pradesh,Kanpur,09-12-2022,22,205.62,324.51,51.51,55.59,4.2
Uttar Pradesh,Kanpur,17-12-2022,262,79.85,126.69,151.04,47.66,24.62
Uttar Pradesh,Kanpur,20-12-2022,226,93.05,116.51,187.72,76.62,29.41
Uttar Pradesh,Kanpur,30-12-2022,178,96.34,294.28,10.7,84.33,1.27
Uttar Pradesh,Lucknow,26-01-2015,351,123.15,277.595,133.87,92.915,62.375
Uttar Pradesh,Lucknow,27-01-2015,33,80.11,377.15,6.49,51.01,87.78
Uttar Pradesh,Lucknow,05-02-2015,43,177.32,336.96,160.72,80.74,193.3
Uttar Pradesh,Lucknow,18-02-2015,403,295.86,32.2,77.72,31.54,134.06
Uttar Pradesh,Lucknow,28-02-2015,241,249.75,358.18,31.47,85.12,89.21
Uttar Pradesh,Lucknow,02-03-2015,498,294.48,146.88,196.32,34.47,37.88
Uttar Pradesh,Lucknow,08-03-2015,91,47.08,360.71,170.22,0.4,10.53
Uttar Pradesh,Lucknow,29-03-2015,177,165.49,325.3,176.45,93.36,183.74
Uttar Pradesh,Lucknow,14-04-2015,188,286.76,361.52,148.97,16.26,153.62
Uttar Pradesh,Lucknow,24-04-2015,434,279.06,168.19,34.09,21,166.17
Uttar Pradesh,Lucknow,28-04-2015,81,13.56,331.66,33.45,54.5,19.24
Uttar Pradesh,Lucknow,21-05-2015,30,252.91,387.27,70.51,32.43,102.57
Uttar Pradesh,Lucknow,22-05-2015,294,244.63,174.51,37.38,53.35,109.47
Uttar Pradesh,Lucknow,05-06-2015,275,40.36,184.3,49.1,25.11,100.98
Uttar Pradesh,Lucknow,09-06-2015,442,294.25,47.54,101.13,91.74,67.75
Uttar Pradesh,Lucknow,21-06-2015,238,87.29,82.98,141.83,29.73,142.98
Uttar Pradesh,Lucknow,30-06-2015,489,262.8,103.92,11.25,88.73,40.48
Uttar Pradesh,Lucknow,09-07-2015,301,161.29,6.55,110.63,42.45,13.87
Uttar Pradesh,Lucknow,10-07-2015,38,98.3,67.4,150.81,62.2,123.5
Uttar Pradesh,Lucknow,13-07-2015,491,103.78,90.6,144.67,87.76,196.94
Uttar Pradesh,Lucknow,15-07-2015,61,140.15,7.46,152.43,35.98,40.85
Uttar Pradesh,Lucknow,02-08-2015,173,33.51,179.34,23.35,72.16,52.01
Uttar Pradesh,Lucknow,12-08-2015,317,63.49,170.02,141.59,85.67,145
Uttar Pradesh,Lucknow,01-09-2015,487,131.03,320.07,94.75,56.77,175.56
Uttar Pradesh,Lucknow,07-09-2015,17,295,161.21,163.89,96.31,26.1
Uttar Pradesh,Lucknow,12-09-2015,361.5,248.95,281.06,128.425,11.125,185.36
Uttar Pradesh,Lucknow,14-10-2015,452.5,81.165,43.79,103.335,47.57,54.37
Uttar Pradesh,Lucknow,17-10-2015,135,134.985,126.19,138.265,56.885,29.72
Uttar Pradesh,Lucknow,20-10-2015,455,106.46,362.19,34.33,8.89,131.6
Uttar Pradesh,Lucknow,21-11-2015,374,184.77,313.54,4.9,10.93,65.47
Uttar Pradesh,Lucknow,24-11-2015,252,262.94,264.25,158.12,60.53,173.77
Uttar Pradesh,Lucknow,27-11-2015,18,70.36,160.53,51.93,46.6,198.57
Uttar Pradesh,Lucknow,28-11-2015,319,162.78,279.12,126.61,85.77,93.24
Uttar Pradesh,Lucknow,30-12-2015,336,218.93,346.77,88.34,55.72,78.25
Uttar Pradesh,Lucknow,07-01-2016,179,131.62,161.65,7.81,84.36,162.32
Uttar Pradesh,Lucknow,16-01-2016,255,144.83,363.33,119.88,31.11,89.19
Uttar Pradesh,Lucknow,27-01-2016,434,173.9,257.47,65.91,34.9,53.61
Uttar Pradesh,Lucknow,04-02-2016,197,68.79,325.7,112.53,79.19,1.8
Uttar Pradesh,Lucknow,12-02-2016,85,86.185,20.82,128.26,61.515,50.145
Uttar Pradesh,Lucknow,13-02-2016,39,8.08,212.33,198.59,22.98,140.86
Uttar Pradesh,Lucknow,15-02-2016,402,83.84,167.33,31.57,17.87,9.45
Uttar Pradesh,Lucknow,17-02-2016,408,41.28,276.53,140.04,68.66,60.51
Uttar Pradesh,Lucknow,25-02-2016,20,25.05,70.32,64.59,6.8,160.4
Uttar Pradesh,Lucknow,26-02-2016,77,85.65,367.19,4.17,25.07,65.9
Uttar Pradesh,Lucknow,19-03-2016,398,102.49,17.98,180.24,25.09,29.65
Uttar Pradesh,Lucknow,09-05-2016,342,151.84,193.39,102.45,15.05,193.05
Uttar Pradesh,Lucknow,12-05-2016,282,143.93,111.89,152.57,36.24,150.73
Uttar Pradesh,Lucknow,21-05-2016,336,80.695,141.24,176.095,37.355,98.26
Uttar Pradesh,Lucknow,08-06-2016,275.3333333,86.02333333,94.22333333,188.2,52.89333333,131.3466667
Uttar Pradesh,Lucknow,13-06-2016,28,203.52,254.9,13.76,90.78,100.72
Uttar Pradesh,Lucknow,23-06-2016,117,4.43,349.14,0.26,69.21,43.09
Uttar Pradesh,Lucknow,29-06-2016,374,189.29,53.61,67.36,40.57,104.39
Uttar Pradesh,Lucknow,01-07-2016,497,58.72,218.24,168.28,21.86,153.37
Uttar Pradesh,Lucknow,02-07-2016,248,113.65,30.7,60.11,33.95,175.93
Uttar Pradesh,Lucknow,04-07-2016,339,195.89,247.6,95.26,44.46,117.46
Uttar Pradesh,Lucknow,17-07-2016,111,280.9,164.36,142.73,72.23,193.58
Uttar Pradesh,Lucknow,23-07-2016,396,94.29,293.85,114.7,88.12,60.07
Uttar Pradesh,Lucknow,06-08-2016,257,277.05,88.15,127.66,16.88,13.38
Uttar Pradesh,Lucknow,22-08-2016,131,16.33,359.1,171.14,64.53,104.36
Uttar Pradesh,Lucknow,26-08-2016,389,116.42,166.32,178.85,7.47,53.47
Uttar Pradesh,Lucknow,01-09-2016,346,168.06,181.135,107.09,41.64,23.605
Uttar Pradesh,Lucknow,03-09-2016,383,12.7,279.32,186.67,45.1,23.5
Uttar Pradesh,Lucknow,19-09-2016,60,63.75,200.46,98.99,23.42,166.13
Uttar Pradesh,Lucknow,02-10-2016,486,255.54,72.96,125.73,55.44,197.64
Uttar Pradesh,Lucknow,05-10-2016,442,243.5,73.54,40.39,97.91,198.5
Uttar Pradesh,Lucknow,22-10-2016,280,258.04,138.66,66.55,71.8,133.59
Uttar Pradesh,Lucknow,28-10-2016,9,230.5,261.98,135.35,13.21,105.17
Uttar Pradesh,Lucknow,29-10-2016,6,294.88,193.25,26.97,26.89,169.98
Uttar Pradesh,Lucknow,06-11-2016,420,195.52,167.98,177.84,92.45,134.29
Uttar Pradesh,Lucknow,07-11-2016,465,56.54,298.95,105.93,78.92,54.01
Uttar Pradesh,Lucknow,18-11-2016,473,7.76,298.33,63.89,46.95,149.46
Uttar Pradesh,Lucknow,27-11-2016,43,161.73,46.81,100.83,66.1,182.46
Uttar Pradesh,Lucknow,21-12-2016,137,1.65,184.2,84.73,6.65,1.44
Uttar Pradesh,Lucknow,31-12-2016,115,285.45,134.83,146.68,11.9,62.19
Uttar Pradesh,Lucknow,01-01-2017,134,125.37,98.46,193.59,28.18,59.07
Uttar Pradesh,Lucknow,21-01-2017,456,253.75,258.02,145.47,49.98,144.18
Uttar Pradesh,Lucknow,22-01-2017,370,273.19,48.46,29.42,73.34,132.69
Uttar Pradesh,Lucknow,11-02-2017,57,252.87,165.73,159.2,64.2,170.04
Uttar Pradesh,Lucknow,15-02-2017,417,261.96,289.18,16.9,27.39,31.73
Uttar Pradesh,Lucknow,09-03-2017,159,6.24,291.44,168.79,62.45,67.57
Uttar Pradesh,Lucknow,20-03-2017,80,76.86,333.69,39.19,20.27,85.37
Uttar Pradesh,Lucknow,03-04-2017,122,126.24,41.43,105.84,7.33,182.54
Uttar Pradesh,Lucknow,04-04-2017,267,54.41,189.1,129.38,63.41,82.61
Uttar Pradesh,Lucknow,20-04-2017,30,219.93,224.05,16.23,88.96,177.1
Uttar Pradesh,Lucknow,24-04-2017,319,21.99,272.91,185.34,10.16,156.02
Uttar Pradesh,Lucknow,23-05-2017,294,240.53,35.62,87.28,22.92,19.13
Uttar Pradesh,Lucknow,02-06-2017,76,154.84,222.26,151.06,52.41,198.86
Uttar Pradesh,Lucknow,19-06-2017,160,72.2,138.58,131.16,79.33,161.22
Uttar Pradesh,Lucknow,21-06-2017,225,6.355,170.41,141.595,69.285,56.485
Uttar Pradesh,Lucknow,22-06-2017,347,183.28,290.12,188.4,79.22,51.34
Uttar Pradesh,Lucknow,01-08-2017,137,76.68,185.33,28.82,98.44,96.32
Uttar Pradesh,Lucknow,06-08-2017,139,244.18,76.71,12.38,18.86,21.47
Uttar Pradesh,Lucknow,18-08-2017,311,130.19,224.31,133.76,7.36,103.13
Uttar Pradesh,Lucknow,01-09-2017,470,4.12,305.3,92.12,59.35,190.84
Uttar Pradesh,Lucknow,05-09-2017,316,96.14,213.26,2.85,1.28,106.91
Uttar Pradesh,Lucknow,13-09-2017,286,73.78,289.55,32.32,80.56,179.93
Uttar Pradesh,Lucknow,15-09-2017,291,180.01,86.12,146.6,40.93,43.97
Uttar Pradesh,Lucknow,30-09-2017,388,103.52,385.55,186.84,63.49,136.37
Uttar Pradesh,Lucknow,18-10-2017,157,25.35,11.91,141.45,16.95,72.18
Uttar Pradesh,Lucknow,21-10-2017,110,277.52,171.72,20.41,64.46,71.98
Uttar Pradesh,Lucknow,26-10-2017,286,2.69,165.03,181.12,45.35,115.77
Uttar Pradesh,Lucknow,27-10-2017,361,296.31,360.37,128.86,10.84,150.36
Uttar Pradesh,Lucknow,01-11-2017,315,35.17,266.14,50.05,13.25,152.66
Uttar Pradesh,Lucknow,02-11-2017,442,148.43,5.29,153.77,40.75,55.37
Uttar Pradesh,Lucknow,09-11-2017,222,42.62,271.63,143.12,62.93,120.64
Uttar Pradesh,Lucknow,17-11-2017,414,111.78,179.72,131.2,48.77,147.4
Uttar Pradesh,Lucknow,19-11-2017,134,203.88,216.96,101.63,68.24,199.86
Uttar Pradesh,Lucknow,05-12-2017,189,45.17,388.43,188.72,43.56,70.26
Uttar Pradesh,Lucknow,08-12-2017,228,68.33,65.82,89.97,58.03,115.4
Uttar Pradesh,Lucknow,12-12-2017,402,201.45,322.49,122.31,72.34,31.78
Uttar Pradesh,Lucknow,14-12-2017,204,212.04,330.46,178.91,60.29,188.41
Uttar Pradesh,Lucknow,18-12-2017,87,141.96,214.65,43.01,81.77,54.6
Uttar Pradesh,Lucknow,20-12-2017,411,267.655,225.085,81.04,44.825,136.25
Uttar Pradesh,Lucknow,25-12-2017,232,262.92,341.38,17.54,25.88,39.62
Uttar Pradesh,Lucknow,29-12-2017,123.5,62.59,104.455,129.92,50.18,45.35
Uttar Pradesh,Lucknow,01-01-2018,291,279.65,197.71,149.61,35.83,53.48
Uttar Pradesh,Lucknow,07-01-2018,4,41.8,330.04,154.08,72.57,190.01
Uttar Pradesh,Lucknow,11-01-2018,139,184.98,300.87,163.71,91.64,55.44
Uttar Pradesh,Lucknow,12-02-2018,474,54.16,348.73,127.73,55.17,8.16
Uttar Pradesh,Lucknow,16-02-2018,418,200.79,76.18,164.19,64.71,100.79
Uttar Pradesh,Lucknow,19-02-2018,480,269.38,26.83,75.02,1.62,23.44
Uttar Pradesh,Lucknow,20-02-2018,262,53.28,378.13,149.04,90.61,185.68
Uttar Pradesh,Lucknow,28-02-2018,52,295.39,322.31,166.68,57.89,197.58
Uttar Pradesh,Lucknow,11-03-2018,492,91.33,292.06,98.38,44.22,106.26
Uttar Pradesh,Lucknow,21-03-2018,183,229.77,297.28,93.86,81.87,61.04
Uttar Pradesh,Lucknow,05-04-2018,342,41.51,339.81,177.22,95.34,42.39
Uttar Pradesh,Lucknow,16-04-2018,214,19.45,1.17,26.37,87.46,111.13
Uttar Pradesh,Lucknow,18-04-2018,420,240.79,365.17,83.16,17.44,143.4
Uttar Pradesh,Lucknow,25-04-2018,123,39.88,210.13,69.04,56.37,112.28
Uttar Pradesh,Lucknow,14-05-2018,24,178.94,158.83,143.54,15.59,10.25
Uttar Pradesh,Lucknow,26-05-2018,46,133.93,13.81,80.16,70.5,41.14
Uttar Pradesh,Lucknow,17-06-2018,207,8.75,376.69,8.86,33.47,35.34
Uttar Pradesh,Lucknow,18-06-2018,467,47.88,361.93,104.36,67.64,40.59
Uttar Pradesh,Lucknow,19-07-2018,187,123.89,220.57,176.72,34.41,179.87
Uttar Pradesh,Lucknow,28-07-2018,361,151.67,54.23,162.79,69.5,147.99
Uttar Pradesh,Lucknow,29-07-2018,327,199.555,185.84,82.51,54.54,161.83
Uttar Pradesh,Lucknow,11-08-2018,432,54.67,40.96,159.82,32.43,170.4
Uttar Pradesh,Lucknow,04-09-2018,153,178.36,282.47,29.47,41.37,192.89
Uttar Pradesh,Lucknow,10-09-2018,296,110.93,77.99,167.62,8.99,115.49
Uttar Pradesh,Lucknow,15-09-2018,33,149.98,320.43,57.97,81.59,27.23
Uttar Pradesh,Lucknow,19-09-2018,306,290,241.68,158.46,63.4,196.21
Uttar Pradesh,Lucknow,28-09-2018,479,114.46,206.08,74.8,55.97,49.05
Uttar Pradesh,Lucknow,09-10-2018,152,178.85,154.36,143.76,96.13,174.07
Uttar Pradesh,Lucknow,16-10-2018,167,174.06,212.68,192.93,73.06,123.95
Uttar Pradesh,Lucknow,25-10-2018,245,92.84,315.04,143.97,87.3,92.16
Uttar Pradesh,Lucknow,29-10-2018,294,197.18,42.34,192.16,96.37,188.01
Uttar Pradesh,Lucknow,03-11-2018,314,101.47,169.64,40.86,18.63,33.8
Uttar Pradesh,Lucknow,05-11-2018,126,241.15,151.56,134.11,16.53,59.61
Uttar Pradesh,Lucknow,25-11-2018,10,172.78,279.05,112.9,68.83,4.97
Uttar Pradesh,Lucknow,30-11-2018,173,43.39,52.65,159.04,71.63,113.16
Uttar Pradesh,Lucknow,24-12-2018,168,286.19,338.07,122.19,20.92,119.71
Uttar Pradesh,Lucknow,25-12-2018,266,241.59,184.62,189.71,43.9,184.29
Uttar Pradesh,Lucknow,03-01-2019,135,263.11,248.54,182.06,96.5,143.09
Uttar Pradesh,Lucknow,14-01-2019,3,211.2,319.48,29.55,5.26,143.96
Uttar Pradesh,Lucknow,19-01-2019,336,256.83,39.49,70.31,73.09,65.54
Uttar Pradesh,Lucknow,28-01-2019,197,138.69,11.66,145.86,35.38,180.49
Uttar Pradesh,Lucknow,07-02-2019,296.3333333,178.6333333,124.4466667,91.91,56.58,104.6666667
Uttar Pradesh,Lucknow,18-02-2019,98,230.96,178.86,118.78,4.86,36.97
Uttar Pradesh,Lucknow,25-02-2019,39.5,175.735,36.365,105.46,31.89,73.785
Uttar Pradesh,Lucknow,26-02-2019,25,37.82,341.5,168.82,54.35,144.53
Uttar Pradesh,Lucknow,23-03-2019,441,294.76,130.42,142.13,43.92,11.66
Uttar Pradesh,Lucknow,27-03-2019,276,237.38,18.13,191.65,75.78,167.5
Uttar Pradesh,Lucknow,01-04-2019,54,263.01,46.26,181.04,90.02,86.25
Uttar Pradesh,Lucknow,04-04-2019,382,113.19,231,67.56,15.48,180.14
Uttar Pradesh,Lucknow,05-04-2019,115,119.55,350.12,69.1,54.9,40.17
Uttar Pradesh,Lucknow,15-04-2019,129,84.59,131.9,64.21,35.68,32.69
Uttar Pradesh,Lucknow,28-04-2019,479,247.63,4.13,28.57,36.79,105.51
Uttar Pradesh,Lucknow,30-04-2019,165,105.7,36.01,3.3,27.63,36.01
Uttar Pradesh,Lucknow,23-05-2019,179,98.37,370.95,167,31.96,160.71
Uttar Pradesh,Lucknow,06-06-2019,174,254.83,399.31,129.92,24.52,111.84
Uttar Pradesh,Lucknow,14-06-2019,104,204.27,208.11,85.88,18.74,116.31
Uttar Pradesh,Lucknow,18-06-2019,454,19,241.05,81.87,9.71,47.19
Uttar Pradesh,Lucknow,22-06-2019,467,88.01,208.03,27.21,53.5,132.59
Uttar Pradesh,Lucknow,10-07-2019,107,249.43,57.61,67.7,5.94,43.73
Uttar Pradesh,Lucknow,12-07-2019,155,110.77,193.06,170.96,93.71,127.49
Uttar Pradesh,Lucknow,18-08-2019,341,257.14,70.63,63.58,21.94,94.21
Uttar Pradesh,Lucknow,20-08-2019,341,103.24,240.33,178.78,9.4,174.31
Uttar Pradesh,Lucknow,31-08-2019,270,70.37,113.1,21.87,43.74,48.18
Uttar Pradesh,Lucknow,03-09-2019,79,16.54,35.47,114.91,86.56,147.48
Uttar Pradesh,Lucknow,12-09-2019,222,209.02,17.17,143.81,77.91,102.89
Uttar Pradesh,Lucknow,01-10-2019,251,24.15,32.78,56.45,88.81,191.14
Uttar Pradesh,Lucknow,06-10-2019,340,208.1,53.59,103,47.8,163.07
Uttar Pradesh,Lucknow,11-10-2019,244,162.6,268.56,187.59,59.72,126.94
Uttar Pradesh,Lucknow,14-10-2019,256,2.1,173.65,49.03,28.08,14.37
Uttar Pradesh,Lucknow,01-11-2019,274,106.5,233.06,197.35,44.55,38.63
Uttar Pradesh,Lucknow,14-11-2019,307,111.02,346.55,135.63,55.98,126.11
Uttar Pradesh,Lucknow,03-12-2019,270,123.65,99.39,181.46,92.54,32.14
Uttar Pradesh,Lucknow,11-12-2019,43,299.63,144.51,103.79,43.72,68.73
Uttar Pradesh,Lucknow,16-12-2019,86,116.39,306.19,40.49,91.4,49.66
Uttar Pradesh,Lucknow,28-12-2019,407,120.62,24.16,133.81,91.61,57.9
Uttar Pradesh,Lucknow,01-01-2020,261,263.09,82.06,28.46,63.2,25.08
Uttar Pradesh,Lucknow,02-01-2020,375,186.63,108.74,161.69,0.71,6.57
Uttar Pradesh,Lucknow,08-01-2020,285,31.42,184.11,57.07,59.62,144.3
Uttar Pradesh,Lucknow,03-02-2020,123,278.9,375.23,137.14,97.59,190.29
Uttar Pradesh,Lucknow,09-02-2020,499,163.34,44.21,106.17,22.75,54.52
Uttar Pradesh,Lucknow,11-02-2020,123,54.26,165,32.93,1.83,46.26
Uttar Pradesh,Lucknow,15-02-2020,100,83.96,323.23,91.97,49.99,199.62
Uttar Pradesh,Lucknow,22-02-2020,267,294.06,352.69,125.51,16.36,21.26
Uttar Pradesh,Lucknow,24-02-2020,209,110.3,59.59,184.53,5.12,20.14
Uttar Pradesh,Lucknow,29-02-2020,162,218.5,66.18,147.73,3.56,187.5
Uttar Pradesh,Lucknow,08-03-2020,210,57.23,316.56,6.63,0.27,161.97
Uttar Pradesh,Lucknow,23-03-2020,404,232.23,137.32,144.19,78.01,196.69
Uttar Pradesh,Lucknow,25-03-2020,29,286.58,361.68,91.84,98.62,30
Uttar Pradesh,Lucknow,10-04-2020,413,185.63,103.5,59.93,79.4,155.44
Uttar Pradesh,Lucknow,14-04-2020,435,86.25,363.15,104.3,39.45,157.96
Uttar Pradesh,Lucknow,15-04-2020,396,127.71,367.92,115.11,50.98,6.49
Uttar Pradesh,Lucknow,23-04-2020,448.5,111.31,93.835,115.965,84.815,110.36
Uttar Pradesh,Lucknow,04-05-2020,181,185.08,87.82,49.4,39.08,46.61
Uttar Pradesh,Lucknow,07-05-2020,203,217.47,17.43,0.66,96.41,10.11
Uttar Pradesh,Lucknow,22-05-2020,250,89.85,213.89,31.24,67.98,36.85
Uttar Pradesh,Lucknow,25-05-2020,70,41.89,161.04,179.83,30.47,20.58
Uttar Pradesh,Lucknow,26-05-2020,328,57.95,211.64,138.47,71.43,169.01
Uttar Pradesh,Lucknow,30-05-2020,283,147.89,159.36,84.38,71.44,179.79
Uttar Pradesh,Lucknow,31-05-2020,244,299.1,211.24,43.09,25.75,103.67
Uttar Pradesh,Lucknow,02-06-2020,309,93.21,168.96,1.19,97.84,151.45
Uttar Pradesh,Lucknow,03-06-2020,155,32.74,362.59,148.22,51.57,25.34
Uttar Pradesh,Lucknow,06-06-2020,91,55.4,355.75,83.4,93.19,66.91
Uttar Pradesh,Lucknow,18-06-2020,281,94.23,305.48,7.64,56.32,174.84
Uttar Pradesh,Lucknow,27-06-2020,84,146.48,127.32,77.52,97.89,33.82
Uttar Pradesh,Lucknow,29-06-2020,269.6666667,142.3833333,173.6066667,56.27,43.55,51.57
Uttar Pradesh,Lucknow,30-06-2020,12,249.78,155.48,132.09,7.09,23.46
Uttar Pradesh,Lucknow,01-07-2020,476,12.11,323.13,39.97,73.51,148.98
Uttar Pradesh,Lucknow,11-07-2020,250,126.43,51.06,196.29,55.11,75.73
Uttar Pradesh,Lucknow,20-07-2020,403,123.06,54.14,33.5,72.04,90.09
Uttar Pradesh,Lucknow,28-08-2020,290,94.22,202.52,63.28,53.47,15.08
Uttar Pradesh,Lucknow,08-09-2020,172,48.13,192.26,2.68,74.22,84.67
Uttar Pradesh,Lucknow,18-09-2020,122,281.08,16.22,158.16,99.47,190.29
Uttar Pradesh,Lucknow,25-09-2020,107,13.57,366.23,23.97,5.11,198.56
Uttar Pradesh,Lucknow,01-10-2020,225,263.04,167.83,54.9,38.44,93.78
Uttar Pradesh,Lucknow,23-10-2020,480,104.36,196.59,113.28,91.4,130.83
Uttar Pradesh,Lucknow,06-11-2020,243,39.23,284.08,146.91,53.58,16.6
Uttar Pradesh,Lucknow,11-11-2020,391,107.47,40.33,10.17,77.05,70.73
Uttar Pradesh,Lucknow,18-11-2020,272,122.93,390.59,158.89,78.72,24.88
Uttar Pradesh,Lucknow,20-11-2020,293,246.34,323.35,15.13,47.36,168.95
Uttar Pradesh,Lucknow,26-11-2020,300,243.65,281.88,51.29,45.21,163.05
Uttar Pradesh,Lucknow,11-12-2020,25,117.65,346.52,42.07,60.15,0.18
Uttar Pradesh,Lucknow,18-12-2020,279,19.79,194.43,174.65,40.88,178.8
Uttar Pradesh,Lucknow,26-12-2020,67,230.29,182.39,136.08,85.8,60.13
Uttar Pradesh,Lucknow,28-12-2020,209,164.8,160.2,7.03,39.37,74.52
Uttar Pradesh,Lucknow,03-01-2021,183,224.02,7.22,79.05,42.72,165.2
Uttar Pradesh,Lucknow,09-01-2021,403,256.96,40.35,77.63,0.47,67.22
Uttar Pradesh,Lucknow,12-01-2021,469,18.95,246.39,43.29,52.65,191.37
Uttar Pradesh,Lucknow,22-01-2021,345,51.38,108.85,169.62,57.04,2.03
Uttar Pradesh,Lucknow,24-01-2021,459,246.17,358.31,45.63,80.71,34.59
Uttar Pradesh,Lucknow,17-02-2021,399,256.87,197.94,190.72,36.99,105.9
Uttar Pradesh,Lucknow,23-02-2021,139,142.81,274.25,85.58,11.36,154.37
Uttar Pradesh,Lucknow,25-02-2021,94,243.61,153.41,101.09,93.84,158.44
Uttar Pradesh,Lucknow,04-03-2021,30,46.81,260.66,145.57,4.76,125.06
Uttar Pradesh,Lucknow,18-03-2021,363,10.87,313.13,96.63,81.09,138.48
Uttar Pradesh,Lucknow,20-03-2021,433,51.98,304.6,135.81,3.63,186.81
Uttar Pradesh,Lucknow,27-03-2021,258,202.62,60.6,171.3,80.85,164.02
Uttar Pradesh,Lucknow,13-04-2021,234,257.57,243.93,29.14,13.91,180.25
Uttar Pradesh,Lucknow,24-04-2021,295,281.87,176.3,83.96,69.09,149.44
Uttar Pradesh,Lucknow,02-05-2021,362,194.29,356.52,104.96,85.7,45.88
Uttar Pradesh,Lucknow,05-05-2021,74,265.86,69.6,65.78,59.1,185.65
Uttar Pradesh,Lucknow,15-05-2021,233,84.87,170.23,100.81,3.91,40.84
Uttar Pradesh,Lucknow,18-05-2021,410,155.73,188.9,151.02,3.09,153.29
Uttar Pradesh,Lucknow,19-05-2021,56,255.03,316.52,118.05,24.83,16.56
Uttar Pradesh,Lucknow,01-06-2021,288,76.11,159.1,135.99,85.77,111.64
Uttar Pradesh,Lucknow,05-06-2021,458,258.07,398.57,26.67,5.13,183.09
Uttar Pradesh,Lucknow,08-06-2021,227,233.56,220.81,16.57,33.11,19.55
Uttar Pradesh,Lucknow,13-06-2021,441,229.67,277.71,53.16,29.19,46.03
Uttar Pradesh,Lucknow,30-06-2021,445,12.62,330.28,83.07,65.11,101.25
Uttar Pradesh,Lucknow,10-07-2021,31,244.9,179.01,34.18,53.76,110.29
Uttar Pradesh,Lucknow,24-07-2021,400,282.93,120,197.57,80.92,11.03
Uttar Pradesh,Lucknow,29-07-2021,274,188.35,77.51,40.97,76.17,177.15
Uttar Pradesh,Lucknow,02-08-2021,93,85.45,190.25,70.29,24.3,36.59
Uttar Pradesh,Lucknow,09-08-2021,134,181.66,118.65,179.03,42.53,42.15
Uttar Pradesh,Lucknow,11-08-2021,382,218.97,268.3,174.52,36.09,167.36
Uttar Pradesh,Lucknow,19-08-2021,448,184.39,44.45,103.65,75.83,53.46
Uttar Pradesh,Lucknow,20-08-2021,125,203.8,236.23,18.33,51.63,161.5
Uttar Pradesh,Lucknow,27-08-2021,52,25.76,220.54,109.2,52.08,160.44
Uttar Pradesh,Lucknow,28-09-2021,117,35.12,186.88,13.25,87.65,70.84
Uttar Pradesh,Lucknow,08-10-2021,398,19.72,52.46,53.53,39.39,10.4
Uttar Pradesh,Lucknow,23-10-2021,4,258.96,308.68,147.13,67.9,20.48
Uttar Pradesh,Lucknow,28-10-2021,222,173.18,209.3,159.24,27.61,173.36
Uttar Pradesh,Lucknow,06-11-2021,318.5,130.73,335.05,80,73.945,154.84
Uttar Pradesh,Lucknow,17-11-2021,256,115.31,325.79,199.4,94.62,109.79
Uttar Pradesh,Lucknow,02-12-2021,253,154.03,237.03,45.53,73.62,94.71
Uttar Pradesh,Lucknow,04-12-2021,50,1.14,185.53,83.05,1.29,76.34
Uttar Pradesh,Lucknow,12-12-2021,196,240.68,369.08,128.31,5.96,14.29
Uttar Pradesh,Lucknow,31-12-2021,287,191.38,302.03,69.78,70.87,131.62
Uttar Pradesh,Lucknow,06-01-2022,80,202.56,78.27,106.03,78.15,45.75
Uttar Pradesh,Lucknow,14-01-2022,443,61.21,97.85,89.08,34.17,149.44
Uttar Pradesh,Lucknow,15-01-2022,51,242.19,365.57,52.9,4.97,168.69
Uttar Pradesh,Lucknow,17-01-2022,364,158.75,197.23,71.74,31.96,172.29
Uttar Pradesh,Lucknow,23-03-2022,25,290.97,116.94,96.3,31.7,13.41
Uttar Pradesh,Lucknow,25-03-2022,496,250.71,119.96,107.03,16.85,193.28
Uttar Pradesh,Lucknow,11-04-2022,252,57.9,394.02,102.89,18.45,69.38
Uttar Pradesh,Lucknow,13-04-2022,256.3333333,212.5366667,334.8066667,107.89,56.04,39.90666667
Uttar Pradesh,Lucknow,15-04-2022,460,159.97,151.34,176.59,13.06,189.16
Uttar Pradesh,Lucknow,16-04-2022,73,137.46,306.9,53.71,61.79,21.69
Uttar Pradesh,Lucknow,23-04-2022,418,102.33,18.96,105.54,4.52,191.08
Uttar Pradesh,Lucknow,26-04-2022,177,142.23,180.6,74.75,9.33,68.84
Uttar Pradesh,Lucknow,27-04-2022,231,120.12,194.91,142.77,3.21,108.07
Uttar Pradesh,Lucknow,07-05-2022,250,280.87,290.95,12.96,97.14,66.28
Uttar Pradesh,Lucknow,24-05-2022,215,53.21,162.69,61.15,55,128.48
Uttar Pradesh,Lucknow,29-05-2022,143,9.51,30.04,144.89,73.6,120.45
Uttar Pradesh,Lucknow,04-06-2022,395,191.15,29.33,64.19,98.6,14.1
Uttar Pradesh,Lucknow,26-06-2022,257,16.16,347.8,10.05,87.85,131.44
Uttar Pradesh,Lucknow,01-07-2022,195,2.41,329.76,179.47,93.66,147.75
Uttar Pradesh,Lucknow,08-07-2022,178,227.12,135.58,117.06,82.19,1.75
Uttar Pradesh,Lucknow,13-07-2022,79,231.48,140.45,15.76,28.99,48.37
Uttar Pradesh,Lucknow,25-07-2022,385,180.7,330.02,193,63.5,45.18
Uttar Pradesh,Lucknow,27-07-2022,496,221.78,360.5,199.26,28.83,150.13
Uttar Pradesh,Lucknow,14-08-2022,180,13.07,194.09,145.76,1.03,90.71
Uttar Pradesh,Lucknow,01-09-2022,485,231.21,158.93,178.99,47.64,102.02
Uttar Pradesh,Lucknow,06-09-2022,147,157.37,257.4,104.76,46.61,97.85
Uttar Pradesh,Lucknow,13-09-2022,223,68.54,391.56,104.36,23.07,81.92
Uttar Pradesh,Lucknow,17-09-2022,185,232.3,129.74,43.3,61.83,167.98
Uttar Pradesh,Lucknow,20-09-2022,488,51.8,305.54,100.19,52.43,181.08
Uttar Pradesh,Lucknow,13-10-2022,478,175.8,83,148.79,34.4,100.31
Uttar Pradesh,Lucknow,22-10-2022,459,245.12,324.11,7.35,61.87,24.21
Uttar Pradesh,Lucknow,07-11-2022,113,220.97,279.59,11.33,80.32,82.36
Uttar Pradesh,Lucknow,28-11-2022,491,82.12,296.09,60.95,56.61,24.66
Uttar Pradesh,Lucknow,30-11-2022,78,216.33,312.77,150.01,27.09,125.87
Uttar Pradesh,Varanasi,03-01-2015,22,274.68,365.96,48.07,34.38,152.59
Uttar Pradesh,Varanasi,11-01-2015,499,183.18,114,33.15,58.4,120.13
Uttar Pradesh,Varanasi,13-01-2015,33,72.56,288.1,139.41,17.68,192.8
Uttar Pradesh,Varanasi,14-01-2015,137,227.28,151.43,98.33,91.53,101.88
Uttar Pradesh,Varanasi,19-01-2015,348,167.01,324.25,146.8,88.11,78.63
Uttar Pradesh,Varanasi,21-01-2015,375,90.44,356.72,122.73,97.63,91.61
Uttar Pradesh,Varanasi,26-01-2015,234,93.64,315.45,3.16,11.14,87.48
Uttar Pradesh,Varanasi,28-01-2015,323,294.89,152.48,33.05,13.1,48.67
Uttar Pradesh,Varanasi,16-02-2015,189,24.6,85.58,56.52,56.14,70.39
Uttar Pradesh,Varanasi,08-03-2015,384,179.56,348.62,62.39,30.97,55.47
Uttar Pradesh,Varanasi,18-03-2015,390,55.51,360.56,38.15,2.52,134.28
Uttar Pradesh,Varanasi,29-03-2015,150,181.84,204.91,30.12,99.86,53.55
Uttar Pradesh,Varanasi,31-03-2015,220,107.74,245.15,148.75,85.5,81.73
Uttar Pradesh,Varanasi,04-04-2015,199,67.4,197.15,94.1,32.83,116.98
Uttar Pradesh,Varanasi,09-04-2015,52,9.99,172.91,69.08,36.23,108.78
Uttar Pradesh,Varanasi,11-04-2015,190,215.07,394.28,75.87,32.4,167.85
Uttar Pradesh,Varanasi,16-04-2015,414,259.52,243.74,47.82,65.19,78.74
Uttar Pradesh,Varanasi,25-04-2015,252,64.63,373.81,90.71,52.73,74.11
Uttar Pradesh,Varanasi,03-05-2015,206,60.51,352.08,31.29,52.75,35.87
Uttar Pradesh,Varanasi,09-05-2015,342,133.86,195.98,64.78,99.97,117.57
Uttar Pradesh,Varanasi,23-05-2015,106,252.31,5.8,18.94,21.11,118.12
Uttar Pradesh,Varanasi,04-06-2015,398,93.24,246.97,3.47,93.27,11.5
Uttar Pradesh,Varanasi,09-06-2015,458,87.61,392.05,52.14,4.14,118.85
Uttar Pradesh,Varanasi,18-06-2015,81,54.19,133.91,120.2,73.96,189.89
Uttar Pradesh,Varanasi,19-06-2015,75,197.43,107.59,78.74,52.43,142.54
Uttar Pradesh,Varanasi,26-06-2015,193,19.17,263.11,185.72,48.19,145.56
Uttar Pradesh,Varanasi,27-06-2015,424,222.84,208.23,172,48.24,94.39
Uttar Pradesh,Varanasi,29-06-2015,25,225.29,21.71,19.71,79.56,42.54
Uttar Pradesh,Varanasi,25-07-2015,119,267.65,239.72,86.99,56.13,39.2
Uttar Pradesh,Varanasi,04-08-2015,493,144.2,196.84,148.97,74.74,11.09
Uttar Pradesh,Varanasi,26-08-2015,114,180.62,25.4,133.62,18.3,185.33
Uttar Pradesh,Varanasi,30-09-2015,467,122.09,372.16,164.5,57.71,111.55
Uttar Pradesh,Varanasi,17-10-2015,255,157.63,298.1,12.77,75.31,41
Uttar Pradesh,Varanasi,25-10-2015,320,250.9,116.42,117.17,5.2,114.55
Uttar Pradesh,Varanasi,13-11-2015,252,246.73,333.89,165.99,17.6,173.28
Uttar Pradesh,Varanasi,27-11-2015,395,109,5.28,35.67,0.72,194.27
Uttar Pradesh,Varanasi,28-11-2015,182,248.9,157.48,97.21,63.61,178.94
Uttar Pradesh,Varanasi,17-12-2015,111,177.77,12.79,121.29,28.63,187.45
Uttar Pradesh,Varanasi,10-01-2016,174,261.88,159.87,84.83,63.56,184.74
Uttar Pradesh,Varanasi,21-01-2016,456,62.14,302.17,159.54,94.98,27
Uttar Pradesh,Varanasi,12-02-2016,307,91.04,300.88,179.32,94.63,53.35
Uttar Pradesh,Varanasi,22-02-2016,450,110.13,75.49,27.97,38.75,97.58
Uttar Pradesh,Varanasi,21-03-2016,335,179.48,145.93,131.98,64.6,183.31
Uttar Pradesh,Varanasi,22-03-2016,431,41.37,248.98,103.85,6.94,137.48
Uttar Pradesh,Varanasi,02-04-2016,113,250.95,234.86,49.57,65.13,142.62
Uttar Pradesh,Varanasi,04-04-2016,213,110.06,331.56,132.26,41.49,77.88
Uttar Pradesh,Varanasi,07-05-2016,245,108.69,55.57,192.27,49.49,125.69
Uttar Pradesh,Varanasi,09-06-2016,403,156.79,219.13,158.24,21.07,74.62
Uttar Pradesh,Varanasi,14-06-2016,25,254.39,32.18,1.47,1.48,81.65
Uttar Pradesh,Varanasi,19-06-2016,330,224.42,334.21,152.96,42.93,166.39
Uttar Pradesh,Varanasi,29-06-2016,408,250.6,49.37,68.02,63.44,149.15
Uttar Pradesh,Varanasi,30-06-2016,127,136.24,169.61,160.42,48.06,138.98
Uttar Pradesh,Varanasi,02-07-2016,2,61.76,185.66,135.8,29.02,102.36
Uttar Pradesh,Varanasi,08-07-2016,344,254.3,253.37,36.51,64.33,30.79
Uttar Pradesh,Varanasi,12-07-2016,226,255.42,78.33,168.55,98.48,9.32
Uttar Pradesh,Varanasi,23-07-2016,385,48.33,144.97,93.22,51.2,148.1
Uttar Pradesh,Varanasi,25-07-2016,288,159.9,128.4866667,89.10333333,78.55333333,99.93
Uttar Pradesh,Varanasi,27-07-2016,467,293.83,297.69,144.17,82.34,94.55
Uttar Pradesh,Varanasi,02-08-2016,67,279.92,61.56,120.94,8.06,128.51
Uttar Pradesh,Varanasi,04-08-2016,285,73.22,34.04,177.47,80.36,79.53
Uttar Pradesh,Varanasi,28-08-2016,267,144.23,199.37,16.18,15.35,126.65
Uttar Pradesh,Varanasi,04-09-2016,239,142.32,227.63,50.34,95.18,50.92
Uttar Pradesh,Varanasi,07-09-2016,110,140.29,178.53,87.34,68.08,129.19
Uttar Pradesh,Varanasi,08-09-2016,315,6.995,27.615,40.395,27.5,83.975
Uttar Pradesh,Varanasi,01-10-2016,312,295.02,285.32,47.27,0.73,30.54
Uttar Pradesh,Varanasi,01-11-2016,112,137.21,182.05,111.82,71.64,71.35
Uttar Pradesh,Varanasi,11-11-2016,256,77.03,145.06,96.05,40.27,138.94
Uttar Pradesh,Varanasi,13-11-2016,275,26.2,269.51,113.69,60.87,96.54
Uttar Pradesh,Varanasi,15-11-2016,423,244.2,351.96,81.23,62.67,182.38
Uttar Pradesh,Varanasi,17-11-2016,397,248.85,331.28,121.41,45.33,55.61
Uttar Pradesh,Varanasi,06-12-2016,319,100.16,236.23,23.26,93.12,26.01
Uttar Pradesh,Varanasi,08-12-2016,50,34.87,7.23,175.2,22.16,165.17
Uttar Pradesh,Varanasi,21-12-2016,228,124.57,361.06,174.28,84.83,143.76
Uttar Pradesh,Varanasi,30-12-2016,19.5,74.29,178.82,126.87,37.985,131
Uttar Pradesh,Varanasi,16-01-2017,395,284.87,17.36,113.77,62.9,158.95
Uttar Pradesh,Varanasi,17-01-2017,336,243.51,233.2,106.11,93.2,123.15
Uttar Pradesh,Varanasi,21-01-2017,407.5,141.68,226.42,45.845,63.81,22.16
Uttar Pradesh,Varanasi,22-01-2017,393,31.51,354.97,79.74,58.03,58.8
Uttar Pradesh,Varanasi,24-01-2017,133,15.56,220.04,7.93,0.77,14.54
Uttar Pradesh,Varanasi,01-02-2017,42,163.72,225.315,111.26,64.4,56.57
Uttar Pradesh,Varanasi,02-02-2017,273,121.23,276.57,4.49,98.34,34.08
Uttar Pradesh,Varanasi,03-02-2017,223,104.22,277.05,40.84,44.61,23.51
Uttar Pradesh,Varanasi,25-02-2017,279,46.91,211.35,113.78,53.88,121.33
Uttar Pradesh,Varanasi,02-03-2017,171,115.9,52.1,132.58,52.55,189.74
Uttar Pradesh,Varanasi,12-03-2017,311,152.21,391.65,73.17,9.65,143.58
Uttar Pradesh,Varanasi,24-03-2017,159,209.36,44.85,135.33,78.98,102.24
Uttar Pradesh,Varanasi,06-04-2017,260,71.64,88.58,52.77,43.28,83.75
Uttar Pradesh,Varanasi,07-04-2017,464,273.52,113.16,6.53,47.67,95.4
Uttar Pradesh,Varanasi,13-04-2017,399,245.15,54.33,115.54,31.05,18.66
Uttar Pradesh,Varanasi,19-04-2017,17,11.73,239.91,87.46,50.38,93.26
Uttar Pradesh,Varanasi,04-05-2017,325,51.18,37.39,118.67,95.98,1.68
Uttar Pradesh,Varanasi,22-05-2017,50,131.6,111.12,7.92,66.17,38.06
Uttar Pradesh,Varanasi,23-05-2017,417,28.9,33.23,197.08,17.3,163.77
Uttar Pradesh,Varanasi,31-05-2017,160,288.99,227.31,138.77,98.13,125.33
Uttar Pradesh,Varanasi,02-06-2017,252.67,130.57,309.28,199.84,84.85,137.72
Uttar Pradesh,Varanasi,05-06-2017,15,293.02,9.58,149.98,36.12,112.98
Uttar Pradesh,Varanasi,21-06-2017,5,125.03,180.83,181.76,71.89,46.45
Uttar Pradesh,Varanasi,22-06-2017,84,274.56,38.38,98.5,3.51,93.43
Uttar Pradesh,Varanasi,03-07-2017,227,102.73,129.44,130.34,17.46,60.94
Uttar Pradesh,Varanasi,12-07-2017,414,269.15,199.31,167.25,12.63,15.24
Uttar Pradesh,Varanasi,17-07-2017,214,39.95,319.94,183.18,55.96,52.61
Uttar Pradesh,Varanasi,22-07-2017,213,126.86,270.18,38.31,69.5,170.02
Uttar Pradesh,Varanasi,26-07-2017,207,72.35,28.52,142.4,64.88,188.23
Uttar Pradesh,Varanasi,05-08-2017,83,207.37,61.34,75.19,26.19,37.82
Uttar Pradesh,Varanasi,17-08-2017,357,135.9,60.39,36.84,61.64,79.72
Uttar Pradesh,Varanasi,19-08-2017,27,41.54,201.71,151.38,24.35,196.82
Uttar Pradesh,Varanasi,08-09-2017,500,28.48,44.09,128.4,82.65,146.97
Uttar Pradesh,Varanasi,14-09-2017,437,123.78,128.03,57.81,86.46,172.2
Uttar Pradesh,Varanasi,19-09-2017,189,52.07,111.8,73.61,96.66,44.09
Uttar Pradesh,Varanasi,10-10-2017,397,14.95,115.93,108.4,58.72,20.46
Uttar Pradesh,Varanasi,11-10-2017,222.5,146.995,199.27,120.785,37.29,50.695
Uttar Pradesh,Varanasi,27-10-2017,487,251.05,267.89,66.61,33.4,5.86
Uttar Pradesh,Varanasi,28-10-2017,365,70.55,102.98,43.56,71.36,86.29
Uttar Pradesh,Varanasi,08-11-2017,105,83.06,187.97,83.23,10.27,132.75
Uttar Pradesh,Varanasi,25-11-2017,38,261.05,347.22,78.27,61.72,122.68
Uttar Pradesh,Varanasi,03-12-2017,363,89.365,181.44,134.205,38.94,160.94
Uttar Pradesh,Varanasi,12-12-2017,350.5,68.24,164.46,86.595,69.285,117.02
Uttar Pradesh,Varanasi,14-12-2017,270,112.04,256.79,88.74,22.34,147.61
Uttar Pradesh,Varanasi,18-12-2017,289,40.31,35.19,195,60.14,75.89
Uttar Pradesh,Varanasi,22-12-2017,76,178.29,89.63,174.13,40.98,174.21
Uttar Pradesh,Varanasi,09-01-2018,40,129.86,376.24,162.08,10.23,173.07
Uttar Pradesh,Varanasi,12-01-2018,74,207.76,183.08,184.97,34.36,186.98
Uttar Pradesh,Varanasi,13-01-2018,459,201.25,103.82,147.62,0.15,34.46
Uttar Pradesh,Varanasi,14-01-2018,242,109.69,93.3,106.37,45.77,191.86
Uttar Pradesh,Varanasi,17-01-2018,69,193.81,312.52,40.38,33.15,151.73
Uttar Pradesh,Varanasi,19-01-2018,288,95.35,162.21,109.32,87.62,153.28
Uttar Pradesh,Varanasi,01-02-2018,415,204.63,319.49,130.77,1.16,105.13
Uttar Pradesh,Varanasi,04-02-2018,238,84.26,184.42,190.28,82.23,198.54
Uttar Pradesh,Varanasi,13-02-2018,195,283.85,188.21,190.7,31.92,92.29
Uttar Pradesh,Varanasi,06-03-2018,422,78.97,313.16,41.43,18.07,6.55
Uttar Pradesh,Varanasi,08-03-2018,494,74.46,113.9,65.16,21.06,121.1
Uttar Pradesh,Varanasi,02-04-2018,402,189.95,132.9,89.74,59.12,85.77
Uttar Pradesh,Varanasi,13-04-2018,291,42.57,40.51,175.58,75.89,168.25
Uttar Pradesh,Varanasi,15-04-2018,131,292.7,342.61,195.99,52.69,19.16
Uttar Pradesh,Varanasi,21-04-2018,392,166.81,263.77,22.81,77.12,168.31
Uttar Pradesh,Varanasi,26-04-2018,267,140.68,174.975,78.535,46.655,35.96
Uttar Pradesh,Varanasi,08-05-2018,73,62.88,170.6,180.69,1.99,46.08
Uttar Pradesh,Varanasi,09-05-2018,165,292.1,87.23,57.35,15.06,11.85
Uttar Pradesh,Varanasi,29-05-2018,93,268.09,217.89,52.85,21.85,12.02
Uttar Pradesh,Varanasi,04-06-2018,188,227.61,243.75,199.77,81.58,151.95
Uttar Pradesh,Varanasi,16-06-2018,300,214.83,200.96,133.59,27.01,89.68
Uttar Pradesh,Varanasi,30-07-2018,325,273.36,62.77,105.2,30.38,4.43
Uttar Pradesh,Varanasi,08-08-2018,59,73.36,247.17,177.81,47.48,62.77
Uttar Pradesh,Varanasi,17-09-2018,229,106.3,379.67,125.82,18.87,107.18
Uttar Pradesh,Varanasi,30-09-2018,298,262.04,73.75,152.34,17.96,118.63
Uttar Pradesh,Varanasi,09-10-2018,368,104.36,211.98,107.27,85.59,26.45
Uttar Pradesh,Varanasi,17-10-2018,339,56.98,12.09,5.91,21.95,91.34
Uttar Pradesh,Varanasi,28-10-2018,192,252.62,308.28,47.54,92.14,37.57
Uttar Pradesh,Varanasi,30-10-2018,423,74.55,47.61,7.24,85.47,39.93
Uttar Pradesh,Varanasi,21-11-2018,375,146.26,18.84,196.98,29.4,133.38
Uttar Pradesh,Varanasi,03-12-2018,254,260.39,100.16,71.13,32.11,72.51
Uttar Pradesh,Varanasi,08-12-2018,221,273.21,297.49,100.67,60.33,128.11
Uttar Pradesh,Varanasi,17-12-2018,291,227.63,312.44,175.65,4.39,159.49
Uttar Pradesh,Varanasi,20-12-2018,463,0.97,285.41,11.53,70.07,27.44
Uttar Pradesh,Varanasi,27-12-2018,251,49.91,349.3,163.01,45.31,136.5
Uttar Pradesh,Varanasi,29-12-2018,378,196.04,127.05,71.46,67.4,169.13
Uttar Pradesh,Varanasi,19-01-2019,97,225.76,122.15,11.69,23.79,115.22
Uttar Pradesh,Varanasi,22-01-2019,135,2.14,240.97,116.53,79.07,182.28
Uttar Pradesh,Varanasi,25-01-2019,227,67.65,213.07,179.66,44.95,43.91
Uttar Pradesh,Varanasi,27-01-2019,483,71.55,91.25,71.37,47.12,17.8
Uttar Pradesh,Varanasi,06-02-2019,365,15.98,365.48,112.15,37.12,171.8
Uttar Pradesh,Varanasi,15-02-2019,478,3.42,208.41,49.02,98.87,121.26
Uttar Pradesh,Varanasi,19-02-2019,343,3.34,125.67,110.47,60.13,124.63
Uttar Pradesh,Varanasi,14-03-2019,367,250.73,383.48,14.04,79.63,141.33
Uttar Pradesh,Varanasi,21-03-2019,191,55.97,82.86,32.21,30.14,59.98
Uttar Pradesh,Varanasi,22-03-2019,131,131.02,264.78,64.21,21.96,188.51
Uttar Pradesh,Varanasi,24-03-2019,400,285.31,241.47,126.26,21.77,119.06
Uttar Pradesh,Varanasi,27-04-2019,86,84.09,284.23,81.57,94.36,18.98
Uttar Pradesh,Varanasi,02-05-2019,416,71.83,329.77,199.39,13.24,108.42
Uttar Pradesh,Varanasi,05-05-2019,158,28.27,162.2,186.75,12.74,167.82
Uttar Pradesh,Varanasi,10-05-2019,174,203.28,123.42,61.2,79.59,61.2
Uttar Pradesh,Varanasi,11-05-2019,430,25.22,378.97,139.72,17.93,196.13
Uttar Pradesh,Varanasi,12-05-2019,231,80.99,356.52,17.56,88.06,167.82
Uttar Pradesh,Varanasi,18-05-2019,426,63.01,249.5,86.83,94.85,161.63
Uttar Pradesh,Varanasi,25-05-2019,476,3.95,159.63,8.07,36.8,45.02
Uttar Pradesh,Varanasi,02-06-2019,340,150.63,27.26,87.64,49.2,66.88
Uttar Pradesh,Varanasi,03-06-2019,191,146.58,353.29,172.87,80.99,196.31
Uttar Pradesh,Varanasi,22-06-2019,450,14.79,177.44,112.7,89.24,131.34
Uttar Pradesh,Varanasi,23-06-2019,327,3.85,358.08,189.58,49.22,111.46
Uttar Pradesh,Varanasi,29-06-2019,315,134.84,118.52,45.45,96.85,71.13
Uttar Pradesh,Varanasi,30-06-2019,452,109.16,378.46,130.24,0.7,71.2
Uttar Pradesh,Varanasi,01-07-2019,108,115.87,154.02,20.17,21.4,82.27
Uttar Pradesh,Varanasi,02-07-2019,249,238.94,241.32,196.5,41.52,93.41
Uttar Pradesh,Varanasi,05-08-2019,450,8.74,244.53,7.64,9.74,11.83
Uttar Pradesh,Varanasi,11-08-2019,453,63.57,319.38,34.97,28.15,154.01
Uttar Pradesh,Varanasi,03-09-2019,427,46.5,15.8,5.91,47.23,112.13
Uttar Pradesh,Varanasi,05-09-2019,268,79.71,302.97,25.1,51.8,4.3
Uttar Pradesh,Varanasi,12-09-2019,406,12.03,312.14,109.79,1.44,27.45
Uttar Pradesh,Varanasi,26-09-2019,86,144.42,366.55,18.24,1.44,36.89
Uttar Pradesh,Varanasi,09-10-2019,246,286.91,46.7,119.68,11.01,184.07
Uttar Pradesh,Varanasi,16-10-2019,309,100.88,199.87,90.75,91.93,148.35
Uttar Pradesh,Varanasi,17-10-2019,388,3.89,368.45,162.77,23.13,152.35
Uttar Pradesh,Varanasi,19-10-2019,77,119.37,270.06,47.13,18.46,108.28
Uttar Pradesh,Varanasi,09-12-2019,483,229.24,348.15,192.12,90.73,24.9
Uttar Pradesh,Varanasi,15-01-2020,56,62.51,149.03,105.75,30.03,78.65
Uttar Pradesh,Varanasi,05-02-2020,116,203.38,206.19,62.08,85.47,157.42
Uttar Pradesh,Varanasi,06-02-2020,139,81.16,48.95,175.72,29.09,111.48
Uttar Pradesh,Varanasi,23-02-2020,31,3.54,123.44,21.04,91.4,74.57
Uttar Pradesh,Varanasi,26-02-2020,293,45.68,182.09,60.65,60.65,94.56
Uttar Pradesh,Varanasi,03-03-2020,252,117.83,45.16,75.61,66.29,26.36
Uttar Pradesh,Varanasi,02-04-2020,217,250.62,284.1,50.65,69.47,125.39
Uttar Pradesh,Varanasi,07-04-2020,91,59.75,311.85,138.02,21.15,53.71
Uttar Pradesh,Varanasi,09-04-2020,469,140.42,34.92,19.69,21.81,8.93
Uttar Pradesh,Varanasi,27-04-2020,117,134.26,242.44,15.57,70.69,89.27
Uttar Pradesh,Varanasi,29-04-2020,145,37.52,148.48,168.93,74.21,136.69
Uttar Pradesh,Varanasi,05-05-2020,271,90.79,91.92,106.38,76.19,15.57
Uttar Pradesh,Varanasi,06-05-2020,124.5,153.03,262.295,50.825,35.315,119.95
Uttar Pradesh,Varanasi,22-05-2020,223,136.13,304.9,22.625,77.885,112.985
Uttar Pradesh,Varanasi,24-05-2020,283,78.25,315.58,130.69,42,78.55
Uttar Pradesh,Varanasi,31-05-2020,187,169.31,100.78,49.8,8.01,40.1
Uttar Pradesh,Varanasi,02-06-2020,80,67.9,14.78,53.84,24.55,39.36
Uttar Pradesh,Varanasi,12-06-2020,305.5,154.7,179.075,159.865,40.83,74.945
Uttar Pradesh,Varanasi,19-06-2020,433,147.82,272.61,106.65,15.08,183.82
Uttar Pradesh,Varanasi,02-07-2020,272,216.3,135.48,144.05,6.95,197.97
Uttar Pradesh,Varanasi,06-07-2020,252.67,102.43,171.63,112.91,73.85,78.1
Uttar Pradesh,Varanasi,17-07-2020,151,66.93,147.69,78.85,14.86,143.85
Uttar Pradesh,Varanasi,20-07-2020,398,31.06,65.95,13.69,70.26,69.07
Uttar Pradesh,Varanasi,27-07-2020,353,196.61,35.68,151.04,20.29,189.72
Uttar Pradesh,Varanasi,07-08-2020,274,197.61,212.21,66.3,69.13,29.57
Uttar Pradesh,Varanasi,09-08-2020,438,155.38,8.05,37.87,69.1,67.37
Uttar Pradesh,Varanasi,11-08-2020,419,67.36,170.64,192.63,65.8,32.31
Uttar Pradesh,Varanasi,22-08-2020,351,177.83,85.19,45.9,69.66,55.32
Uttar Pradesh,Varanasi,24-08-2020,36,218.07,344.44,160.16,32.67,186.9
Uttar Pradesh,Varanasi,26-08-2020,323,33.51,302.92,107.58,11.3,84.35
Uttar Pradesh,Varanasi,04-09-2020,357,216.9,337.14,25.55,89.81,5.87
Uttar Pradesh,Varanasi,09-09-2020,320,72.54,355.07,199.14,36.55,131.7
Uttar Pradesh,Varanasi,12-09-2020,269,5.33,396.08,150.56,96.74,104.42
Uttar Pradesh,Varanasi,19-09-2020,142,25.59,367.25,9.07,10.42,155.2
Uttar Pradesh,Varanasi,04-10-2020,138,185.71,330.17,84.23,13.89,145.4
Uttar Pradesh,Varanasi,08-10-2020,478.5,86.065,210.255,59.715,56.77,156.25
Uttar Pradesh,Varanasi,22-10-2020,3,246.73,231.01,182.43,27.88,17.04
Uttar Pradesh,Varanasi,05-11-2020,291,282.27,395.89,45.68,55.76,151.68
Uttar Pradesh,Varanasi,24-11-2020,414,53.43,376.12,140.2,47.03,127.89
Uttar Pradesh,Varanasi,01-12-2020,239,58.61,50.19,16.03,6.51,191.14
Uttar Pradesh,Varanasi,02-12-2020,237,83.55,32.23,17.45,12.32,173.13
Uttar Pradesh,Varanasi,08-12-2020,388,89.86,373,19.87,42.35,179.03
Uttar Pradesh,Varanasi,12-12-2020,252.67,136.48,287.83,123.09,78.3,171.77
Uttar Pradesh,Varanasi,13-12-2020,263,94.8,182.44,194.13,89.11,135.02
Uttar Pradesh,Varanasi,18-12-2020,495,15.1,222.62,79.7,80.86,69.92
Uttar Pradesh,Varanasi,22-12-2020,425,187.85,387.72,133.52,79.44,96.79
Uttar Pradesh,Varanasi,04-01-2021,211,220.88,395.24,42.61,60.5,192.23
Uttar Pradesh,Varanasi,07-01-2021,317,235.395,217.445,81.3,21.985,45.025
Uttar Pradesh,Varanasi,09-01-2021,29,111.76,380.81,147.51,10.73,93.34
Uttar Pradesh,Varanasi,12-01-2021,469,154.36,172.08,49.33,71.19,7.64
Uttar Pradesh,Varanasi,15-01-2021,359,148.74,22.92,160.16,47.77,161.67
Uttar Pradesh,Varanasi,06-02-2021,116,260.07,131.64,197.08,64.11,170.35
Uttar Pradesh,Varanasi,09-02-2021,359,201.91,275.45,58.93,60.29,18.78
Uttar Pradesh,Varanasi,12-02-2021,407,259.31,208.73,152.66,95.23,27.85
Uttar Pradesh,Varanasi,17-02-2021,84,23.28,225.65,66.94,97.45,23.63
Uttar Pradesh,Varanasi,21-02-2021,126,114.68,286.49,159.02,30.02,157.06
Uttar Pradesh,Varanasi,24-02-2021,19,54.58,78.2,144.47,24.2,92.84
Uttar Pradesh,Varanasi,28-02-2021,187,107.71,294.89,138.05,13.2,51.72
Uttar Pradesh,Varanasi,06-03-2021,191,150.45,297.63,27.12,3.98,1.1
Uttar Pradesh,Varanasi,17-03-2021,432,50.31,242.59,110.79,52.53,153.2
Uttar Pradesh,Varanasi,18-03-2021,115,198.12,148.43,65,56.07,143.82
Uttar Pradesh,Varanasi,22-03-2021,442,280.7,51.06,160.22,89.59,133.79
Uttar Pradesh,Varanasi,30-03-2021,33,222.24,69.56,120.95,38.45,188.47
Uttar Pradesh,Varanasi,08-04-2021,83,186.05,156.74,104.79,48.73,161.57
Uttar Pradesh,Varanasi,11-04-2021,163,5.43,147.04,195.79,67.54,141.53
Uttar Pradesh,Varanasi,16-04-2021,277,107.38,311.43,24.89,20.26,185.86
Uttar Pradesh,Varanasi,20-04-2021,8,39.92,0.65,93.28,16.28,48.63
Uttar Pradesh,Varanasi,21-04-2021,461,295.52,45.89,4.26,65.69,161.88
Uttar Pradesh,Varanasi,01-05-2021,458,8.19,7.05,26.09,21.5,42.63
Uttar Pradesh,Varanasi,08-05-2021,321,134.07,0.51,73.69,79.85,133.12
Uttar Pradesh,Varanasi,22-05-2021,21,233.18,13.41,74.89,95.73,117.41
Uttar Pradesh,Varanasi,07-06-2021,145,139,356.23,101.84,87.11,87.89
Uttar Pradesh,Varanasi,15-06-2021,42,48.28,133.8,98.8,75.49,22.84
Uttar Pradesh,Varanasi,18-06-2021,157,244.45,20.3,184.12,56.5,60.3
Uttar Pradesh,Varanasi,30-06-2021,343,180.48,177.97,9.16,85.82,121.06
Uttar Pradesh,Varanasi,01-07-2021,81,64.99,42.92,76.91,18.68,103.09
Uttar Pradesh,Varanasi,07-07-2021,376,297.75,349.47,168.24,15.12,113.74
Uttar Pradesh,Varanasi,10-07-2021,182,57.84,217.02,160.28,24.35,32.87
Uttar Pradesh,Varanasi,19-07-2021,392,106.32,229.06,62.09,5.33,14.28
Uttar Pradesh,Varanasi,21-07-2021,199,121.01,249.66,41.96,41.26,120.31
Uttar Pradesh,Varanasi,05-08-2021,194.5,243.3,138.485,123.105,49.235,98.795
Uttar Pradesh,Varanasi,14-08-2021,285,139.99,337.82,108.26,54.22,133.52
Uttar Pradesh,Varanasi,28-08-2021,80,128.195,137.63,124.69,81.685,123.25
Uttar Pradesh,Varanasi,06-09-2021,399,157.97,247.57,138.48,58.475,80.885
Uttar Pradesh,Varanasi,26-09-2021,267,46.87,11,33.95,77.83,77.6
Uttar Pradesh,Varanasi,28-09-2021,481,114.55,211.73,62.11,7.78,27.48
Uttar Pradesh,Varanasi,17-10-2021,120,192.88,240.87,189.18,42.41,198.16
Uttar Pradesh,Varanasi,19-10-2021,224,210.42,76.17,198.39,55.14,195.72
Uttar Pradesh,Varanasi,20-10-2021,470,10.02,84.92,82.36,35.39,196.46
Uttar Pradesh,Varanasi,09-11-2021,167,95.64,54.16,31.05,62.17,33.92
Uttar Pradesh,Varanasi,13-11-2021,230,229.89,143.25,125.93,20.89,53.26
Uttar Pradesh,Varanasi,14-11-2021,445,84.37,149.63,62.13,7.19,10.28
Uttar Pradesh,Varanasi,15-11-2021,407,69.86,78.09,26.87,37.09,138.05
Uttar Pradesh,Varanasi,18-11-2021,134,90.01,1.46,100.62,53.62,189.26
Uttar Pradesh,Varanasi,24-11-2021,136,294.07,344.97,1.92,4.65,28.03
Uttar Pradesh,Varanasi,30-11-2021,314,144.63,63.69,35.53,20.35,174.77
Uttar Pradesh,Varanasi,02-12-2021,422,142.63,296.87,145.53,40.05,173.13
Uttar Pradesh,Varanasi,04-12-2021,287,137.14,187.21,35.84,12.89,127.15
Uttar Pradesh,Varanasi,08-12-2021,430,83,263.24,116.62,64.25,102.52
Uttar Pradesh,Varanasi,10-12-2021,291,136.03,223.61,197.53,6.66,6.41
Uttar Pradesh,Varanasi,01-01-2022,462,58.84,136.44,172.37,96.88,48.41
Uttar Pradesh,Varanasi,05-01-2022,273,87.91,133.85,141.95,33,115.21
Uttar Pradesh,Varanasi,12-02-2022,29,98.2,264.85,88.01,7.52,118.37
Uttar Pradesh,Varanasi,13-02-2022,194,1.12,82.11,153.44,54,32.59
Uttar Pradesh,Varanasi,22-02-2022,99,273.5,273.98,75.47,88.65,94
Uttar Pradesh,Varanasi,05-04-2022,429,225.14,182.72,15.03,72.12,173.28
Uttar Pradesh,Varanasi,07-04-2022,219,117.93,281.27,33.95,49.82,45.01
Uttar Pradesh,Varanasi,08-04-2022,209,93.68,144,13.685,35.81,44.955
Uttar Pradesh,Varanasi,30-04-2022,469,111.975,282.025,105.415,30.225,168.245
Uttar Pradesh,Varanasi,02-05-2022,313,150.43,76.91,107.26,17.09,121.34
Uttar Pradesh,Varanasi,04-05-2022,255,183.9,258.9,148.37,19.06,177.02
Uttar Pradesh,Varanasi,21-05-2022,302,216.36,184.51,30.18,72.09,89.75
Uttar Pradesh,Varanasi,22-05-2022,363,132.03,396.6,65.07,19.48,38.61
Uttar Pradesh,Varanasi,23-05-2022,268,283.36,51.85,31.44,36.43,77.88
Uttar Pradesh,Varanasi,31-05-2022,164,192.58,395.13,15.34,49.61,174.91
Uttar Pradesh,Varanasi,01-06-2022,305,118.54,58.62,69.94,99.54,31.76
Uttar Pradesh,Varanasi,06-06-2022,497,282.42,219.91,15.55,68.5,83.08
Uttar Pradesh,Varanasi,13-06-2022,450,185.71,284.4,180.52,69.57,152.58
Uttar Pradesh,Varanasi,24-06-2022,44,257.49,190.05,196.34,28.21,75.76
Uttar Pradesh,Varanasi,15-07-2022,440.5,154.425,160.59,124.785,12.055,66.04
Uttar Pradesh,Varanasi,06-08-2022,244,42.92,59.55,193.81,15.99,121.47
Uttar Pradesh,Varanasi,13-08-2022,180,120.72,363.44,193.17,22.87,193.73
Uttar Pradesh,Varanasi,20-08-2022,324,72.02,188.29,105.58,89.37,107.13
Uttar Pradesh,Varanasi,01-09-2022,4,14.18,266.84,194.58,72.96,57.3
Uttar Pradesh,Varanasi,08-09-2022,450,168.34,118.39,189.42,81.37,174.34
Uttar Pradesh,Varanasi,07-10-2022,398,51.26,365.85,88.27,82.57,67.87
Uttar Pradesh,Varanasi,19-10-2022,105,276.67,150.77,139.04,43.56,185.48
Uttar Pradesh,Varanasi,23-10-2022,406,242.9,225.85,161.42,89.37,24.44
Uttar Pradesh,Varanasi,05-11-2022,402,111.69,81.56,51.62,24.65,127.38
Uttar Pradesh,Varanasi,15-11-2022,450,154.53,20.31,58.05,41.73,41.06
Uttar Pradesh,Varanasi,20-11-2022,190.5,228.615,241.3,155.415,71.59,47.585
Uttar Pradesh,Varanasi,05-12-2022,285,127.23,17.63,83.09,55.01,148.12
Uttar Pradesh,Varanasi,18-12-2022,386,84.88,46.12,147.9,86.74,62.58
Uttar Pradesh,Varanasi,27-12-2022,409,1.39,63.6,117.27,77.62,66.71
West Bengal,Durgapur,01-01-2015,396,26.21,354.97,112.04,37.29,4.65
West Bengal,Durgapur,05-01-2015,144.5,141.11,219.75,135.31,26.225,140.445
West Bengal,Durgapur,14-01-2015,227,172.28,395.62,131.21,28.22,59.78
West Bengal,Durgapur,16-01-2015,36,75.8,337.93,56.48,50.07,0.31
West Bengal,Durgapur,17-01-2015,300,78.25,391.59,173.28,30.94,89.8
West Bengal,Durgapur,21-01-2015,128,129.34,87.35,76.99,7.36,41.42
West Bengal,Durgapur,27-01-2015,245,102.8,338.27,123.05,57.99,179.25
West Bengal,Durgapur,05-02-2015,376,202.28,58.84,134.59,74.61,142.42
West Bengal,Durgapur,27-02-2015,6,72.09,207.11,90.28,45.16,4.75
West Bengal,Durgapur,04-03-2015,205,48.59,186.06,6.27,64.17,196.9
West Bengal,Durgapur,08-03-2015,36,14.58,318.31,102.67,39.7,87.3
West Bengal,Durgapur,12-03-2015,92,71.58,20.5,170.2,47.79,164.29
West Bengal,Durgapur,21-03-2015,360,93.83,365.64,2.22,37.06,53.41
West Bengal,Durgapur,24-03-2015,397,221.54,17.97,16.11,56.99,30.2
West Bengal,Durgapur,26-03-2015,126,257.44,16.49,43.78,57.32,123.09
West Bengal,Durgapur,27-03-2015,225,35.78,221.67,144.02,44.19,13.52
West Bengal,Durgapur,09-04-2015,220,263.88,354.6,28.07,71.41,90.82
West Bengal,Durgapur,13-04-2015,344,147.96,161.94,76.37,81.53,117.32
West Bengal,Durgapur,17-04-2015,186,280.76,133.35,52.36,38.16,190.77
West Bengal,Durgapur,22-04-2015,11.5,49.915,68.64,179.21,39.695,37.61
West Bengal,Durgapur,25-04-2015,25,6.08,195.01,78.28,57.78,170.83
West Bengal,Durgapur,30-04-2015,343,15.88,364.79,82.92,61.38,26.36
West Bengal,Durgapur,01-05-2015,326,243.77,361.4,154.57,13.12,175.51
West Bengal,Durgapur,21-05-2015,46,201.63,339.15,152.45,92.24,15.82
West Bengal,Durgapur,04-06-2015,459,140.5,58.56,102.57,89.98,120.28
West Bengal,Durgapur,08-06-2015,358,104.8,198.66,101.32,91.93,166.69
West Bengal,Durgapur,26-07-2015,245,98.18,341.53,128.68,9.78,163.6
West Bengal,Durgapur,19-08-2015,500,212.41,249.89,171.36,40.34,2.19
West Bengal,Durgapur,24-08-2015,60,174.49,397.12,94.43,61.07,97.34
West Bengal,Durgapur,01-09-2015,135,224.88,198.8,139.43,7.32,88.06
West Bengal,Durgapur,12-09-2015,103,191.31,184.57,2.34,59.92,37.62
West Bengal,Durgapur,18-09-2015,417,211.69,173.12,157.18,27.57,73.83
West Bengal,Durgapur,28-09-2015,211,32.14,94.61,157.28,12.73,128
West Bengal,Durgapur,11-10-2015,250,134.17,143.69,80.37,84.78,189.81
West Bengal,Durgapur,18-10-2015,376,285.02,138.87,66.77,61.01,54.95
West Bengal,Durgapur,06-11-2015,261,190.98,152.57,39.9,66.69,52.57
West Bengal,Durgapur,26-11-2015,247,156,74.08,77.81,70.8,182.72
West Bengal,Durgapur,03-12-2015,259,70.36,357.23,182.26,46.72,179.05
West Bengal,Durgapur,15-12-2015,312,107.46,12.17,64.46,45.09,64.19
West Bengal,Durgapur,18-12-2015,52,114.11,44.04,102.39,42.77,141.4
West Bengal,Durgapur,22-12-2015,99,83.34,281.75,170.98,83.03,95.64
West Bengal,Durgapur,23-12-2015,199,48.6,128.18,8.31,78.5,171.52
West Bengal,Durgapur,25-12-2015,378,169.91,303.21,17.73,58.98,136.65
West Bengal,Durgapur,08-01-2016,194,227.41,155.2,106.68,71.95,45.19
West Bengal,Durgapur,09-01-2016,308.5,37.595,348.47,122.325,74.825,99.625
West Bengal,Durgapur,13-01-2016,103,78.61,204.74,67.43,24.6,98.2
West Bengal,Durgapur,04-02-2016,393,288.7,182.16,67.57,78.43,168.1
West Bengal,Durgapur,05-02-2016,491,104.31,217.86,13.53,28.84,85.05
West Bengal,Durgapur,06-03-2016,60,210.2,86.36,139.41,94.91,49.81
West Bengal,Durgapur,07-03-2016,432,174.61,134.11,91.7,13.99,50.72
West Bengal,Durgapur,10-03-2016,90,206.85,74.13,52.57,71.92,188.39
West Bengal,Durgapur,11-03-2016,106,251.11,23.36,13.25,33.81,111.02
West Bengal,Durgapur,28-03-2016,449,70.99,191.83,48.94,54.79,48.83
West Bengal,Durgapur,12-04-2016,72,264.5,86.43,177.03,40.69,162.63
West Bengal,Durgapur,17-04-2016,416,271.19,37.05,52.61,84.71,93.48
West Bengal,Durgapur,19-04-2016,347,140.11,225.1,103.38,67.22,137.75
West Bengal,Durgapur,23-05-2016,296,19.21,1.7,142.48,74.79,71.58
West Bengal,Durgapur,11-06-2016,118,236.2,303.13,89.48,42.21,51.51
West Bengal,Durgapur,17-06-2016,241,290.89,376.55,161.39,51.17,30.25
West Bengal,Durgapur,19-06-2016,314,162.47,93.34,121.96,91.18,50.53
West Bengal,Durgapur,27-06-2016,230,233.85,354.77,135.36,64.66,88.75
West Bengal,Durgapur,03-07-2016,75,248.69,98.32,184.27,25.37,101.14
West Bengal,Durgapur,06-07-2016,427,26.06,395.87,135.16,8.84,74.06
West Bengal,Durgapur,14-07-2016,305,67.63,350.2,167.97,19.45,5.77
West Bengal,Durgapur,26-08-2016,450,112.23,123.53,97.99,38.79,172.73
West Bengal,Durgapur,03-09-2016,211,85.68,26.88,36.13,80.84,145.94
West Bengal,Durgapur,06-09-2016,384,266.28,362.01,50.7,77.52,80.36
West Bengal,Durgapur,08-09-2016,264,133.74,277.84,123.38,91.26,89.41
West Bengal,Durgapur,12-09-2016,183,128.81,125.41,71.23,10.68,10.24
West Bengal,Durgapur,01-10-2016,88,225.025,380.77,109.55,56.55,56.465
West Bengal,Durgapur,02-10-2016,119,38.7,95.36,42.69,11.3,51.77
West Bengal,Durgapur,03-10-2016,333,236.63,279.28,112.81,19.73,0.42
West Bengal,Durgapur,27-10-2016,119,273.54,295.12,156.09,0.24,148.53
West Bengal,Durgapur,30-10-2016,350,88.63,237.7,185.7,15.27,60.2
West Bengal,Durgapur,09-11-2016,259,206.46,121.23,106.12,94.11,197.15
West Bengal,Durgapur,18-11-2016,174,153.45,278.08,72.74,2.35,144.84
West Bengal,Durgapur,19-11-2016,473,240.59,287.61,40.26,56.34,188.8
West Bengal,Durgapur,01-12-2016,341,82.55,119.61,132.85,22.28,79.63
West Bengal,Durgapur,26-12-2016,208,203.96,294.14,82.99,60.32,60.83
West Bengal,Durgapur,29-12-2016,301,175.86,337.99,18.69,12.46,153.39
West Bengal,Durgapur,30-12-2016,161,31.47,309.76,71.62,24.17,185.33
West Bengal,Durgapur,31-12-2016,479,234.41,61.12,70.5,63.42,6.45
West Bengal,Durgapur,05-01-2017,305,121.43,33.15,151.92,99.22,157.12
West Bengal,Durgapur,09-01-2017,190,3.3,97.88,126.77,86.12,186.07
West Bengal,Durgapur,14-01-2017,327,252.47,178.26,194.6,63.59,129.42
West Bengal,Durgapur,17-02-2017,407,30.34,87.45,19.96,31.02,199.61
West Bengal,Durgapur,25-02-2017,123,171.08,298.74,58.53,50.1,192.39
West Bengal,Durgapur,27-02-2017,148,169.12,388.22,18.48,71.86,76.37
West Bengal,Durgapur,07-03-2017,425,229.14,235.22,13.21,74,57.51
West Bengal,Durgapur,10-03-2017,202,229.11,374.33,151.29,55.34,177.91
West Bengal,Durgapur,13-03-2017,409,23.77,140.14,56.94,36.71,143.79
West Bengal,Durgapur,17-03-2017,196,254.14,231.05,144.56,60.34,43.23
West Bengal,Durgapur,08-04-2017,166.5,144.07,58.325,115.855,74.595,192.93
West Bengal,Durgapur,18-04-2017,113,296.4,71.46,194.64,28.51,113.54
West Bengal,Durgapur,01-05-2017,200,5.35,135.45,127.33,7.76,120.53
West Bengal,Durgapur,15-05-2017,500,106.54,237.64,37.11,35.69,154.65
West Bengal,Durgapur,02-06-2017,488,287.9,334.39,172.9,29.65,191.56
West Bengal,Durgapur,03-06-2017,313,122.73,262.94,86.95,16.24,70.68
West Bengal,Durgapur,14-06-2017,374,18.6,299.96,124.85,33.41,156.19
West Bengal,Durgapur,03-07-2017,11,84.87,5.82,181.83,91.99,60.71
West Bengal,Durgapur,08-07-2017,252.5,118.255,362.995,145.89,56.185,118.775
West Bengal,Durgapur,22-07-2017,89,262.46,289.88,99.63,84.81,53.67
West Bengal,Durgapur,27-07-2017,251,150.57,334.755,60.425,14.275,113.075
West Bengal,Durgapur,12-08-2017,418,102.41,107.06,127.59,19.57,143.49
West Bengal,Durgapur,15-08-2017,380,101.44,346.4,197.7,76.28,37.49
West Bengal,Durgapur,20-08-2017,155,294.16,286.61,17,77.27,44.01
West Bengal,Durgapur,03-09-2017,74,264.51,378.16,148.82,87.18,64.89
West Bengal,Durgapur,15-09-2017,450,221.82,145.42,6.05,98.04,9.65
West Bengal,Durgapur,08-10-2017,299,224.59,215.46,6.81,61.81,88.05
West Bengal,Durgapur,17-10-2017,115,246.57,382.11,125.59,36.24,34.5
West Bengal,Durgapur,27-10-2017,133,78.6,68.8,160.42,66.64,174.18
West Bengal,Durgapur,03-11-2017,13,136.19,366.43,47.73,13.84,11.05
West Bengal,Durgapur,10-11-2017,128,267.35,321.84,115.41,49.76,89.04
West Bengal,Durgapur,23-11-2017,406,250.78,261.21,167.23,13.15,88.97
West Bengal,Durgapur,27-11-2017,6,104.19,393.26,64.29,0.05,105.66
West Bengal,Durgapur,02-12-2017,185.5,67.265,178.675,96.61,78.965,57.62
West Bengal,Durgapur,03-12-2017,26,145.14,235.99,118.8,6.46,7.44
West Bengal,Durgapur,11-12-2017,269,252.28,257.48,188.06,81.76,126.23
West Bengal,Durgapur,22-12-2017,465,149.44,184.28,30.39,40.05,23.68
West Bengal,Durgapur,30-12-2017,308,159.32,248.75,130.17,78.1,186.03
West Bengal,Durgapur,31-12-2017,149,290.27,99.07,88.3,78.06,186.59
West Bengal,Durgapur,05-01-2018,471,133.88,112.98,27.22,81.08,194.89
West Bengal,Durgapur,07-01-2018,87,80.6,358.69,162.79,3.1,42.24
West Bengal,Durgapur,12-01-2018,204,155.77,34.43,80.14,68.85,56.5
West Bengal,Durgapur,29-01-2018,454,53.48,289.82,199.91,97.42,54.82
West Bengal,Durgapur,30-01-2018,430,139.59,393.33,69.32,98.67,198.41
West Bengal,Durgapur,10-02-2018,463,77.06,341.15,95.87,22.27,109.64
West Bengal,Durgapur,01-03-2018,55,127.33,121.07,150.52,90.67,191.83
West Bengal,Durgapur,29-03-2018,176,260.81,49.54,95.15,37.19,9.76
West Bengal,Durgapur,30-03-2018,468,128.56,308.38,141.93,36.73,39.19
West Bengal,Durgapur,15-04-2018,182,280.18,101.4,153.46,34,89.05
West Bengal,Durgapur,08-05-2018,89,218.85,362.55,148.88,58.39,193.67
West Bengal,Durgapur,22-05-2018,485,264.12,40.16,54.66,2.82,175.54
West Bengal,Durgapur,09-06-2018,224,52.77,331.36,11.95,91.74,55.24
West Bengal,Durgapur,12-06-2018,192,155.9,302.72,27.76,5.45,158.29
West Bengal,Durgapur,13-06-2018,182,175.02,163.51,22.44,88.22,47.17
West Bengal,Durgapur,02-07-2018,366,119.1,146.56,131.36,90.56,192.83
West Bengal,Durgapur,04-07-2018,331,30.92,59.24,194.07,54.9,76.01
West Bengal,Durgapur,11-07-2018,308,277.11,109.98,96.09,0.46,136.27
West Bengal,Durgapur,21-08-2018,417,265.19,324.14,97.17,14.82,21.85
West Bengal,Durgapur,03-09-2018,438,141.93,280.65,158.57,57.74,158.8
West Bengal,Durgapur,07-09-2018,475,176.71,389.87,11.74,73.09,195.87
West Bengal,Durgapur,09-09-2018,458,232.54,139.96,178.19,12.37,18.92
West Bengal,Durgapur,30-10-2018,254,139.56,133.71,131.79,5,104.98
West Bengal,Durgapur,03-11-2018,2,284.45,213.69,157.73,23.62,51.45
West Bengal,Durgapur,15-11-2018,160,24.44,224.09,164.81,54.68,52.34
West Bengal,Durgapur,16-11-2018,212,285.92,243.53,27.34,84.46,142.72
West Bengal,Durgapur,21-11-2018,314,185.52,56.23,107.43,49.22,158.05
West Bengal,Durgapur,22-11-2018,112,156.05,288.38,99.65,93.62,147.88
West Bengal,Durgapur,24-11-2018,156,56.67,316.69,158.43,95.24,44.61
West Bengal,Durgapur,27-11-2018,466,180.99,63.16,20.23,21.16,199.47
West Bengal,Durgapur,30-11-2018,325,73.93,166.29,15.77,81.98,24.86
West Bengal,Durgapur,02-12-2018,438,154.05,39.23,75.58,71.19,103.61
West Bengal,Durgapur,07-12-2018,434,132.62,77.71,126.89,61.24,193.69
West Bengal,Durgapur,09-12-2018,102,136.52,223.74,184.45,93.96,27.99
West Bengal,Durgapur,30-01-2019,227,292.11,87.43,33.71,3.68,158.72
West Bengal,Durgapur,27-02-2019,302,191.82,192.06,82.7,73.77,5.09
West Bengal,Durgapur,09-04-2019,444,121.69,382.35,88.59,92.4,67.49
West Bengal,Durgapur,17-04-2019,142,62.47,199.81,124.705,75.67,120.09
West Bengal,Durgapur,30-04-2019,483,22.31,101.99,21.16,21.83,114.66
West Bengal,Durgapur,08-05-2019,123,23,90.07,42.96,5.61,79.37
West Bengal,Durgapur,13-05-2019,213,68.45,303.52,25.58,39.44,92.2
West Bengal,Durgapur,15-05-2019,224,14.085,209.86,119.375,66.55,108.44
West Bengal,Durgapur,28-05-2019,147,283.77,183.02,6.59,74.07,168.4
West Bengal,Durgapur,01-06-2019,72,23.46,22.81,77.04,84.71,61.42
West Bengal,Durgapur,06-06-2019,457,156.52,214.08,86.02,65.82,156.54
West Bengal,Durgapur,24-06-2019,235,157.76,160.37,121.5,43.5,5.07
West Bengal,Durgapur,28-06-2019,259,120.31,209.13,164.59,9.27,59.19
West Bengal,Durgapur,30-06-2019,170,237.42,137.4,178.55,26.88,160.53
West Bengal,Durgapur,17-07-2019,36,31.27,76.66,178.85,86.62,70.37
West Bengal,Durgapur,20-07-2019,203,55.45,244.98,96.85,87.06,63.84
West Bengal,Durgapur,21-07-2019,444,97.06,305.55,158.98,39.45,61.71
West Bengal,Durgapur,23-07-2019,457,5.36,12.41,195,72.49,57.5
West Bengal,Durgapur,01-08-2019,25,187.18,134.43,139.27,41.83,19.59
West Bengal,Durgapur,09-08-2019,25,96.86,83.27,61.57,53.4,88.63
West Bengal,Durgapur,14-09-2019,124,211.9,63.61,58.8,40.35,174.09
West Bengal,Durgapur,16-09-2019,196,253.48,259.81,124.23,7.72,88.81
West Bengal,Durgapur,20-09-2019,233,135.03,298.69,41.05,62.62,142.58
West Bengal,Durgapur,27-09-2019,143,240.62,390.62,148.37,28.99,13.21
West Bengal,Durgapur,01-10-2019,200,76.22,379.2,116.4,10.96,55.85
West Bengal,Durgapur,08-10-2019,209,3.15,60.66,167.82,17.19,91.97
West Bengal,Durgapur,17-10-2019,395,104.63,344.65,91.59,65.76,185.62
West Bengal,Durgapur,16-11-2019,381,161.16,32.19,141.69,60.85,129.06
West Bengal,Durgapur,19-11-2019,63,218.31,67.45,79.99,65.59,148.63
West Bengal,Durgapur,27-11-2019,177,174.4,22.79,91.54,66.76,145.03
West Bengal,Durgapur,07-12-2019,16,45.59,208.91,74.31,66.61,95.24
West Bengal,Durgapur,14-12-2019,40,141.555,249.095,109.495,26.79,33.165
West Bengal,Durgapur,04-01-2020,444,169.42,326.56,105.24,64.19,117.08
West Bengal,Durgapur,12-01-2020,41,235.03,187.06,159.08,23.67,44.12
West Bengal,Durgapur,19-01-2020,166,264.2,156.83,167.64,15.67,68.17
West Bengal,Durgapur,23-01-2020,106,222.18,306.33,187.92,80.86,56.14
West Bengal,Durgapur,08-02-2020,15,6.67,152.61,1,57.42,76.45
West Bengal,Durgapur,21-02-2020,118,99.88,132.08,93.94,74.89,199.56
West Bengal,Durgapur,27-02-2020,441,38.38,127.79,110.06,66.82,157.95
West Bengal,Durgapur,11-03-2020,134,239.54,304.93,105.7,34.26,185.77
West Bengal,Durgapur,08-04-2020,164,120.9,62.09,91.42,90.1,56.58
West Bengal,Durgapur,14-05-2020,353,296.26,80.61,37.06,0.2,84.79
West Bengal,Durgapur,26-05-2020,93,44.04,273.36,56.67,63,5
West Bengal,Durgapur,30-05-2020,457,191.46,316.56,11.52,7.79,2.51
West Bengal,Durgapur,07-07-2020,246,186.035,141.02,179.96,23.325,75.71
West Bengal,Durgapur,23-07-2020,110,162.36,214.85,70.53,14.47,169.69
West Bengal,Durgapur,31-07-2020,65,188.61,102.93,177.38,3.12,61.54
West Bengal,Durgapur,01-08-2020,472,126.1,36.63,133.74,55.53,131.45
West Bengal,Durgapur,05-08-2020,162,176.61,82.9,154.93,77.17,42.35
West Bengal,Durgapur,09-08-2020,136,10.62,207.39,169.14,1.86,86.15
West Bengal,Durgapur,29-08-2020,75,92.16,73.34,8.35,25.17,147.64
West Bengal,Durgapur,03-09-2020,243,258.13,340.82,62.41,19.95,162.4
West Bengal,Durgapur,11-10-2020,258.5,169.74,101.665,101.87,33.885,118.88
West Bengal,Durgapur,14-10-2020,408,204.76,88.09,158.56,37.44,56.86
West Bengal,Durgapur,15-10-2020,432,168.15,327.21,187.95,62.1,84.02
West Bengal,Durgapur,20-10-2020,215,138.18,300.51,137.17,40.23,144.5
West Bengal,Durgapur,01-11-2020,460,67.31,354.43,170.69,95.08,101.56
West Bengal,Durgapur,04-11-2020,276,131.71,92.46,119.68,41.66,143.12
West Bengal,Durgapur,06-11-2020,316,56.18,33.03,161.83,84.75,5.28
West Bengal,Durgapur,15-11-2020,212.5,229.725,47.68,79.2,76.485,117.38
West Bengal,Durgapur,18-11-2020,316,17.55,147,179.44,18.79,93.02
West Bengal,Durgapur,01-12-2020,415,50.47,178.59,157.64,27.36,171.54
West Bengal,Durgapur,16-12-2020,194,3.46,62.6,61.9,80.72,17.71
West Bengal,Durgapur,28-12-2020,29,241.66,86.57,155.49,15.16,141.99
West Bengal,Durgapur,05-01-2021,137,141.52,286.8,135.13,75.13,37.92
West Bengal,Durgapur,23-01-2021,476,210.03,234.03,27.34,82.31,18.3
West Bengal,Durgapur,24-01-2021,499,149.74,121.47,42.37,4.32,171.65
West Bengal,Durgapur,29-01-2021,192,6.96,100.17,187.33,41.69,20.57
West Bengal,Durgapur,31-01-2021,267,120.81,325.06,26.21,53.59,22.83
West Bengal,Durgapur,02-02-2021,299,119.19,24.89,78.26,10.64,146.7
West Bengal,Durgapur,04-03-2021,385,168.22,312.44,36.14,77.41,156.69
West Bengal,Durgapur,15-03-2021,70,258.71,174.15,188.63,63.78,143.07
West Bengal,Durgapur,23-03-2021,229,195.85,271.75,196.79,6.41,22.14
West Bengal,Durgapur,12-04-2021,385,78.88,343.55,86.23,80.21,176.5
West Bengal,Durgapur,15-04-2021,287,98.77,134.43,165.42,28.42,163.33
West Bengal,Durgapur,27-04-2021,379,61.15,284.67,80.86,95.12,198.99
West Bengal,Durgapur,06-05-2021,352,3.01,72.65,71.22,72.41,47.67
West Bengal,Durgapur,07-05-2021,155,36.36,10.76,11.9,71.52,53.07
West Bengal,Durgapur,24-05-2021,152,238.52,188.21,119.18,14.88,146.69
West Bengal,Durgapur,26-05-2021,184,211.26,341.9,7.48,74.47,103.12
West Bengal,Durgapur,27-05-2021,443,226.9,375.69,145.05,34.75,45.65
West Bengal,Durgapur,29-06-2021,309,25.3,25.77,173.71,41.6,105.88
West Bengal,Durgapur,05-07-2021,245,2.57,327.07,150.41,84.39,154.34
West Bengal,Durgapur,08-07-2021,125,40.74,108.55,40.57,30.72,64.5
West Bengal,Durgapur,24-07-2021,391,32.31,30.8,30.84,23.73,116.24
West Bengal,Durgapur,25-07-2021,226,78.99,327.59,110.48,34.72,143.28
West Bengal,Durgapur,28-07-2021,242,132.72,115.03,166.69,73.45,39.92
West Bengal,Durgapur,06-08-2021,129,281.43,301.21,81.41,90.48,126.92
West Bengal,Durgapur,11-08-2021,89,136.28,305.59,91.14,69.1,23.1
West Bengal,Durgapur,15-08-2021,351,297.87,164.76,55.7,75.39,97.45
West Bengal,Durgapur,16-08-2021,62,61.67,132.25,43.92,25.33,173.59
West Bengal,Durgapur,20-08-2021,350,203.86,142.58,48.99,39.86,62.48
West Bengal,Durgapur,03-09-2021,252.67,260.55,378.13,7.37,75.73,1.76
West Bengal,Durgapur,11-09-2021,21,255.56,371.24,81.26,36.44,12.72
West Bengal,Durgapur,12-09-2021,376,202.06,302.41,94.16,99.06,57
West Bengal,Durgapur,14-09-2021,319,9.09,233.52,183.32,92.49,46.18
West Bengal,Durgapur,29-09-2021,345,188.31,352.57,155.42,42.31,154.43
West Bengal,Durgapur,14-10-2021,195,95.11,390.06,160.17,33.83,184.23
West Bengal,Durgapur,26-10-2021,359,80.72,64.59,61.11,24.35,4.03
West Bengal,Durgapur,20-11-2021,468,150.69,121.5,26.49,64.58,199.25
West Bengal,Durgapur,26-11-2021,181,100.52,74.67,90.57,69.83,190.97
West Bengal,Durgapur,05-12-2021,317,145.4,84.34,5.13,65.18,196.24
West Bengal,Durgapur,06-12-2021,372,283.1,254.43,5.75,66.75,60.98
West Bengal,Durgapur,16-12-2021,246,258.54,286.3,163.91,91.89,3.94
West Bengal,Durgapur,19-12-2021,197,143.92,205.4,113.44,37.93,196.3
West Bengal,Durgapur,09-01-2022,479,126.2,19.49,26.86,66.94,27.5
West Bengal,Durgapur,25-01-2022,206,6.96,298.36,82.17,91.9,63.84
West Bengal,Durgapur,06-02-2022,260,87.08,383.98,178.2,9.19,16.62
West Bengal,Durgapur,11-02-2022,80,72.04,294.06,20.06,91.61,12.48
West Bengal,Durgapur,12-02-2022,175,127.685,193.225,50.425,83.815,67.575
West Bengal,Durgapur,22-02-2022,416,147.63,41.06,42.65,84.83,148.82
West Bengal,Durgapur,27-02-2022,144,12.51,123.15,16.31,82.23,163.53
West Bengal,Durgapur,03-03-2022,271,66.71,18.13,152.89,91.98,70.7
West Bengal,Durgapur,08-03-2022,349,135.21,213.98,185.74,78.22,178.91
West Bengal,Durgapur,30-03-2022,298,249.36,230.42,64.6,88.06,166.55
West Bengal,Durgapur,02-04-2022,265,162.95,162.29,189.53,59.72,182.26
West Bengal,Durgapur,03-04-2022,19,118.47,67.79,42.97,75.76,123.56
West Bengal,Durgapur,21-04-2022,53,10.76,300.75,146.5,7.34,58.61
West Bengal,Durgapur,05-05-2022,472,287.93,240.85,145.37,62.28,18.21
West Bengal,Durgapur,11-05-2022,329,291.99,51.63,96.68,85.38,155.58
West Bengal,Durgapur,18-05-2022,412,164.89,246.73,98.41,8.95,198.88
West Bengal,Durgapur,25-05-2022,430,67.48,272.98,177.29,6.08,171.96
West Bengal,Durgapur,15-06-2022,319,187.42,310.17,89.74,35.91,38.22
West Bengal,Durgapur,18-06-2022,300,24.11,90.96,49.81,59.7,66.52
West Bengal,Durgapur,07-07-2022,125,190.27,144.96,128.16,36.96,20.42
West Bengal,Durgapur,08-07-2022,131,95.77,298.22,199.55,65.98,1.98
West Bengal,Durgapur,13-07-2022,211.5,226.91,165.74,91.99,36.63,131.92
West Bengal,Durgapur,17-07-2022,129,250.95,8.52,129.66,62.38,116.42
West Bengal,Durgapur,22-07-2022,260,227.23,262.79,20.44,64.53,169.21
West Bengal,Durgapur,26-07-2022,26,12.74,165.83,22.48,66.93,179.38
West Bengal,Durgapur,28-07-2022,239,164.75,382.37,31.06,24.24,187.71
West Bengal,Durgapur,08-08-2022,106,129.59,307.51,166.16,68.25,108.08
West Bengal,Durgapur,27-08-2022,81,148.2,111.08,106.28,32.83,52.96
West Bengal,Durgapur,29-08-2022,309,42.53,378.22,41.34,20.14,36.08
West Bengal,Durgapur,31-08-2022,375.5,193.69,349.645,89.8,41.815,108.375
West Bengal,Durgapur,11-09-2022,53,258.91,100.32,29.68,66.06,89.89
West Bengal,Durgapur,21-09-2022,271,159.29,70.57,172.62,85.13,32.89
West Bengal,Durgapur,12-10-2022,369,295.24,274.29,135.07,71.9,101.36
West Bengal,Durgapur,16-10-2022,363,137.54,285.23,25.65,60.46,88.14
West Bengal,Durgapur,20-10-2022,448,251.03,276.97,156.59,33.99,179.71
West Bengal,Durgapur,21-10-2022,474,241.37,254.9,137.53,42.01,159.39
West Bengal,Durgapur,01-11-2022,486,231.7,176,106.26,21.58,187.58
West Bengal,Durgapur,02-11-2022,482,185.95,60.16,46.82,54.63,169.35
West Bengal,Durgapur,10-11-2022,155,74.57,283.33,113.04,38.62,23.78
West Bengal,Durgapur,02-12-2022,380,266.29,86.92,79.19,57.02,135.26
West Bengal,Durgapur,03-12-2022,133,209.23,83.71,120.18,15.89,118.4
West Bengal,Durgapur,07-12-2022,353,268.36,65.08,18.91,81.22,76.44
West Bengal,Durgapur,16-12-2022,274,252.78,45.7,68.17,91.69,131.65
West Bengal,Durgapur,27-12-2022,140,212.1,171.19,192.53,76.43,170.65
West Bengal,Durgapur,29-12-2022,353,156.63,253.78,36.12,49.18,89.48
West Bengal,Howrah,02-01-2015,234.5,209.175,225.32,138.635,71.495,149.13
West Bengal,Howrah,03-01-2015,493,74.92,28,190.58,90.09,0.57
West Bengal,Howrah,08-01-2015,468,86.94,203.67,99.75,98.73,179.05
West Bengal,Howrah,14-01-2015,386,95.92,23.98,54.19,85.75,136.94
West Bengal,Howrah,16-01-2015,432,139.65,97.55,36.67,38.33,107.65
West Bengal,Howrah,29-01-2015,205.5,175.67,290.365,76.92,28.155,116.89
West Bengal,Howrah,01-02-2015,254,177.74,15.87,109.27,63.07,56.33
West Bengal,Howrah,06-02-2015,390,39.23,278.08,127.79,92.97,180.86
West Bengal,Howrah,15-02-2015,116,10.61,278.85,82.61,27.98,138.26
West Bengal,Howrah,16-02-2015,398,175.8,0.97,95.29,51.7,113.83
West Bengal,Howrah,17-02-2015,261,110.91,95.69,187.67,74.59,16.55
West Bengal,Howrah,18-02-2015,150,66.92,348.43,136.02,52.73,176.28
West Bengal,Howrah,23-02-2015,218,157.11,359.87,66.19,16.72,147.49
West Bengal,Howrah,07-03-2015,293,107.245,132.48,119.445,8.325,25.1
West Bengal,Howrah,15-03-2015,260,198.46,281.36,113.03,59.9,173.54
West Bengal,Howrah,26-03-2015,398,198.81,235.31,40.13,11.51,79.4
West Bengal,Howrah,30-03-2015,329,30.84,280.8,137.68,20.57,180.02
West Bengal,Howrah,19-04-2015,298,99.28,178.32,61.12,5.66,42.13
West Bengal,Howrah,20-04-2015,438,238.72,293.15,108.74,27.22,101.42
West Bengal,Howrah,21-04-2015,44,167.52,11.31,70.6,47.48,113.84
West Bengal,Howrah,29-04-2015,342,181.76,354.37,177.85,74.52,68.67
West Bengal,Howrah,16-05-2015,285,207.91,201.79,194.52,79.58,36.46
West Bengal,Howrah,04-06-2015,296,146.4,191.8,130.14,85.53,31.9
West Bengal,Howrah,12-06-2015,274,184.02,130.22,155.32,65.06,136.43
West Bengal,Howrah,25-06-2015,353,101.16,289.68,67.58,3.66,147.8
West Bengal,Howrah,12-07-2015,110,72.35,230.44,134.49,44.08,159.29
West Bengal,Howrah,29-07-2015,497,279.12,245.13,57.7,11.18,41.8
West Bengal,Howrah,05-08-2015,102,1.7,276.23,125.92,54.42,121.37
West Bengal,Howrah,19-08-2015,3,157.11,284.24,18.09,35.53,23.9
West Bengal,Howrah,21-08-2015,95,184.4,342.85,128.97,31.72,143.04
West Bengal,Howrah,27-08-2015,391,52.67,119.5,147.25,29.17,142.2
West Bengal,Howrah,30-08-2015,296,31.21,233.31,184.73,79.18,99.98
West Bengal,Howrah,09-09-2015,20,91.67,220.29,88.82,40.72,163.98
West Bengal,Howrah,11-09-2015,221,98.12,71.36,110.36,56.97,86.21
West Bengal,Howrah,24-09-2015,441,28.98,272.15,15.14,97.27,140.06
West Bengal,Howrah,29-09-2015,92,169.24,297.59,169.09,18.34,140.32
West Bengal,Howrah,02-10-2015,228,159.58,166.01,135.09,24.56,139.67
West Bengal,Howrah,04-10-2015,292.5,145.405,372.87,99.695,23.395,101.48
West Bengal,Howrah,05-10-2015,176,247.52,278.82,134.33,79.67,51.9
West Bengal,Howrah,08-10-2015,327,0.97,24.31,153.04,36.31,107.35
West Bengal,Howrah,19-11-2015,434,163.32,345.37,8.56,87.95,123.46
West Bengal,Howrah,22-11-2015,1,66.92,138.33,149.76,14.07,61.9
West Bengal,Howrah,25-11-2015,381,23.07,233.76,165.12,98.4,199.36
West Bengal,Howrah,30-11-2015,467,252.95,368.86,13.5,70.83,60.57
West Bengal,Howrah,01-12-2015,171,207.94,131.98,63.11,48.44,105.41
West Bengal,Howrah,04-12-2015,296,58.4,259.21,191.17,71.54,76.45
West Bengal,Howrah,23-12-2015,149,238.17,93.22,54.89,27.23,106.23
West Bengal,Howrah,05-01-2016,292,64.13,342.76,98.97,81.31,155.42
West Bengal,Howrah,13-01-2016,11,100.46,339.24,45.09,32.93,190.92
West Bengal,Howrah,21-01-2016,238,210.8,50.83,104.31,37.03,145.79
West Bengal,Howrah,06-02-2016,183,222.34,217.21,141.53,67.21,162.36
West Bengal,Howrah,14-02-2016,483,42.2,135.59,45.48,92.41,167.59
West Bengal,Howrah,17-02-2016,285,230.2,340.55,167.08,77.44,108.38
West Bengal,Howrah,29-02-2016,101,186.55,123.43,13.69,76.61,164.97
West Bengal,Howrah,12-03-2016,15,212.38,55.58,113.98,53.72,149.53
West Bengal,Howrah,15-03-2016,89,25.07,327.09,48.7,63.52,171.51
West Bengal,Howrah,17-03-2016,310,255.18,95.58,17.45,73.94,120.62
West Bengal,Howrah,24-03-2016,276,135.075,114.035,144.325,28.67,85.625
West Bengal,Howrah,31-03-2016,36,15.49,156.31,80.9,63.73,147.63
West Bengal,Howrah,04-04-2016,369,143.3,105.48,190.11,46.36,152.67
West Bengal,Howrah,09-04-2016,105.5,235.625,233.935,96.975,27.415,129.47
West Bengal,Howrah,07-05-2016,358,30.52,302.58,194.93,75.96,197.56
West Bengal,Howrah,28-05-2016,379,92.83,174.08,67.2,99.21,79.59
West Bengal,Howrah,04-06-2016,198,54.12,317.48,70.42,27.92,51.05
West Bengal,Howrah,06-06-2016,27,144.46,29.69,103.04,98.68,98.02
West Bengal,Howrah,18-06-2016,320,84.61,247.98,193.71,44.44,124.06
West Bengal,Howrah,21-06-2016,104,142.58,349.5,15.8,51.52,10.13
West Bengal,Howrah,29-06-2016,401,219.97,241.6,46.4,37.47,6.32
West Bengal,Howrah,02-07-2016,337,221.46,24.65,27.04,71.64,132.32
West Bengal,Howrah,05-07-2016,352,4.35,207.18,32.5,88.83,101.45
West Bengal,Howrah,08-07-2016,405,82.64,61.53,142.53,38.36,76.3
West Bengal,Howrah,18-07-2016,275,243.46,350.38,154.65,20.13,125.61
West Bengal,Howrah,27-07-2016,32,43.31,277.71,70.12,9.23,62.35
West Bengal,Howrah,06-08-2016,5,97.25,31.04,29.29,46,82.12
West Bengal,Howrah,30-08-2016,481,288.66,276.99,50.87,65.62,108.17
West Bengal,Howrah,12-09-2016,304,180.36,383.33,151.62,93.91,170.65
West Bengal,Howrah,23-09-2016,99,94.1,51.52,113.78,26.6,11
West Bengal,Howrah,28-09-2016,428,226.02,14.81,95.34,20.47,179.48
West Bengal,Howrah,06-10-2016,33,214.8,378.15,100.15,46.84,64.82
West Bengal,Howrah,08-10-2016,240,283.91,283.27,70.97,27.1,110.24
West Bengal,Howrah,30-10-2016,312.5,64.38,201.41,103.57,56.17,98.435
West Bengal,Howrah,02-11-2016,451,238.49,67.55,185.24,82.87,173.81
West Bengal,Howrah,12-11-2016,327.5,225.27,326.01,85.69,49.09,72.17
West Bengal,Howrah,28-11-2016,278,232.94,57.62,194.71,98.74,139.29
West Bengal,Howrah,01-12-2016,367,93.48,110.58,181.89,82.34,136.15
West Bengal,Howrah,03-12-2016,258,25.96,150.62,110.2,55.61,149.63
West Bengal,Howrah,29-12-2016,218,284.55,132.39,13.21,52.88,173.63
West Bengal,Howrah,01-01-2017,292,63.79,340.65,119.77,7.43,177.94
West Bengal,Howrah,25-01-2017,266,26.11,30.15,22.27,49.73,139.76
West Bengal,Howrah,31-01-2017,443,237.89,137.61,127.72,35.4,92.33
West Bengal,Howrah,06-03-2017,280,129.64,254.55,51.36,44.75,9.16
West Bengal,Howrah,13-03-2017,185,56.46,226.96,127.52,30.16,185.64
West Bengal,Howrah,28-03-2017,156,185.16,269.75,166.73,31.09,162.64
West Bengal,Howrah,22-04-2017,121,168.8,261.36,144.77,13.3,137.58
West Bengal,Howrah,25-05-2017,288,79.34,102.55,161.76,11.86,15.9
West Bengal,Howrah,27-05-2017,122,162.15,374.44,145.23,37.31,68.68
West Bengal,Howrah,02-06-2017,412,47.79,321.37,186.67,26.79,94.51
West Bengal,Howrah,05-06-2017,408,88.95,82.44,114.11,9.7,96.84
West Bengal,Howrah,18-06-2017,489,9.64,200.66,143.91,22.98,70.78
West Bengal,Howrah,20-06-2017,153,159.62,81.61,103.56,66.29,5.53
West Bengal,Howrah,21-06-2017,479,219.29,256.27,92.93,23.2,31.55
West Bengal,Howrah,02-07-2017,237,125.67,359.89,80.45,71.87,71.8
West Bengal,Howrah,18-07-2017,438,14.07,1.09,105.88,69.78,190.26
West Bengal,Howrah,28-07-2017,168,143.31,207.21,162.67,99.35,121.17
West Bengal,Howrah,10-08-2017,114,78.07,121.17,94.46,71.43,39.92
West Bengal,Howrah,13-08-2017,70,181.15,227.06,170.21,66.13,142.03
West Bengal,Howrah,18-08-2017,60,149.92,335.23,183.81,59.7,102.54
West Bengal,Howrah,11-09-2017,40,248.86,222.01,25.34,15.89,161.92
West Bengal,Howrah,17-09-2017,4,224.61,101.65,77.76,94.96,46.22
West Bengal,Howrah,19-09-2017,32,88.08,345.73,46.88,63.16,182.34
West Bengal,Howrah,26-09-2017,114,255.61,260.17,56.81,79.69,77.52
West Bengal,Howrah,28-09-2017,223,138.97,369.31,69.66,51.41,15.93
West Bengal,Howrah,01-11-2017,67,248.85,357.4,176.75,91.51,35.8
West Bengal,Howrah,11-11-2017,242,6.38,178.21,85.83,93.65,141.8
West Bengal,Howrah,21-11-2017,479,201.52,232.42,35.73,14,41.49
West Bengal,Howrah,01-12-2017,32,154.03,41.61,102.16,56.38,17.09
West Bengal,Howrah,31-12-2017,102,242.42,207.38,75.02,2.97,45.19
West Bengal,Howrah,10-01-2018,212,102.59,386.46,52.8,76,61.56
West Bengal,Howrah,14-01-2018,222.5,125.395,201.25,103.595,24.865,11.465
West Bengal,Howrah,15-01-2018,189,293.71,296.29,113.45,17.39,163.74
West Bengal,Howrah,22-01-2018,146,229.25,178.03,173.04,19.2,154.51
West Bengal,Howrah,01-02-2018,449,201.31,133.54,105.1,54.71,138.58
West Bengal,Howrah,03-02-2018,213,271.92,198.37,168.99,44.81,18.22
West Bengal,Howrah,05-02-2018,284,179.68,113.1,198.61,2.46,106.45
West Bengal,Howrah,28-02-2018,99,82.76,125.64,86.43,77.59,8.39
West Bengal,Howrah,01-03-2018,433,246.42,123.77,113.77,75.48,45.73
West Bengal,Howrah,12-03-2018,436,138.29,303.41,17.32,2.77,76.86
West Bengal,Howrah,26-03-2018,307,92.9,36.43,163,61.05,44.78
West Bengal,Howrah,02-04-2018,226,150.93,255.6,194.22,35.6,13.67
West Bengal,Howrah,10-04-2018,230,144.24,235.98,73.52,73.47,95.83
West Bengal,Howrah,17-04-2018,38,272.91,364.83,78.13,10.17,78.17
West Bengal,Howrah,18-04-2018,324,286.06,86.7,57.74,53.52,51.16
West Bengal,Howrah,19-04-2018,196,61.35,124.1,28.05,81.19,122.08
West Bengal,Howrah,20-04-2018,77,173.14,366.59,58.6,7.63,142.26
West Bengal,Howrah,21-04-2018,121,107.96,211.93,181.54,69.83,55.14
West Bengal,Howrah,23-04-2018,436,100.68,383.57,168.57,53.32,118.86
West Bengal,Howrah,25-04-2018,103,81.81,315.81,81.82,47.1,32.3
West Bengal,Howrah,16-05-2018,161,106.72,32.29,187.54,92.48,87.12
West Bengal,Howrah,29-05-2018,395,115.7,35.2,47.85,87.04,157.4
West Bengal,Howrah,03-06-2018,365,282.68,132.84,111.1,79.66,162.49
West Bengal,Howrah,09-06-2018,93,191.69,61.05,104.85,32.29,153.27
West Bengal,Howrah,15-06-2018,385,143.13,31.45,88.86,12.64,157.36
West Bengal,Howrah,16-06-2018,315,3.31,390.52,69.46,12.54,65.11
West Bengal,Howrah,18-06-2018,302,19.01,15.74,117.94,75.82,188.84
West Bengal,Howrah,30-06-2018,156,117.51,238.34,195.81,24.42,58.23
West Bengal,Howrah,11-07-2018,149.5,210.13,143.425,53.86,54.975,118.055
West Bengal,Howrah,15-07-2018,186,173,93.99,143.2,82.78,3.09
West Bengal,Howrah,27-07-2018,411,267.04,380.08,118.57,60.44,152.57
West Bengal,Howrah,09-09-2018,338,289.06,120.9,110.04,65.64,155.72
West Bengal,Howrah,10-09-2018,118,114.64,264.13,32.99,62.68,135.41
West Bengal,Howrah,17-09-2018,375,249.45,178.73,103.17,65.27,47.53
West Bengal,Howrah,24-09-2018,222,37.46,59.51,165.61,49.4,14.83
West Bengal,Howrah,01-10-2018,164,101.12,368.49,23.65,83.62,45.93
West Bengal,Howrah,13-10-2018,156,76.48,232.78,178.82,39.75,37.6
West Bengal,Howrah,19-10-2018,499,291.78,109.81,133.23,46.72,147.98
West Bengal,Howrah,20-10-2018,290.5,86.25,199.375,98.95,42.55,101.645
West Bengal,Howrah,24-10-2018,107,147.98,28.6,22.02,72.29,73.64
West Bengal,Howrah,24-11-2018,290,149.85,210.81,191.42,61.86,76.09
West Bengal,Howrah,03-12-2018,214,286.58,366.98,47.62,28.6,77.27
West Bengal,Howrah,04-12-2018,61,100.56,312.66,70.05,98.59,112.22
West Bengal,Howrah,17-12-2018,232,225.95,124.66,74.4,2.69,56.85
West Bengal,Howrah,23-12-2018,153,244.32,145.55,4.28,74.1,40.4
West Bengal,Howrah,26-12-2018,298,184.86,11.19,101.35,94.84,83.88
West Bengal,Howrah,07-01-2019,34,168.33,148.59,25.17,24,186.97
West Bengal,Howrah,24-01-2019,221,196.26,173.06,101.6,89.4,135.56
West Bengal,Howrah,09-02-2019,209,74.09,74.98,115.22,97.79,91.59
West Bengal,Howrah,12-02-2019,109,102.92,399.36,146.89,86.48,50.9
West Bengal,Howrah,14-02-2019,372,180.49,335.03,149.97,95.42,92.34
West Bengal,Howrah,26-02-2019,58,131.85,118.96,83.84,47.37,57.17
West Bengal,Howrah,28-02-2019,496,278.96,132.3,26.67,0.27,41.47
West Bengal,Howrah,04-03-2019,328,115.76,144.62,81.67,64.76,131.54
West Bengal,Howrah,21-03-2019,382,258.75,144.16,135.99,44.87,116.61
West Bengal,Howrah,22-03-2019,2,149.52,203.15,101.42,32.12,176.11
West Bengal,Howrah,06-04-2019,248,255.98,173.33,10.5,18.89,124.9
West Bengal,Howrah,07-04-2019,29,245.3,169.59,191.36,54.54,48.08
West Bengal,Howrah,17-04-2019,173,178.17,141.31,179.87,17.49,4.68
West Bengal,Howrah,29-04-2019,61,118.14,168.71,119.38,32.97,88.95
West Bengal,Howrah,10-05-2019,2,237.17,90.89,183.85,40.84,147.96
West Bengal,Howrah,13-05-2019,392,265.58,49.68,108.75,75.85,110.75
West Bengal,Howrah,17-05-2019,325,35.59,381.48,11.49,8.02,40.69
West Bengal,Howrah,01-06-2019,105,50.25,208.71,145.69,78.48,183.9
West Bengal,Howrah,06-06-2019,284,110.18,353.88,132.09,40.71,50.73
West Bengal,Howrah,12-06-2019,337,75.39,241.4,4.06,45.28,156.87
West Bengal,Howrah,15-06-2019,163,139.07,321.53,38.23,70.35,138.86
West Bengal,Howrah,21-06-2019,387,1.54,375.42,174.04,56.9,184.5
West Bengal,Howrah,25-06-2019,478,187.94,363.95,161.47,86.9,92.27
West Bengal,Howrah,10-07-2019,109,135.52,299.35,5.06,95.49,123.97
West Bengal,Howrah,20-08-2019,39,18.82,214.89,44.31,9.46,6.76
West Bengal,Howrah,21-08-2019,173,196.31,376.68,136.76,51.74,0.61
West Bengal,Howrah,24-08-2019,428,98.78,51.74,142.92,86.09,191.27
West Bengal,Howrah,30-08-2019,293,71.58,85.51,11.82,5.38,180.34
West Bengal,Howrah,05-09-2019,261.5,64.515,262.275,91.235,40.705,134
West Bengal,Howrah,07-09-2019,228,74.9,134.11,7.44,58.48,21.54
West Bengal,Howrah,19-09-2019,51,99.31,8.19,10.87,59.63,73.55
West Bengal,Howrah,27-09-2019,315,256.6,380.92,199.36,73.77,152.03
West Bengal,Howrah,28-09-2019,253,223.4,383.98,152.77,59.64,83.42
West Bengal,Howrah,10-10-2019,482,283.05,32.21,161.32,65.55,176.43
West Bengal,Howrah,12-10-2019,498,145.44,239.65,144.54,27.15,145.54
West Bengal,Howrah,21-11-2019,122.5,168.8,115.88,142.51,50.99,117.195
West Bengal,Howrah,25-11-2019,175,79.4,187.39,82.77,4.3,51.28
West Bengal,Howrah,29-11-2019,70,222.31,192.22,15.65,1.37,42.65
West Bengal,Howrah,22-12-2019,30,230.93,85.9,36.16,73.5,78.72
West Bengal,Howrah,28-12-2019,149,4.74,327.25,86.46,12.18,172.76
West Bengal,Howrah,09-01-2020,308,231.71,239.18,188.53,69.48,86.21
West Bengal,Howrah,03-02-2020,101,282.44,356.31,10.39,46.47,6.7
West Bengal,Howrah,15-02-2020,235,187.72,264.84,131.38,43.5,162.95
West Bengal,Howrah,21-02-2020,150,89.175,219.875,129.055,33.655,110.335
West Bengal,Howrah,07-03-2020,64.5,196.61,247.795,119.67,61.54,77.705
West Bengal,Howrah,11-03-2020,393.5,284.235,190.1,114.66,16.53,68.62
West Bengal,Howrah,15-03-2020,366,209.07,204.84,55.87,53.18,85.08
West Bengal,Howrah,17-03-2020,273,38.41,118.81,93.76,96.95,40.52
West Bengal,Howrah,19-03-2020,434,215,287.13,8.76,62.18,164.75
West Bengal,Howrah,29-03-2020,400,113.65,373.25,142.17,38.05,13.1
West Bengal,Howrah,04-04-2020,296,284.63,370.41,127.28,37.21,78.38
West Bengal,Howrah,13-04-2020,312,126,395.61,91.56,20.88,194.82
West Bengal,Howrah,19-04-2020,249,8.46,211.14,33.84,43.28,66.3
West Bengal,Howrah,03-05-2020,182,149.16,270.555,90.165,72.585,73.115
West Bengal,Howrah,20-05-2020,52,115.38,21.64,25.66,21.19,121.52
West Bengal,Howrah,26-05-2020,184,159.18,282.97,64.58,6.63,78.61
West Bengal,Howrah,30-05-2020,299,27.37,214.91,12.09,67.9,5.81
West Bengal,Howrah,31-05-2020,190,149.56,382.98,66.96,83.9,122.68
West Bengal,Howrah,11-06-2020,115,83.37,129.94,176.45,1.17,159.57
West Bengal,Howrah,16-06-2020,78,252.53,75.99,82.47,54.05,105.65
West Bengal,Howrah,03-07-2020,92,0.28,337.79,174.44,93.51,81.24
West Bengal,Howrah,18-07-2020,370,12.48,30.34,125.26,12.12,121.48
West Bengal,Howrah,26-07-2020,254,70.71,206.22,155.78,33.04,58.92
West Bengal,Howrah,04-08-2020,243,200.1,101.5,64.94,16.06,161.91
West Bengal,Howrah,22-08-2020,491,151.18,362.39,181.33,52.15,198.63
West Bengal,Howrah,26-08-2020,135,193.62,262.68,12.91,12.11,6.22
West Bengal,Howrah,27-08-2020,220,93.04,65.41,185.17,94.96,165.32
West Bengal,Howrah,28-08-2020,440,1.53,1.71,149.51,65.58,169.3
West Bengal,Howrah,22-09-2020,128,214.99,217.16,167.04,74.73,171.12
West Bengal,Howrah,23-09-2020,295,107.33,58.63,51.82,4.63,55.92
West Bengal,Howrah,28-09-2020,257,49.24,141.4,195.79,48.31,181.86
West Bengal,Howrah,13-10-2020,141,288.59,174.99,173.44,84.68,114.78
West Bengal,Howrah,22-10-2020,209,163.55,342.19,4.38,39.78,49.67
West Bengal,Howrah,26-10-2020,487,265.58,374.39,187.41,80.73,40.61
West Bengal,Howrah,01-11-2020,13,48.35,129.79,112.47,61.57,43.58
West Bengal,Howrah,17-11-2020,22,99.78,133.95,110.99,66.48,133.37
West Bengal,Howrah,07-12-2020,216,56.65,287.64,90.82,79.27,62.95
West Bengal,Howrah,29-12-2020,69,12.9,139.94,23.17,96.6,135.61
West Bengal,Howrah,01-01-2021,317,14.48,399.37,193.12,26.24,144.87
West Bengal,Howrah,03-01-2021,93,41.01,397.05,100.06,10.91,29.29
West Bengal,Howrah,12-01-2021,136,299,304.11,43.72,12.15,115.22
West Bengal,Howrah,13-01-2021,100,266.36,69.06,107.12,58.27,23.44
West Bengal,Howrah,20-01-2021,15,138.17,109.88,130.31,0.95,48.13
West Bengal,Howrah,27-01-2021,427,42.11,250.74,123.73,66.38,170.55
West Bengal,Howrah,30-01-2021,101,249.9,27.97,98.93,6.65,94.12
West Bengal,Howrah,08-02-2021,399,81.69,223.24,192.14,84.34,160.72
West Bengal,Howrah,13-02-2021,209,190.56,296.25,99.03,72.92,101.58
West Bengal,Howrah,17-02-2021,101,160.01,338.86,43.93,74.11,158.33
West Bengal,Howrah,28-02-2021,438,211.51,373.23,21.83,80.03,77.76
West Bengal,Howrah,09-03-2021,39,250.4,260.97,151.54,47.98,3.63
West Bengal,Howrah,18-03-2021,200,225.63,301.31,67.47,53.64,153.95
West Bengal,Howrah,28-03-2021,424,173.95,93.88,97.14,74.51,98.19
West Bengal,Howrah,04-04-2021,29,266.2,95.8,3.64,29.61,2.29
West Bengal,Howrah,19-04-2021,362,155.16,267.38,7.37,75.35,31.96
West Bengal,Howrah,26-04-2021,225,270.38,61.38,91.75,13.61,135.02
West Bengal,Howrah,30-04-2021,98,201.75,132.48,160.82,76.29,199.51
West Bengal,Howrah,22-05-2021,68,91.33,5.81,75.17,82.86,99.9
West Bengal,Howrah,23-05-2021,61,137.52,225.53,35.01,27.36,137.7
West Bengal,Howrah,08-06-2021,265,37.19,287.12,145.65,37.55,121.22
West Bengal,Howrah,21-06-2021,32.5,112.955,69.135,64.885,46.36,102.69
West Bengal,Howrah,03-07-2021,479,272.46,232.05,198.85,25.47,61.46
West Bengal,Howrah,12-07-2021,167,79.3,277.45,182.32,84.49,69.72
West Bengal,Howrah,14-07-2021,142,57.06,390.62,5.05,74.2,169.05
West Bengal,Howrah,17-07-2021,38,74.95,80.89,143.42,26.37,58.69
West Bengal,Howrah,20-07-2021,425,133.71,82.63,55.61,84.81,52.16
West Bengal,Howrah,22-07-2021,185,232.56,336.4,199.47,39.26,108.41
West Bengal,Howrah,24-07-2021,370,229.39,118.1,163.87,52.4,76.51
West Bengal,Howrah,28-07-2021,498,169.57,114.27,36.15,61.49,49.75
West Bengal,Howrah,02-08-2021,44,260.11,345.32,150.59,46.95,42.24
West Bengal,Howrah,01-09-2021,464,247.4,89.48,162.78,72.21,105.01
West Bengal,Howrah,05-09-2021,396,286.98,169.02,25.82,85.17,74.14
West Bengal,Howrah,14-09-2021,336,35.82,340.74,116.61,90.77,189.06
West Bengal,Howrah,17-09-2021,11,87.11,116.81,39.87,21.52,41.51
West Bengal,Howrah,19-09-2021,173,205.455,52.935,136.375,53.38,148.14
West Bengal,Howrah,22-09-2021,312,162.73,21.89,2.3,92.12,163.13
West Bengal,Howrah,06-10-2021,113,37.14,267.65,31.43,9.03,3.37
West Bengal,Howrah,07-10-2021,232,158.01,308.65,189.69,90.69,156.55
West Bengal,Howrah,12-10-2021,462,160.54,279.02,78.26,42.95,66.59
West Bengal,Howrah,16-10-2021,82,225.16,133.61,148.48,8.63,106.33
West Bengal,Howrah,23-10-2021,376,83.91,136.48,108.51,78,146.67
West Bengal,Howrah,31-10-2021,142,279.83,298.7,52.99,1.11,96.38
West Bengal,Howrah,12-12-2021,41,164.96,281.36,153.02,14.13,109.66
West Bengal,Howrah,21-12-2021,213,216.92,105.45,186.04,15.73,50.48
West Bengal,Howrah,02-01-2022,400,4.53,281.73,38.1,34.92,29.43
West Bengal,Howrah,08-01-2022,221,100.94,27.67,116.05,27.18,70.96
West Bengal,Howrah,15-01-2022,384,22.14,60.51,67.88,38.41,6.28
West Bengal,Howrah,10-02-2022,173,210.98,376.87,194.67,45.67,192.38
West Bengal,Howrah,22-02-2022,481,165.5,202.62,0.82,83.96,124.93
West Bengal,Howrah,27-02-2022,246,232.28,226.55,29,43.99,119.48
West Bengal,Howrah,08-03-2022,374,297.23,188.04,189.85,38.65,197.91
West Bengal,Howrah,22-03-2022,111,155.09,21.14,102.23,56.62,47.02
West Bengal,Howrah,15-04-2022,154,84.615,277.215,156.785,27.695,72.095
West Bengal,Howrah,17-04-2022,52,211.91,290.99,100.89,86.49,92.68
West Bengal,Howrah,25-04-2022,429,192.62,318.14,156.19,66.57,50.21
West Bengal,Howrah,04-05-2022,144,180.56,125.28,139.57,85.85,41.56
West Bengal,Howrah,06-05-2022,299,77.33,102.89,150.01,64.36,152.63
West Bengal,Howrah,08-05-2022,87.5,135.95,218.275,103.48,18.395,132.64
West Bengal,Howrah,10-05-2022,209,179.12,135.75,22.23,75,116.71
West Bengal,Howrah,13-05-2022,148,260.52,18,177.88,50.54,180.1
West Bengal,Howrah,25-06-2022,158,266.92,355.52,86.68,86.62,84.33
West Bengal,Howrah,01-07-2022,380,92.09,306.04,167.69,0.3,10.04
West Bengal,Howrah,10-07-2022,23,11.14,316.88,47.76,62.08,8.66
West Bengal,Howrah,14-07-2022,369,65.14,32.32,148.07,76.4,128.92
West Bengal,Howrah,16-07-2022,234,130.21,321.15,182.61,75.88,186.46
West Bengal,Howrah,23-07-2022,48,243.61,145.31,107.54,97.88,174.93
West Bengal,Howrah,08-08-2022,349,170.99,0.63,150.52,17.46,102.94
West Bengal,Howrah,09-08-2022,101,23.25,347.54,108.54,59.87,19.41
West Bengal,Howrah,12-08-2022,6,122.96,369,53.02,91.86,160.1
West Bengal,Howrah,13-08-2022,54,274.92,265.67,57.21,44.9,101.67
West Bengal,Howrah,16-08-2022,81,232.82,15.48,36.97,26.93,54.73
West Bengal,Howrah,15-09-2022,123,240.54,399.03,15.7,88.81,94.01
West Bengal,Howrah,17-09-2022,133,34.02,267.51,122.3,18.92,196.65
West Bengal,Howrah,27-09-2022,432,219.84,138.98,145.47,53.27,38.15
West Bengal,Howrah,01-10-2022,323,129.75,28.99,63.85,86.19,75.88
West Bengal,Howrah,08-10-2022,259,169.01,261.91,192.26,51.98,143.43
West Bengal,Howrah,17-10-2022,1,102.7,177.14,168.54,89.9,24.01
West Bengal,Howrah,19-10-2022,185,33.92,322.535,47.98,43.94,94.605
West Bengal,Howrah,24-10-2022,75,200.14,154.82,174.54,7.22,54.21
West Bengal,Howrah,01-11-2022,195,243.49,253.56,103.48,87.25,137.07
West Bengal,Howrah,13-11-2022,63,29.53,202.45,195.2,82.17,30.7
West Bengal,Howrah,19-11-2022,136,154.63,341.66,170.51,11.64,110.02
West Bengal,Howrah,27-11-2022,454,212.65,345.91,198.07,88.71,96.64
West Bengal,Howrah,10-12-2022,410,244.34,17.45,144.69,79.6,148.65
West Bengal,Howrah,12-12-2022,305,122.46,186.69,177.02,74.83,132.98
West Bengal,Howrah,15-12-2022,208,33.45,7.5,62.36,66.05,59.94
West Bengal,Kolkata,02-01-2015,304,160.245,163.68,97.31,18.635,126.015
West Bengal,Kolkata,15-01-2015,46,285.46,218.45,143,62.7,77.62
West Bengal,Kolkata,19-01-2015,154,201.83,278.43,178.53,41.05,77.79
West Bengal,Kolkata,02-02-2015,411,235.01,31.49,190.11,72.79,142.11
West Bengal,Kolkata,21-02-2015,424,183.69,293.83,103.64,3.83,197.07
West Bengal,Kolkata,07-03-2015,165,45.45,49.64,101.66,47.5,92.01
West Bengal,Kolkata,08-03-2015,2,99.1,210.42,111.21,43.43,182.16
West Bengal,Kolkata,13-03-2015,7,49.39,378.42,92.33,29.51,80.86
West Bengal,Kolkata,25-03-2015,147,52.97,297.84,183.32,90.02,150.53
West Bengal,Kolkata,29-03-2015,91,199.15,92.08,62.78,12.08,178.59
West Bengal,Kolkata,07-04-2015,376,238.07,220.61,18.32,16.42,194.96
West Bengal,Kolkata,08-04-2015,444,130.59,296.51,125.45,22.79,122.01
West Bengal,Kolkata,14-04-2015,345,72.29,86.52,67.35,61.33,69.52
West Bengal,Kolkata,15-04-2015,364,101.4,265.32,61.46,6.47,103.06
West Bengal,Kolkata,27-04-2015,114,69.21,150.73,15.85,80.59,34.16
West Bengal,Kolkata,29-04-2015,269,16.98,301.24,15.14,77.96,143.06
West Bengal,Kolkata,30-04-2015,458,48.43,2,134.03,88.62,38.95
West Bengal,Kolkata,06-05-2015,160,225.36,256.57,175.31,24.13,23.16
West Bengal,Kolkata,10-05-2015,131,84.38,49.32,159.92,92.89,156.63
West Bengal,Kolkata,14-05-2015,486,207.34,386.71,68.59,87.83,42.93
West Bengal,Kolkata,19-05-2015,459,31.45,51.49,32.07,94.67,1.52
West Bengal,Kolkata,20-05-2015,358,142.35,359.81,33.64,5.68,155.43
West Bengal,Kolkata,17-06-2015,308,170.275,192.92,51.31,37.37,54.64
West Bengal,Kolkata,20-07-2015,233,248.66,175.54,53.25,24.79,167.64
West Bengal,Kolkata,29-07-2015,149,81.5,372.96,23.35,53.33,13.76
West Bengal,Kolkata,31-07-2015,186,269.3,248.43,33.57,98.85,113.28
West Bengal,Kolkata,12-08-2015,45,234.93,63.9,81.84,58.84,60.61
West Bengal,Kolkata,17-08-2015,265,109.23,211.46,67.11,75.53,179.44
West Bengal,Kolkata,23-08-2015,87,194.89,328.26,33.11,26.84,50.33
West Bengal,Kolkata,31-08-2015,442,245.08,273.67,4.48,77.35,119.84
West Bengal,Kolkata,07-09-2015,252,199.08,172.92,26.64,56.57,35.55
West Bengal,Kolkata,17-09-2015,146,294.84,8.27,8.33,87.98,63.19
West Bengal,Kolkata,20-09-2015,434,259.99,234.62,111.98,3.25,8.32
West Bengal,Kolkata,26-09-2015,259,225.94,300.44,197.56,70.87,5.11
West Bengal,Kolkata,09-10-2015,496,47.08,299.55,190.99,87.53,38.27
West Bengal,Kolkata,13-10-2015,68,296.81,81.94,180.65,47.5,54.76
West Bengal,Kolkata,17-11-2015,492,3.6,279.61,25.34,94.89,85.27
West Bengal,Kolkata,04-01-2016,43,79.55,11.31,60.43,58.87,193.04
West Bengal,Kolkata,22-01-2016,136,150.89,297.5,114.43,1.65,62.21
West Bengal,Kolkata,18-02-2016,268,93.17,149.04,183.7,83.72,158.75
West Bengal,Kolkata,27-02-2016,494,125.17,263.52,13.65,8.34,152.38
West Bengal,Kolkata,11-03-2016,149,229.29,378.05,16.27,55.83,35.73
West Bengal,Kolkata,17-03-2016,123.5,181.85,226.19,148.405,51.035,31.46
West Bengal,Kolkata,23-03-2016,211,125.48,37.85,60.73,54.14,31.66
West Bengal,Kolkata,03-04-2016,384,114.85,75.7,72.93,67.82,88.83
West Bengal,Kolkata,05-04-2016,380,41.48,131.14,177.93,91.63,153.34
West Bengal,Kolkata,06-04-2016,228,75.08,10.63,112.22,3.77,59.3
West Bengal,Kolkata,08-04-2016,36,163.85,95.22,133.81,88.95,161.38
West Bengal,Kolkata,18-04-2016,383,56.84,66.49,157.87,16.2,22.51
West Bengal,Kolkata,06-05-2016,239.5,106.295,126.065,151.265,64.55,98.545
West Bengal,Kolkata,10-05-2016,469,257.75,241.63,192.38,22.47,122.73
West Bengal,Kolkata,13-05-2016,255,184.28,171.82,95.33,49.79,159.37
West Bengal,Kolkata,17-05-2016,280,211.43,131.28,123.73,19.25,14.12
West Bengal,Kolkata,20-05-2016,310,62.87,161.63,77.87,95.94,7.04
West Bengal,Kolkata,20-06-2016,328,183.46,251.39,147.3,48.38,181.84
West Bengal,Kolkata,08-07-2016,430.5,114.22,138.68,103.745,32.06,38.96
West Bengal,Kolkata,21-07-2016,101,80.55,318.36,107.21,64.57,95.88
West Bengal,Kolkata,02-08-2016,264,265.51,351.69,140.15,53.89,128.65
West Bengal,Kolkata,08-08-2016,240,86.88,139.78,131.56,45.06,141.36
West Bengal,Kolkata,18-08-2016,481,70.16,394.01,11.27,28.58,74.31
West Bengal,Kolkata,26-08-2016,171,129.93,152.18,140.57,92.79,129.9
West Bengal,Kolkata,07-09-2016,492,257.36,321.01,87.01,54.76,90.7
West Bengal,Kolkata,08-09-2016,205,291.57,52.19,156.66,40.09,142.57
West Bengal,Kolkata,29-10-2016,81,213.3,259.66,125.26,41.88,84.19
West Bengal,Kolkata,10-11-2016,294,107.25,258.25,95.99,49.2,65.88
West Bengal,Kolkata,16-11-2016,155,14.66,279.02,51.75,21.16,53.82
West Bengal,Kolkata,20-11-2016,409,103.54,311.28,141.58,82.62,77.54
West Bengal,Kolkata,22-11-2016,9,258.55,258.53,143.3,24.6,112.22
West Bengal,Kolkata,25-11-2016,266,254.21,114.76,48.26,22.63,43.15
West Bengal,Kolkata,01-12-2016,246.5,205.5,247.285,167.165,43.01,135.11
West Bengal,Kolkata,07-12-2016,437,92.78,10.35,36.73,56.83,142.99
West Bengal,Kolkata,09-12-2016,278,223.22,140.3,147.7,55.24,146.72
West Bengal,Kolkata,17-12-2016,440,205.77,196.46,185.61,49.49,84.21
West Bengal,Kolkata,24-12-2016,347,89.69,385.04,171.35,24.53,29.25
West Bengal,Kolkata,01-01-2017,183,98.19,34.67,191.07,70.84,10.93
West Bengal,Kolkata,16-01-2017,215,297.65,270.73,122.03,81.21,145.36
West Bengal,Kolkata,25-01-2017,383,237.89,40.5,49.46,61.04,35.61
West Bengal,Kolkata,30-01-2017,212,57.63,313.34,110.14,24.81,116.42
West Bengal,Kolkata,06-02-2017,323,71.27,29.68,115.17,20.1,114.51
West Bengal,Kolkata,08-02-2017,281,68.41,216.57,15.43,85.44,74.74
West Bengal,Kolkata,13-02-2017,281,181.73,340.41,32.47,85.89,78.31
West Bengal,Kolkata,17-04-2017,394,60.54,266.91,121.21,41.06,50.81
West Bengal,Kolkata,26-04-2017,2,201.52,13.68,72.28,50.98,91.33
West Bengal,Kolkata,22-05-2017,438,101.05,391.22,50.93,31.5,103.65
West Bengal,Kolkata,04-06-2017,41,299.38,52.25,183.34,0.04,168.31
West Bengal,Kolkata,10-06-2017,213,13.04,72.56,113.3,72.94,42.9
West Bengal,Kolkata,20-07-2017,388.5,219.815,186.265,86.83,90.975,89.625
West Bengal,Kolkata,21-07-2017,183,223.91,152.82,139.56,22.38,31.85
West Bengal,Kolkata,25-07-2017,90,256.41,25.45,10.38,22.6,61
West Bengal,Kolkata,09-08-2017,381,148.26,117.75,76.25,68.11,1.37
West Bengal,Kolkata,15-08-2017,204,178.17,37.09,106.28,4.12,82.73
West Bengal,Kolkata,17-08-2017,323,126.4,112.16,56.91,54.63,73.96
West Bengal,Kolkata,10-09-2017,7,81.41,255.82,99.98,29.08,106.81
West Bengal,Kolkata,12-09-2017,321,15.97,344.67,134.46,46.62,5.21
West Bengal,Kolkata,17-09-2017,106,282.71,16.34,155.87,61.73,72.98
West Bengal,Kolkata,25-09-2017,6,82.02,81.77,160.23,78.08,39.07
West Bengal,Kolkata,30-09-2017,309,98.49,48.96,102.11,62.32,198.99
West Bengal,Kolkata,02-10-2017,166,67.36,178.31,130.44,49.54,78.77
West Bengal,Kolkata,04-10-2017,280,27.36,97.47,147.94,0.37,53.01
West Bengal,Kolkata,07-10-2017,207,96,64.22,190.39,48.51,174.92
West Bengal,Kolkata,11-10-2017,288,31.03,279.59,95.4,56.43,79.77
West Bengal,Kolkata,13-11-2017,333,15.42,208.82,26.14,77.88,164.47
West Bengal,Kolkata,16-11-2017,329,215.88,70.76,0.84,91.78,122.68
West Bengal,Kolkata,18-11-2017,6,149.82,389.22,181.58,77.76,37.63
West Bengal,Kolkata,21-11-2017,95,196.19,383.57,169.94,42.93,121.65
West Bengal,Kolkata,01-12-2017,446,27.36,263.23,159.55,0.94,185.75
West Bengal,Kolkata,05-12-2017,430,36.37,244.08,106.72,79,33.17
West Bengal,Kolkata,09-12-2017,78,154.55,66.16,134.25,7.57,73.73
West Bengal,Kolkata,13-12-2017,38,193.56,200.87,168.53,20.41,128.98
West Bengal,Kolkata,25-12-2017,17,121.43,333.14,132.58,75.53,111.78
West Bengal,Kolkata,08-01-2018,294,70.61,175.39,181.32,61.52,64.18
West Bengal,Kolkata,16-01-2018,320,10.71,47.88,146.76,66.38,54
West Bengal,Kolkata,04-02-2018,109,220.1,362.88,174.08,25.83,188.83
West Bengal,Kolkata,07-02-2018,388,110.85,16.98,39.31,42.18,17.43
West Bengal,Kolkata,25-02-2018,367,18.89,324.67,131.16,93.92,152.46
West Bengal,Kolkata,27-02-2018,475,257.87,319.81,83.65,15.25,78.66
West Bengal,Kolkata,02-03-2018,311,221.61,11.31,61.75,6.64,125.38
West Bengal,Kolkata,19-03-2018,53,195.16,66.96,23.13,45.43,183.45
West Bengal,Kolkata,23-03-2018,312,4.65,31.7,82,63.89,101.46
West Bengal,Kolkata,24-03-2018,2,23.56,70.88,101.19,15.23,34.61
West Bengal,Kolkata,28-03-2018,189,74.79,253.21,108.37,95.58,98.01
West Bengal,Kolkata,09-04-2018,445,47.77,62.72,70.69,95.61,55.33
West Bengal,Kolkata,17-04-2018,323,57,269.46,29.02,76.81,80.9
West Bengal,Kolkata,10-05-2018,274,137.19,41.27,7.18,85,138.35
West Bengal,Kolkata,06-06-2018,436,186,93.8,164.21,39.97,199.06
West Bengal,Kolkata,25-06-2018,12,44.36,216.28,159.14,82.07,186.57
West Bengal,Kolkata,07-07-2018,390,120.78,24.73,93.87,87.39,77.68
West Bengal,Kolkata,13-07-2018,58,142.53,268.25,195.14,55.15,0.32
West Bengal,Kolkata,16-07-2018,224,18.18,256.86,94.48,54.96,148.02
West Bengal,Kolkata,18-07-2018,483,135,376.02,69.84,8.5,103.8
West Bengal,Kolkata,19-07-2018,249,260.7,366.65,61.08,48.32,148.87
West Bengal,Kolkata,24-07-2018,305,137.64,20.98,115.83,14.98,173.23
West Bengal,Kolkata,01-08-2018,200,101.65,345.74,55.27,79.61,95.42
West Bengal,Kolkata,02-08-2018,32,6.97,38.4,125.01,14.49,40.93
West Bengal,Kolkata,17-08-2018,416,27.45,234.28,150.41,81.75,52.85
West Bengal,Kolkata,30-08-2018,473,25.23,164.27,38.21,67.95,30.52
West Bengal,Kolkata,04-09-2018,234,244.86,301.42,197.39,63.99,198.56
West Bengal,Kolkata,10-09-2018,8,39.7,353.58,98.61,71.77,92.7
West Bengal,Kolkata,13-09-2018,39,58.89,250.84,129.79,17.51,123.1
West Bengal,Kolkata,14-09-2018,436,104,143.41,77.57,51.73,32.47
West Bengal,Kolkata,08-10-2018,288,182.14,253.88,158.84,34.06,47.3
West Bengal,Kolkata,14-10-2018,2,252.68,386.22,42.64,15.9,152.11
West Bengal,Kolkata,17-10-2018,281,101.12,132.47,129.59,77.43,179.67
West Bengal,Kolkata,22-10-2018,102,101.26,102.53,25.94,64.56,132.93
West Bengal,Kolkata,29-10-2018,499,82.47,85.47,88.6,74.09,106.4
West Bengal,Kolkata,04-11-2018,192,168.13,159.36,10.41,56.05,135.39
West Bengal,Kolkata,15-11-2018,21,162.49,46.17,48.06,92.86,196.96
West Bengal,Kolkata,20-11-2018,92,253.88,203.65,59.71,60.9,10.8
West Bengal,Kolkata,23-11-2018,164,83.82,342.2,152.49,60.39,191.05
West Bengal,Kolkata,30-11-2018,322,132.18,209.71,50.68,7.69,177.45
West Bengal,Kolkata,03-12-2018,48,294.4,323.11,188.83,15.6,182.91
West Bengal,Kolkata,11-12-2018,320,254.62,222.46,122.64,89.35,122.88
West Bengal,Kolkata,20-12-2018,313,166.55,196.29,29.05,56.75,141.5
West Bengal,Kolkata,21-12-2018,208,96.96,8.79,99.61,15.12,165.35
West Bengal,Kolkata,23-12-2018,33,184.72,17.65,193.92,98.86,189.27
West Bengal,Kolkata,24-12-2018,240,147.75,70.99,91.32,7.2,194.93
West Bengal,Kolkata,01-01-2019,344,127.21,359.9,62.58,13.16,90.8
West Bengal,Kolkata,05-01-2019,345,146.67,215.3,166.06,61.03,122.91
West Bengal,Kolkata,20-01-2019,34,12.35,308.53,111.9,69.84,47.32
West Bengal,Kolkata,21-01-2019,177,264.21,318.97,16.11,63.88,145.16
West Bengal,Kolkata,26-01-2019,124,285.69,164.22,60.58,5.32,136.25
West Bengal,Kolkata,27-01-2019,82,273.33,251.56,149.7,69.77,115.29
West Bengal,Kolkata,28-01-2019,322,226.22,80.13,115.32,67.66,167.99
West Bengal,Kolkata,31-01-2019,88,11.23,151.18,133.13,10.68,152.08
West Bengal,Kolkata,06-02-2019,34,37.62,279.56,117.87,74.67,101.96
West Bengal,Kolkata,12-02-2019,80,34.4,230.02,18.68,30.9,73.75
West Bengal,Kolkata,15-03-2019,444,226.9,25.74,114.03,64.7,121.79
West Bengal,Kolkata,17-03-2019,246,268.97,80.84,83.82,85.8,31.62
West Bengal,Kolkata,21-03-2019,382,162.05,42.24,37.28,53.56,153.86
West Bengal,Kolkata,28-03-2019,460,94.22,293.13,180.47,81.7,164.83
West Bengal,Kolkata,01-04-2019,343,285.85,132.41,17.89,44.55,71.88
West Bengal,Kolkata,21-04-2019,219,257.22,304.72,140.45,76.68,7.67
West Bengal,Kolkata,24-04-2019,122,164.53,202.31,198.48,28.86,77.48
West Bengal,Kolkata,01-05-2019,221,65.37,320.56,17.54,35.39,153.92
West Bengal,Kolkata,04-05-2019,194,32.69,359.83,23.52,84.05,16.92
West Bengal,Kolkata,09-05-2019,115,189.36,386.99,152.83,28.04,192.62
West Bengal,Kolkata,12-05-2019,316,94.14,223.31,190.64,60.23,97.2
West Bengal,Kolkata,14-05-2019,305,52.19,133.81,51.82,69.45,66.13
West Bengal,Kolkata,24-05-2019,216,159.73,10.72,32.62,88.18,136.64
West Bengal,Kolkata,28-05-2019,477,59.06,46.65,190.65,0.37,90.48
West Bengal,Kolkata,21-06-2019,51,212.66,212.4,42.34,46.75,56.24
West Bengal,Kolkata,25-06-2019,118,168.65,72.05,177.42,37.59,35.46
West Bengal,Kolkata,26-06-2019,115,115.11,307.7,131.78,63.5,107.68
West Bengal,Kolkata,02-07-2019,194,9.54,104.41,52.46,66.12,26.37
West Bengal,Kolkata,07-07-2019,427,119,47.21,107.6,35.46,71.81
West Bengal,Kolkata,16-07-2019,238,34.51,297.41,22.64,20.3,47.85
West Bengal,Kolkata,19-07-2019,73,69.01,66.35,4.76,94.17,148.62
West Bengal,Kolkata,21-07-2019,71.5,82.905,59.335,103.15,49.815,85.185
West Bengal,Kolkata,24-07-2019,320,239.32,143.57,191.97,69.16,187.05
West Bengal,Kolkata,26-07-2019,74,163.3,164.62,79.41,37.52,186.06
West Bengal,Kolkata,04-08-2019,181,101.83,98.09,113.38,64.23,7.98
West Bengal,Kolkata,05-08-2019,334,172.42,191.3,41.56,38.42,19.65
West Bengal,Kolkata,22-08-2019,111,67.23,118.3,139.95,1.82,127.7
West Bengal,Kolkata,04-09-2019,308,250.5,144.44,31.89,44.92,14.09
West Bengal,Kolkata,14-09-2019,364,257.91,142.44,130.46,69.09,129.23
West Bengal,Kolkata,23-09-2019,368,139.27,199.06,116.38,8.44,96.53
West Bengal,Kolkata,25-09-2019,256,271.7,178.19,69.62,68.54,0.17
West Bengal,Kolkata,01-10-2019,214,274.85,341.82,79.54,8.07,97.37
West Bengal,Kolkata,17-10-2019,11,202.88,163.36,37.06,35.92,114.45
West Bengal,Kolkata,01-11-2019,373,285.32,3.43,116.96,73.91,39.07
West Bengal,Kolkata,20-11-2019,306,204.87,146.17,37.99,30.29,111.55
West Bengal,Kolkata,28-11-2019,122,193.54,4.97,169.63,92.57,131.53
West Bengal,Kolkata,01-12-2019,133,253.35,293.79,138.62,1.31,103.09
West Bengal,Kolkata,13-12-2019,235.5,277.025,232.455,84.995,57.31,28.93
West Bengal,Kolkata,15-12-2019,185,158.66,321.32,195.39,12.52,56.12
West Bengal,Kolkata,21-12-2019,142,65.67,331.99,159.36,39.67,87.39
West Bengal,Kolkata,08-01-2020,275,266.14,345.35,55.84,95.18,167.1
West Bengal,Kolkata,14-01-2020,63,45.49,111.48,27.54,45.08,13.06
West Bengal,Kolkata,16-01-2020,194,143.94,88.13,16.62,15.04,148.12
West Bengal,Kolkata,18-01-2020,46,87.34,9.04,76.22,95.64,195.98
West Bengal,Kolkata,12-02-2020,400,198.06,109.38,9.83,88.83,39.78
West Bengal,Kolkata,18-02-2020,407,248.87,328.84,131.17,84.07,137.66
West Bengal,Kolkata,19-02-2020,222,204.15,56.24,105.91,56.67,196.14
West Bengal,Kolkata,03-03-2020,61,43.11,167.17,28.32,58.53,68.74
West Bengal,Kolkata,09-03-2020,276,19.88,231.9,46.92,29.35,91.99
West Bengal,Kolkata,22-03-2020,250,180.56,326.97,91.59,49.72,136.22
West Bengal,Kolkata,07-04-2020,44,165.58,110.95,93.53,50.52,50.23
West Bengal,Kolkata,20-04-2020,165,275.48,10.31,32.8,94.2,101.27
West Bengal,Kolkata,25-04-2020,268,111.53,29.79,28.68,82.73,161.74
West Bengal,Kolkata,06-05-2020,107,103.16,236.34,44.12,73.73,133.43
West Bengal,Kolkata,10-05-2020,266,42.66,26.12,151.39,33.87,83.12
West Bengal,Kolkata,18-05-2020,97,165.95,277.49,49.31,55.05,152.48
West Bengal,Kolkata,27-06-2020,74,82.36,282.82,74.72,53.9,95.04
West Bengal,Kolkata,03-07-2020,263,25.55,185.21,98.76,44.1,61.81
West Bengal,Kolkata,10-07-2020,355,144.85,188,83.38,65.51,102.45
West Bengal,Kolkata,16-07-2020,328,116.85,233.53,106.43,29.96,172.13
West Bengal,Kolkata,20-07-2020,133,116.72,136.87,180.84,61.95,5.02
West Bengal,Kolkata,28-07-2020,15,63,9.33,182.4,82.17,171.42
West Bengal,Kolkata,31-07-2020,113,64.1,117.69,112.55,80.78,193.93
West Bengal,Kolkata,14-08-2020,95,274.84,346.25,144.5,80.44,95.83
West Bengal,Kolkata,17-08-2020,142,162.93,202.23,110.12,38.47,126.88
West Bengal,Kolkata,07-09-2020,471,197.65,310.54,142.83,39.02,171.3
West Bengal,Kolkata,08-09-2020,184,297.65,357.93,185.18,32.08,108.86
West Bengal,Kolkata,01-10-2020,356,30.88,70.99,45.3,89.47,175.35
West Bengal,Kolkata,04-10-2020,68,237.83,266.37,16.54,90.11,135.32
West Bengal,Kolkata,07-10-2020,161,24.71,314.47,2.81,48.33,86.26
West Bengal,Kolkata,08-10-2020,444,204.18,260.31,138.8,10.5,175.81
West Bengal,Kolkata,09-10-2020,113,103.64,249.48,171.2,71.12,42.14
West Bengal,Kolkata,21-10-2020,99,16.31,230.64,113.85,8.89,121.89
West Bengal,Kolkata,04-11-2020,263,187.41,239.24,5.4,4.97,181.12
West Bengal,Kolkata,07-11-2020,250,34.22,319.87,76.14,50.28,50.61
West Bengal,Kolkata,10-11-2020,465,192.99,114.72,70.56,99.87,7.88
West Bengal,Kolkata,15-11-2020,154,243.3,111.33,85.29,89.25,175.33
West Bengal,Kolkata,20-11-2020,385,199.87,48.8,39.07,85.31,3.61
West Bengal,Kolkata,10-12-2020,319,30.13,128.95,167.24,29.56,161.22
West Bengal,Kolkata,11-12-2020,478,49.26,215.64,34.52,79.24,45.23
West Bengal,Kolkata,29-12-2020,292.5,121.825,198.735,131.385,4.07,56.605
West Bengal,Kolkata,04-01-2021,399,149.87,156.06,171.56,20.72,83.26
West Bengal,Kolkata,13-01-2021,181,187.81,251.52,94.24,71.53,11.19
West Bengal,Kolkata,24-01-2021,112,88.88,365.87,41.53,66.32,21.75
West Bengal,Kolkata,02-02-2021,125,108.7,107.8,183.86,13.92,160.28
West Bengal,Kolkata,05-02-2021,104,109.27,314.13,139.43,99.61,155.04
West Bengal,Kolkata,10-02-2021,343,147.92,263.5,4.68,22.67,80.08
West Bengal,Kolkata,13-02-2021,347,296.14,387.99,189.03,83.51,153.83
West Bengal,Kolkata,18-02-2021,419,92.65,78.89,2.61,41.24,108.05
West Bengal,Kolkata,03-03-2021,124,21.76,352.82,19.18,21.3,34.28
West Bengal,Kolkata,09-04-2021,415,60.3,46.42,25.64,42.07,76.73
West Bengal,Kolkata,22-04-2021,434,102.48,132.76,103.85,46.92,23.73
West Bengal,Kolkata,23-04-2021,395,2.31,198.84,67.84,99.01,20.95
West Bengal,Kolkata,04-05-2021,374,267.59,186.27,121.61,94.2,77.92
West Bengal,Kolkata,09-05-2021,103,218.1,353.8,6.8,8.81,24.21
West Bengal,Kolkata,10-05-2021,175,38.43,313.91,24.06,8.32,194.19
West Bengal,Kolkata,18-05-2021,199,134.64,351.54,115.88,23.42,88.85
West Bengal,Kolkata,19-05-2021,116.5,121.64,277.18,93.05,18.84,111.545
West Bengal,Kolkata,23-05-2021,363,256.43,287.81,123.97,14.03,8.49
West Bengal,Kolkata,02-06-2021,298,157.78,356.16,64.42,50.56,41
West Bengal,Kolkata,11-06-2021,116,106.07,233.68,175.01,75.79,136.25
West Bengal,Kolkata,12-06-2021,78,279.49,283.21,149.35,4.87,59.37
West Bengal,Kolkata,07-07-2021,179.5,156.045,343.21,84.585,52.555,93.28
West Bengal,Kolkata,17-07-2021,317.5,214.875,111.26,96.575,64.51,124.86
West Bengal,Kolkata,02-08-2021,410,30.86,125.55,104.26,30.45,35.66
West Bengal,Kolkata,05-08-2021,319,123.35,199.65,70.66,29.09,188.81
West Bengal,Kolkata,15-08-2021,293,298.9,96.24,160.29,20.27,141.37
West Bengal,Kolkata,19-08-2021,358,124.17,23.4,26.28,32,65.83
West Bengal,Kolkata,26-08-2021,140,187.62,321.11,102.6,17.2,173.52
West Bengal,Kolkata,03-09-2021,242.5,96.055,288.32,105.315,49.035,160.05
West Bengal,Kolkata,29-10-2021,92,98.6,127.91,158.6,58.35,156.14
West Bengal,Kolkata,02-11-2021,56,57.14,2.67,171.35,87.5,109.83
West Bengal,Kolkata,06-11-2021,434,206.17,205.02,181.14,12.95,7.84
West Bengal,Kolkata,09-11-2021,463,15.83,352.2,85.98,18.37,173.41
West Bengal,Kolkata,25-11-2021,392,254.52,242.83,20.19,61.56,198.25
West Bengal,Kolkata,13-12-2021,20,252.64,72.63,58.47,56.84,24.92
West Bengal,Kolkata,25-12-2021,352,253.44,60.92,63.58,42.14,58.61
West Bengal,Kolkata,26-12-2021,343,178.8,225.42,174.29,91.37,38.62
West Bengal,Kolkata,03-01-2022,372,227.66,12.81,94.77,70.71,22.38
West Bengal,Kolkata,07-01-2022,343,165.55,228.11,73.79,92.69,88.62
West Bengal,Kolkata,20-01-2022,356,117.83,253.09,127.31,40.04,150.69
West Bengal,Kolkata,22-01-2022,398,210.46,205.93,96.4,96.26,111.13
West Bengal,Kolkata,04-02-2022,128,13.04,245.75,188.83,62.06,78.58
West Bengal,Kolkata,05-02-2022,30,2.97,17.42,2.63,57.59,34.22
West Bengal,Kolkata,17-02-2022,383,200.49,157.19,109.69,23.19,73.44
West Bengal,Kolkata,12-03-2022,70,129.36,233.53,138.47,57.39,133.56
West Bengal,Kolkata,18-03-2022,225,180.09,158.86,151.12,11.25,193.48
West Bengal,Kolkata,14-04-2022,59,240.38,289.06,161.17,70.98,81.08
West Bengal,Kolkata,16-04-2022,74.5,151.575,122.715,101.09,33.21,126.185
West Bengal,Kolkata,18-04-2022,126,105.18,146.86,51.26,85.64,91.9
West Bengal,Kolkata,30-04-2022,378,92.8,317.79,104.71,55.55,26.94
West Bengal,Kolkata,02-05-2022,248,192.86,72.29,124.61,6.83,169.98
West Bengal,Kolkata,22-05-2022,424,235.33,51.53,33.41,37.47,183.74
West Bengal,Kolkata,27-05-2022,453,15.74,115.32,177.29,33.17,107.68
West Bengal,Kolkata,06-06-2022,261,192.05,385.73,179.43,68.98,16.89
West Bengal,Kolkata,08-06-2022,277,267.66,68.32,16.2,31.42,141.79
West Bengal,Kolkata,23-06-2022,255,237.21,135.38,22.44,1.25,173.82
West Bengal,Kolkata,01-07-2022,27,52.13,201.36,115.7,17.91,135.94
West Bengal,Kolkata,26-07-2022,76,165.06,282.09,5.96,27.34,32.15
West Bengal,Kolkata,30-07-2022,366,171.4,246.74,154.19,54.94,170.75
West Bengal,Kolkata,03-08-2022,32,133.41,66.34,104.4,27.73,28.51
West Bengal,Kolkata,05-08-2022,83,10.22,277.69,71.26,0.23,189.75
West Bengal,Kolkata,08-09-2022,170,206.26,361.13,0.71,90.91,40.34
West Bengal,Kolkata,27-09-2022,392,35.28,336.52,138.34,95.47,186.03
West Bengal,Kolkata,16-10-2022,344,137.18,385.47,79.87,31.78,110.83
West Bengal,Kolkata,28-10-2022,250,36.3,28.03,4.49,99.4,64.38
West Bengal,Kolkata,05-11-2022,78,205.99,103.87,175.71,60.6,55.32
West Bengal,Kolkata,06-11-2022,256,162.69,323.92,69.3,14.15,36.07
West Bengal,Kolkata,18-11-2022,352,122.21,45.83,10.21,10.42,189.21
West Bengal,Kolkata,24-11-2022,388,232.075,277.225,67.34,65.88,122.715
West Bengal,Kolkata,25-11-2022,432,91.27,359.21,81.78,80.12,189.36
West Bengal,Kolkata,27-11-2022,260,263.18,399.68,174.69,94.22,70.8
West Bengal,Kolkata,08-12-2022,271,298.24,250.34,19.83,66.9,77.77
West Bengal,Kolkata,15-12-2022,328,290.24,257.25,178.09,51.63,123.81
West Bengal,Kolkata,20-12-2022,97,120.2,161.69,64.43,94.25,79.62
West Bengal,Kolkata,23-12-2022,362,62.9,114.79,107.48,78.82,149.35
West Bengal,Kolkata,25-12-2022,134,192.49,244.01,4.97,5.52,66.15
